Time,Edge ID,Edge Length,NumberOfLane,Lane Name,Jam Length,Density,Mean Speed,Mean Occupancy,Flow,Road State(basedOnJamLength),Road State(basedOnFlow)
06:00:02,L232,82.62,4,"L232_3,L232_2,L232_1,L232_0",0.0,0,-0.0,0.0,0,0,NaN
06:00:04,L232,82.62,4,"L232_3,L232_2,L232_1,L232_0",0.0,0,-0.0,0.0,0,0,NaN
06:00:06,L232,82.62,4,"L232_3,L232_2,L232_1,L232_0",0.0,0,-0.0,0.0,0,0,NaN
06:00:08,L232,82.62,4,"L232_3,L232_2,L232_1,L232_0",0.0,0,-0.0,0.0,0,0,NaN
06:00:10,L232,82.62,4,"L232_3,L232_2,L232_1,L232_0",0.0,0,-0.0,0.0,0,0,NaN
06:00:12,L232,82.62,4,"L232_3,L232_2,L232_1,L232_0",0.0,0,-0.0,0.0,0,0,NaN
06:00:14,L232,82.62,4,"L232_3,L232_2,L232_1,L232_0",0.0,0,-0.0,0.0,0,0,NaN
06:00:16,L232,82.62,4,"L232_3,L232_2,L232_1,L232_0",0.0,0,-0.0,0.0,0,0,NaN
06:00:18,L232,82.62,4,"L232_3,L232_2,L232_1,L232_0",0.0,0,-0.0,0.0,0,0,NaN
06:00:20,L232,82.62,4,"L232_3,L232_2,L232_1,L232_0",0.0,0,-0.0,0.0,0,0,NaN
06:00:22,L232,82.62,4,"L232_3,L232_2,L232_1,L232_0",0.0,0,-0.0,0.0,0,0,NaN
06:00:24,L232,82.62,4,"L232_3,L232_2,L232_1,L232_0",0.0,0,-0.0,0.0,0,0,NaN
06:00:26,L232,82.62,4,"L232_3,L232_2,L232_1,L232_0",0.0,0,-0.0,0.0,0,0,NaN
06:00:28,L232,82.62,4,"L232_3,L232_2,L232_1,L232_0",0.0,0,-0.0,0.0,0,0,NaN
06:00:30,L232,82.62,4,"L232_3,L232_2,L232_1,L232_0",0.0,0,-0.0,0.0,0,0,NaN
06:00:32,L232,82.62,4,"L232_3,L232_2,L232_1,L232_0",0.0,0,-0.0,0.0,0,0,NaN
06:00:34,L232,82.62,4,"L232_3,L232_2,L232_1,L232_0",0.0,0,-0.0,0.0,0,0,NaN
06:00:36,L232,82.62,4,"L232_3,L232_2,L232_1,L232_0",0.0,0,-0.0,0.0,0,0,NaN
06:00:38,L232,82.62,4,"L232_3,L232_2,L232_1,L232_0",0.0,0,-0.0,0.0,0,0,NaN
06:00:40,L232,82.62,4,"L232_3,L232_2,L232_1,L232_0",0.0,0,-0.0,0.0,0,0,NaN
06:00:42,L232,82.62,4,"L232_3,L232_2,L232_1,L232_0",0.0,0,-0.0,0.0,0,0,NaN
06:00:44,L232,82.62,4,"L232_3,L232_2,L232_1,L232_0",0.0,0,-0.0,0.0,0,0,NaN
06:00:46,L232,82.62,4,"L232_3,L232_2,L232_1,L232_0",0.0,0,-0.0,0.0,0,0,NaN
06:00:48,L232,82.62,4,"L232_3,L232_2,L232_1,L232_0",0.0,0,-0.0,0.0,0,0,NaN
06:00:50,L232,82.62,4,"L232_3,L232_2,L232_1,L232_0",0.0,0,-0.0,0.0,0,0,NaN
06:00:52,L232,82.62,4,"L232_3,L232_2,L232_1,L232_0",0.0,0,-0.0,0.0,0,0,NaN
06:00:54,L232,82.62,4,"L232_3,L232_2,L232_1,L232_0",0.0,0,-0.0,0.0,0,0,NaN
06:00:56,L232,82.62,4,"L232_3,L232_2,L232_1,L232_0",0.0,0,-0.0,0.0,0,0,NaN
06:00:58,L232,82.62,4,"L232_3,L232_2,L232_1,L232_0",0.0,0,-0.0,0.0,0,0,NaN
06:01:00,L232,82.62,4,"L232_3,L232_2,L232_1,L232_0",0.0,0,-0.0,0.0,0,0,NaN
06:01:02,L232,82.62,4,"L232_3,L232_2,L232_1,L232_0",0.0,0,-0.0,0.0,0,0,NaN
06:01:04,L232,82.62,4,"L232_3,L232_2,L232_1,L232_0",0.0,0,-0.0,0.0,0,0,NaN
06:01:06,L232,82.62,4,"L232_3,L232_2,L232_1,L232_0",0.0,0,-0.0,0.0,0,0,NaN
06:01:08,L232,82.62,4,"L232_3,L232_2,L232_1,L232_0",0.0,0,-0.0,0.0,0,0,NaN
06:01:10,L232,82.62,4,"L232_3,L232_2,L232_1,L232_0",0.0,0,-0.0,0.0,0,0,NaN
06:01:12,L232,82.62,4,"L232_3,L232_2,L232_1,L232_0",0.0,0,-0.0,0.0,0,0,NaN
06:01:14,L232,82.62,4,"L232_3,L232_2,L232_1,L232_0",0.0,0,-0.0,0.0,0,0,NaN
06:01:16,L232,82.62,4,"L232_3,L232_2,L232_1,L232_0",0.0,0,-0.0,0.0,0,0,NaN
06:01:18,L232,82.62,4,"L232_3,L232_2,L232_1,L232_0",0.0,0,-0.0,0.0,0,0,NaN
06:01:20,L232,82.62,4,"L232_3,L232_2,L232_1,L232_0",0.0,0,-0.0,0.0,0,0,NaN
06:01:22,L232,82.62,4,"L232_3,L232_2,L232_1,L232_0",0.0,0,-0.0,0.0,0,0,NaN
06:01:24,L232,82.62,4,"L232_3,L232_2,L232_1,L232_0",0.0,0,-0.0,0.0,0,0,NaN
06:01:26,L232,82.62,4,"L232_3,L232_2,L232_1,L232_0",0.0,0,-0.0,0.0,0,0,NaN
06:01:28,L232,82.62,4,"L232_3,L232_2,L232_1,L232_0",0.0,0,-0.0,0.0,0,0,NaN
06:01:30,L232,82.62,4,"L232_3,L232_2,L232_1,L232_0",0.0,0,-0.0,0.0,0,0,NaN
06:01:32,L232,82.62,4,"L232_3,L232_2,L232_1,L232_0",0.0,0,-0.0,0.0,0,0,NaN
06:01:34,L232,82.62,4,"L232_3,L232_2,L232_1,L232_0",0.0,0,-0.0,0.0,0,0,NaN
06:01:36,L232,82.62,4,"L232_3,L232_2,L232_1,L232_0",0.0,0,-0.0,0.0,0,0,NaN
06:01:38,L232,82.62,4,"L232_3,L232_2,L232_1,L232_0",0.0,0,-0.0,0.0,0,0,NaN
06:01:40,L232,82.62,4,"L232_3,L232_2,L232_1,L232_0",0.0,0,-0.0,0.0,0,0,NaN
06:01:42,L232,82.62,4,"L232_3,L232_2,L232_1,L232_0",0.0,0,-0.0,0.0,0,0,NaN
06:01:44,L232,82.62,4,"L232_3,L232_2,L232_1,L232_0",0.0,0,-0.0,0.0,0,0,NaN
06:01:46,L232,82.62,4,"L232_3,L232_2,L232_1,L232_0",0.0,0,-0.0,0.0,0,0,NaN
06:01:48,L232,82.62,4,"L232_3,L232_2,L232_1,L232_0",0.0,0,-0.0,0.0,0,0,NaN
06:01:50,L232,82.62,4,"L232_3,L232_2,L232_1,L232_0",0.0,0,-0.0,0.0,0,0,NaN
06:01:52,L232,82.62,4,"L232_3,L232_2,L232_1,L232_0",0.0,0,-0.0,0.0,0,0,NaN
06:01:54,L232,82.62,4,"L232_3,L232_2,L232_1,L232_0",0.0,0,-0.0,0.0,0,0,NaN
06:01:56,L232,82.62,4,"L232_3,L232_2,L232_1,L232_0",0.0,0,-0.0,0.0,0,0,NaN
06:01:58,L232,82.62,4,"L232_3,L232_2,L232_1,L232_0",0.0,0,-0.0,0.0,0,0,NaN
06:02:00,L232,82.62,4,"L232_3,L232_2,L232_1,L232_0",0.0,0,-0.0,0.0,0,0,NaN
06:02:02,L232,82.62,4,"L232_3,L232_2,L232_1,L232_0",0.0,0,-0.0,0.0,0,0,NaN
06:02:04,L232,82.62,4,"L232_3,L232_2,L232_1,L232_0",0.0,0,-0.0,0.0,0,0,NaN
06:02:06,L232,82.62,4,"L232_3,L232_2,L232_1,L232_0",0.0,0,-0.0,0.0,0,0,NaN
06:02:08,L232,82.62,4,"L232_3,L232_2,L232_1,L232_0",0.0,0,-0.0,0.0,0,0,NaN
06:02:10,L232,82.62,4,"L232_3,L232_2,L232_1,L232_0",0.0,0,-0.0,0.0,0,0,NaN
06:02:12,L232,82.62,4,"L232_3,L232_2,L232_1,L232_0",0.0,0,-0.0,0.0,0,0,NaN
06:02:14,L232,82.62,4,"L232_3,L232_2,L232_1,L232_0",0.0,0,-0.0,0.0,0,0,NaN
06:02:16,L232,82.62,4,"L232_3,L232_2,L232_1,L232_0",0.0,0,-0.0,0.0,0,0,NaN
06:02:18,L232,82.62,4,"L232_3,L232_2,L232_1,L232_0",0.0,0,-0.0,0.0,0,0,NaN
06:02:20,L232,82.62,4,"L232_3,L232_2,L232_1,L232_0",0.0,0,-0.0,0.0,0,0,NaN
06:02:22,L232,82.62,4,"L232_3,L232_2,L232_1,L232_0",0.0,0,-0.0,0.0,0,0,NaN
06:02:24,L232,82.62,4,"L232_3,L232_2,L232_1,L232_0",0.0,0,-0.0,0.0,0,0,NaN
06:02:26,L232,82.62,4,"L232_3,L232_2,L232_1,L232_0",0.0,0,-0.0,0.0,0,0,NaN
06:02:28,L232,82.62,4,"L232_3,L232_2,L232_1,L232_0",0.0,0,-0.0,0.0,0,0,NaN
06:02:30,L232,82.62,4,"L232_3,L232_2,L232_1,L232_0",0.0,0,-0.0,0.0,0,0,NaN
06:02:32,L232,82.62,4,"L232_3,L232_2,L232_1,L232_0",0.0,0,-0.0,0.0,0,0,NaN
06:02:34,L232,82.62,4,"L232_3,L232_2,L232_1,L232_0",0.0,0,-0.0,0.0,0,0,NaN
06:02:36,L232,82.62,4,"L232_3,L232_2,L232_1,L232_0",0.0,0,-0.0,0.0,0,0,NaN
06:02:38,L232,82.62,4,"L232_3,L232_2,L232_1,L232_0",0.0,0,-0.0,0.0,0,0,NaN
06:02:40,L232,82.62,4,"L232_3,L232_2,L232_1,L232_0",0.0,0,-0.0,0.0,0,0,NaN
06:02:42,L232,82.62,4,"L232_3,L232_2,L232_1,L232_0",0.0,0,-0.0,0.0,0,0,NaN
06:02:44,L232,82.62,4,"L232_3,L232_2,L232_1,L232_0",0.0,0,-0.0,0.0,0,0,NaN
06:02:46,L232,82.62,4,"L232_3,L232_2,L232_1,L232_0",0.0,0,-0.0,0.0,0,0,NaN
06:02:48,L232,82.62,4,"L232_3,L232_2,L232_1,L232_0",0.0,0,-0.0,0.0,0,0,NaN
06:02:50,L232,82.62,4,"L232_3,L232_2,L232_1,L232_0",0.0,0,-0.0,0.0,0,0,NaN
06:02:52,L232,82.62,4,"L232_3,L232_2,L232_1,L232_0",0.0,0,-0.0,0.0,0,0,NaN
06:02:54,L232,82.62,4,"L232_3,L232_2,L232_1,L232_0",0.0,0,-0.0,0.0,0,0,NaN
06:02:56,L232,82.62,4,"L232_3,L232_2,L232_1,L232_0",0.0,0,-0.0,0.0,0,0,NaN
06:02:58,L232,82.62,4,"L232_3,L232_2,L232_1,L232_0",0.0,0,-0.0,0.0,0,0,NaN
06:03:00,L232,82.62,4,"L232_3,L232_2,L232_1,L232_0",0.0,0,-0.0,0.0,0,0,NaN
06:03:02,L232,82.62,4,"L232_3,L232_2,L232_1,L232_0",0.0,0,-0.0,0.0,0,0,NaN
06:03:04,L232,82.62,4,"L232_3,L232_2,L232_1,L232_0",0.0,0,-0.0,0.0,0,0,NaN
06:03:06,L232,82.62,4,"L232_3,L232_2,L232_1,L232_0",0.0,0,-0.0,0.0,0,0,NaN
06:03:08,L232,82.62,4,"L232_3,L232_2,L232_1,L232_0",0.0,0,-0.0,0.0,0,0,NaN
06:03:10,L232,82.62,4,"L232_3,L232_2,L232_1,L232_0",0.0,0,-0.0,0.0,0,0,NaN
06:03:12,L232,82.62,4,"L232_3,L232_2,L232_1,L232_0",0.0,0,-0.0,0.0,0,0,NaN
06:03:14,L232,82.62,4,"L232_3,L232_2,L232_1,L232_0",0.0,0,-0.0,0.0,0,0,NaN
06:03:16,L232,82.62,4,"L232_3,L232_2,L232_1,L232_0",0.0,0,-0.0,0.0,0,0,NaN
06:03:18,L232,82.62,4,"L232_3,L232_2,L232_1,L232_0",0.0,0,-0.0,0.0,0,0,NaN
06:03:20,L232,82.62,4,"L232_3,L232_2,L232_1,L232_0",0.0,0,-0.0,0.0,0,0,NaN
06:03:22,L232,82.62,4,"L232_3,L232_2,L232_1,L232_0",0.0,0,-0.0,0.0,0,0,NaN
06:03:24,L232,82.62,4,"L232_3,L232_2,L232_1,L232_0",0.0,0,2.905,0.7,0,0,NaN
06:03:26,L232,82.62,4,"L232_3,L232_2,L232_1,L232_0",0.0,0,5.654999999999999,2.0975,0,0,NaN
06:03:28,L232,82.62,4,"L232_3,L232_2,L232_1,L232_0",0.0,0,5.85,2.795,0,0,NaN
06:03:30,L232,82.62,4,"L232_3,L232_2,L232_1,L232_0",0.0,1,8.795,3.495,1,0,NaN
06:03:32,L232,82.62,4,"L232_3,L232_2,L232_1,L232_0",0.0,1,8.6975,2.795,1,0,NaN
06:03:34,L232,82.62,4,"L232_3,L232_2,L232_1,L232_0",0.0,0,6.035,1.3975,0,0,NaN
06:03:36,L232,82.62,4,"L232_3,L232_2,L232_1,L232_0",0.0,0,3.035,1.3975,0,0,NaN
06:03:38,L232,82.62,4,"L232_3,L232_2,L232_1,L232_0",0.0,0,5.935,1.3975,0,0,NaN
06:03:40,L232,82.62,4,"L232_3,L232_2,L232_1,L232_0",0.0,0,2.8825,1.3975,0,0,NaN
06:03:42,L232,82.62,4,"L232_3,L232_2,L232_1,L232_0",0.0,0,5.945,2.795,0,0,NaN
06:03:44,L232,82.62,4,"L232_3,L232_2,L232_1,L232_0",0.0,1,8.845,3.495,1,0,NaN
06:03:46,L232,82.62,4,"L232_3,L232_2,L232_1,L232_0",0.0,0,5.9125,2.795,0,0,NaN
06:03:48,L232,82.62,4,"L232_3,L232_2,L232_1,L232_0",0.0,1,8.93,2.795,1,0,NaN
06:03:50,L232,82.62,4,"L232_3,L232_2,L232_1,L232_0",0.0,0,5.967499999999999,2.0975,0,0,NaN
06:03:52,L232,82.62,4,"L232_3,L232_2,L232_1,L232_0",0.0,0,3.025,1.3975,0,0,NaN
06:03:54,L232,82.62,4,"L232_3,L232_2,L232_1,L232_0",0.0,0,5.815,2.795,0,0,NaN
06:03:56,L232,82.62,4,"L232_3,L232_2,L232_1,L232_0",0.0,0,6.0,1.3975,0,0,NaN
06:03:58,L232,82.62,4,"L232_3,L232_2,L232_1,L232_0",0.0,0,3.0025,1.3975,0,0,NaN
06:04:00,L232,82.62,4,"L232_3,L232_2,L232_1,L232_0",0.0,0,5.855,2.0975,0,0,NaN
06:04:02,L232,82.62,4,"L232_3,L232_2,L232_1,L232_0",0.0,0,5.9675,2.795,0,0,NaN
06:04:04,L232,82.62,4,"L232_3,L232_2,L232_1,L232_0",0.0,0,5.9925,2.795,0,0,NaN
06:04:06,L232,82.62,4,"L232_3,L232_2,L232_1,L232_0",0.0,1,8.785,2.795,1,0,NaN
06:04:08,L232,82.62,4,"L232_3,L232_2,L232_1,L232_0",0.0,0,5.7375,2.0975,0,0,NaN
06:04:10,L232,82.62,4,"L232_3,L232_2,L232_1,L232_0",0.0,0,2.895,1.3975,0,0,NaN
06:04:12,L232,82.62,4,"L232_3,L232_2,L232_1,L232_0",0.0,0,6.165,1.4275,0,0,NaN
06:04:14,L232,82.62,4,"L232_3,L232_2,L232_1,L232_0",0.0,0,5.91,1.3975,0,0,NaN
06:04:16,L232,82.62,4,"L232_3,L232_2,L232_1,L232_0",0.0,0,2.9175,1.3975,0,0,NaN
06:04:18,L232,82.62,4,"L232_3,L232_2,L232_1,L232_0",0.0,0,5.79,2.0975,0,0,NaN
06:04:20,L232,82.62,4,"L232_3,L232_2,L232_1,L232_0",0.0,1,9.0125,2.7975000000000003,1,0,NaN
06:04:22,L232,82.62,4,"L232_3,L232_2,L232_1,L232_0",0.0,0,5.952500000000001,2.795,0,0,NaN
06:04:24,L232,82.62,4,"L232_3,L232_2,L232_1,L232_0",0.0,1,9.01,3.495,1,0,NaN
06:04:26,L232,82.62,4,"L232_3,L232_2,L232_1,L232_0",0.0,1,8.7975,2.795,1,0,NaN
06:04:28,L232,82.62,4,"L232_3,L232_2,L232_1,L232_0",0.0,0,5.9175,1.3975,0,0,NaN
06:04:30,L232,82.62,4,"L232_3,L232_2,L232_1,L232_0",0.0,0,2.915,1.3975,0,0,NaN
06:04:32,L232,82.62,4,"L232_3,L232_2,L232_1,L232_0",0.0,0,5.74,1.3725,0,0,NaN
06:04:34,L232,82.62,4,"L232_3,L232_2,L232_1,L232_0",0.0,0,3.0825,1.3975,0,0,NaN
06:04:36,L232,82.62,4,"L232_3,L232_2,L232_1,L232_0",0.0,0,6.01,2.795,0,0,NaN
06:04:38,L232,82.62,4,"L232_3,L232_2,L232_1,L232_0",0.0,1,8.8775,2.9825,1,0,NaN
06:04:40,L232,82.62,4,"L232_3,L232_2,L232_1,L232_0",0.0,0,5.8775,2.795,0,0,NaN
06:04:42,L232,82.62,4,"L232_3,L232_2,L232_1,L232_0",0.0,0,5.9125,2.0975,0,0,NaN
06:04:44,L232,82.62,4,"L232_3,L232_2,L232_1,L232_0",0.0,0,6.1175,2.5025,0,0,NaN
06:04:46,L232,82.62,4,"L232_3,L232_2,L232_1,L232_0",0.0,0,5.952500000000001,1.3975,0,0,NaN
06:04:48,L232,82.62,4,"L232_3,L232_2,L232_1,L232_0",0.0,0,5.74,1.625,0,0,NaN
06:04:50,L232,82.62,4,"L232_3,L232_2,L232_1,L232_0",0.0,0,5.93,2.0975,0,0,NaN
06:04:52,L232,82.62,4,"L232_3,L232_2,L232_1,L232_0",0.0,0,6.115,2.0975,0,0,NaN
06:04:54,L232,82.62,4,"L232_3,L232_2,L232_1,L232_0",0.0,0,5.78,2.795,0,0,NaN
06:04:56,L232,82.62,4,"L232_3,L232_2,L232_1,L232_0",0.0,0,5.93,1.74,0,0,NaN
06:04:58,L232,82.62,4,"L232_3,L232_2,L232_1,L232_0",0.0,0,5.9775,2.65,0,0,NaN
06:05:00,L232,82.62,4,"L232_3,L232_2,L232_1,L232_0",0.0,1,9.057500000000001,2.6475,1,0,NaN
06:05:02,L232,82.62,4,"L232_3,L232_2,L232_1,L232_0",0.0,0,5.8475,2.795,0,0,NaN
06:05:04,L232,82.62,4,"L232_3,L232_2,L232_1,L232_0",0.0,0,5.9275,2.3175,0,0,NaN
06:05:06,L232,82.62,4,"L232_3,L232_2,L232_1,L232_0",0.0,0,6.039999999999999,0.7,0,0,NaN
06:05:08,L232,82.62,4,"L232_3,L232_2,L232_1,L232_0",0.0,0,-0.0,0.0,0,0,NaN
06:05:10,L232,82.62,4,"L232_3,L232_2,L232_1,L232_0",0.0,0,-0.0,0.0,0,0,NaN
06:05:12,L232,82.62,4,"L232_3,L232_2,L232_1,L232_0",0.0,0,-0.0,0.0,0,0,NaN
06:05:14,L232,82.62,4,"L232_3,L232_2,L232_1,L232_0",0.0,0,-0.0,0.0,0,0,NaN
06:05:16,L232,82.62,4,"L232_3,L232_2,L232_1,L232_0",0.0,0,2.9875,0.7,0,0,NaN
06:05:18,L232,82.62,4,"L232_3,L232_2,L232_1,L232_0",0.0,0,5.985,2.0975,0,0,NaN
06:05:20,L232,82.62,4,"L232_3,L232_2,L232_1,L232_0",0.0,0,5.865,2.795,0,0,NaN
06:05:22,L232,82.62,4,"L232_3,L232_2,L232_1,L232_0",0.0,1,8.445,3.495,1,0,NaN
06:05:24,L232,82.62,4,"L232_3,L232_2,L232_1,L232_0",0.0,1,11.2525,4.1925,1,0,NaN
06:05:26,L232,82.62,4,"L232_3,L232_2,L232_1,L232_0",0.0,1,11.272499999999999,4.1925,1,0,NaN
06:05:28,L232,82.62,4,"L232_3,L232_2,L232_1,L232_0",0.0,1,11.760000000000002,5.5925,1,0,NaN
06:05:30,L232,82.62,4,"L232_3,L232_2,L232_1,L232_0",0.0,1,15.0425,4.8925,1,0,NaN
06:05:32,L232,82.62,4,"L232_3,L232_2,L232_1,L232_0",0.0,1,8.817499999999999,3.495,1,0,NaN
06:05:34,L232,82.62,4,"L232_3,L232_2,L232_1,L232_0",0.0,0,5.8575,2.0975,0,0,NaN
06:05:36,L232,82.62,4,"L232_3,L232_2,L232_1,L232_0",0.0,0,2.92,1.3975,0,0,NaN
06:05:38,L232,82.62,4,"L232_3,L232_2,L232_1,L232_0",0.0,1,8.7425,1.5825,1,0,NaN
06:05:40,L232,82.62,4,"L232_3,L232_2,L232_1,L232_0",0.0,1,8.692499999999999,4.1925,1,0,NaN
06:05:42,L232,82.62,4,"L232_3,L232_2,L232_1,L232_0",0.0,1,11.7375,4.2275,1,0,NaN
06:05:44,L232,82.62,4,"L232_3,L232_2,L232_1,L232_0",0.0,1,11.71,4.8925,1,0,NaN
06:05:46,L232,82.62,4,"L232_3,L232_2,L232_1,L232_0",0.0,1,8.8575,2.7975000000000003,1,0,NaN
06:05:48,L232,82.62,4,"L232_3,L232_2,L232_1,L232_0",0.0,0,5.91,2.59,0,0,NaN
06:05:50,L232,82.62,4,"L232_3,L232_2,L232_1,L232_0",0.0,1,8.942499999999999,2.3000000000000003,1,0,NaN
06:05:52,L232,82.62,4,"L232_3,L232_2,L232_1,L232_0",0.0,0,5.875,2.795,0,0,NaN
06:05:54,L232,82.62,4,"L232_3,L232_2,L232_1,L232_0",0.0,1,8.67,3.7625,1,0,NaN
06:05:56,L232,82.62,4,"L232_3,L232_2,L232_1,L232_0",0.0,1,8.7975,2.795,1,0,NaN
06:05:58,L232,82.62,4,"L232_3,L232_2,L232_1,L232_0",0.0,0,5.825,2.085,0,0,NaN
06:06:00,L232,82.62,4,"L232_3,L232_2,L232_1,L232_0",0.0,0,6.05,1.06,0,0,NaN
06:06:02,L232,82.62,4,"L232_3,L232_2,L232_1,L232_0",0.0,0,2.995,1.3975,0,0,NaN
06:06:04,L232,82.62,4,"L232_3,L232_2,L232_1,L232_0",0.0,0,2.92,1.3975,0,0,NaN
06:06:06,L232,82.62,4,"L232_3,L232_2,L232_1,L232_0",0.0,0,5.825,2.3275,0,0,NaN
06:06:08,L232,82.62,4,"L232_3,L232_2,L232_1,L232_0",0.0,1,8.765,2.63,1,0,NaN
06:06:10,L232,82.62,4,"L232_3,L232_2,L232_1,L232_0",0.0,1,9.11,4.1625,1,0,NaN
06:06:12,L232,82.62,4,"L232_3,L232_2,L232_1,L232_0",0.0,1,11.907500000000002,4.6975,1,0,NaN
06:06:14,L232,82.62,4,"L232_3,L232_2,L232_1,L232_0",0.0,1,11.905000000000001,3.5675,1,0,NaN
06:06:16,L232,82.62,4,"L232_3,L232_2,L232_1,L232_0",0.0,1,8.875,2.0975,1,0,NaN
06:06:18,L232,82.62,4,"L232_3,L232_2,L232_1,L232_0",0.0,0,6.03,2.105,0,0,NaN
06:06:20,L232,82.62,4,"L232_3,L232_2,L232_1,L232_0",0.0,1,11.08,2.815,1,0,NaN
06:06:22,L232,82.62,4,"L232_3,L232_2,L232_1,L232_0",0.0,1,11.23,4.3775,1,0,NaN
06:06:24,L232,82.62,4,"L232_3,L232_2,L232_1,L232_0",0.0,1,11.865,5.5375,1,0,NaN
06:06:26,L232,82.62,4,"L232_3,L232_2,L232_1,L232_0",0.0,2,17.165,5.5925,2,0,NaN
06:06:28,L232,82.62,4,"L232_3,L232_2,L232_1,L232_0",0.0,2,18.092499999999998,7.335,2,0,NaN
06:06:30,L232,82.62,4,"L232_3,L232_2,L232_1,L232_0",0.0,2,17.669999999999998,6.3999999999999995,2,0,NaN
06:06:32,L232,82.62,4,"L232_3,L232_2,L232_1,L232_0",0.0,1,13.1275,6.29,1,0,NaN
06:06:34,L232,82.62,4,"L232_3,L232_2,L232_1,L232_0",0.0,1,13.2275,5.010000000000001,1,0,NaN
06:06:36,L232,82.62,4,"L232_3,L232_2,L232_1,L232_0",0.0,1,13.79,5.5925,1,0,NaN
06:06:38,L232,82.62,4,"L232_3,L232_2,L232_1,L232_0",0.0,1,13.370000000000001,5.16,1,0,NaN
06:06:40,L232,82.62,4,"L232_3,L232_2,L232_1,L232_0",0.0,1,13.0325,4.5875,1,0,NaN
06:06:42,L232,82.62,4,"L232_3,L232_2,L232_1,L232_0",0.0,1,14.55,5.4575,1,0,NaN
06:06:44,L232,82.62,4,"L232_3,L232_2,L232_1,L232_0",0.0,1,14.752500000000001,4.535,1,0,NaN
06:06:46,L232,82.62,4,"L232_3,L232_2,L232_1,L232_0",0.0,1,15.18,5.1325,1,0,NaN
06:06:48,L232,82.62,4,"L232_3,L232_2,L232_1,L232_0",0.0,1,14.6425,4.4325,1,0,NaN
06:06:50,L232,82.62,4,"L232_3,L232_2,L232_1,L232_0",0.0,2,17.502499999999998,5.2075000000000005,2,0,NaN
06:06:52,L232,82.62,4,"L232_3,L232_2,L232_1,L232_0",0.0,1,14.897499999999999,5.0649999999999995,1,0,NaN
06:06:54,L232,82.62,4,"L232_3,L232_2,L232_1,L232_0",0.0,1,14.445,5.5925,1,0,NaN
06:06:56,L232,82.62,4,"L232_3,L232_2,L232_1,L232_0",0.0,2,17.4025,4.6425,2,0,NaN
06:06:58,L232,82.62,4,"L232_3,L232_2,L232_1,L232_0",0.0,1,14.5725,4.5975,1,0,NaN
06:07:00,L232,82.62,4,"L232_3,L232_2,L232_1,L232_0",0.0,1,13.9525,4.845,1,0,NaN
06:07:02,L232,82.62,4,"L232_3,L232_2,L232_1,L232_0",0.0,2,15.25,5.515000000000001,2,0,NaN
06:07:04,L232,82.62,4,"L232_3,L232_2,L232_1,L232_0",0.0,2,14.235,5.3375,2,0,NaN
06:07:06,L232,82.62,4,"L232_3,L232_2,L232_1,L232_0",0.0,2,15.01,6.9875,2,0,NaN
06:07:08,L232,82.62,4,"L232_3,L232_2,L232_1,L232_0",0.0,2,22.0125,9.0875,2,0,NaN
06:07:10,L232,82.62,4,"L232_3,L232_2,L232_1,L232_0",0.0,2,29.16,11.15,2,0,NaN
06:07:12,L232,82.62,4,"L232_3,L232_2,L232_1,L232_0",0.0,2,28.534999999999997,9.42,2,0,NaN
06:07:14,L232,82.62,4,"L232_3,L232_2,L232_1,L232_0",0.0,2,21.252499999999998,7.845,2,0,NaN
06:07:16,L232,82.62,4,"L232_3,L232_2,L232_1,L232_0",0.0,2,17.9525,8.7525,2,0,NaN
06:07:18,L232,82.62,4,"L232_3,L232_2,L232_1,L232_0",0.0,2,16.1675,9.785,2,0,NaN
06:07:20,L232,82.62,4,"L232_3,L232_2,L232_1,L232_0",0.0,2,18.2375,9.805,2,0,NaN
06:07:22,L232,82.62,4,"L232_3,L232_2,L232_1,L232_0",0.0,2,17.8775,10.2925,2,0,NaN
06:07:24,L232,82.62,4,"L232_3,L232_2,L232_1,L232_0",0.0,2,21.05,8.14,2,0,NaN
06:07:26,L232,82.62,4,"L232_3,L232_2,L232_1,L232_0",0.0,3,25.5425,11.0775,3,0,NaN
06:07:28,L232,82.62,4,"L232_3,L232_2,L232_1,L232_0",0.5775,2,22.24,10.7675,2,0,NaN
06:07:30,L232,82.62,4,"L232_3,L232_2,L232_1,L232_0",0.0,3,24.84,12.3,3,0,NaN
06:07:32,L232,82.62,4,"L232_3,L232_2,L232_1,L232_0",0.0,3,23.27,11.7925,3,0,NaN
06:07:34,L232,82.62,4,"L232_3,L232_2,L232_1,L232_0",0.0,3,25.575,9.2675,3,0,NaN
06:07:36,L232,82.62,4,"L232_3,L232_2,L232_1,L232_0",0.0,2,18.867500000000003,9.085,2,0,NaN
06:07:38,L232,82.62,4,"L232_3,L232_2,L232_1,L232_0",0.4925,2,19.435000000000002,9.642499999999998,2,0,NaN
06:07:40,L232,82.62,4,"L232_3,L232_2,L232_1,L232_0",1.1375,2,18.59,9.8525,2,0,NaN
06:07:42,L232,82.62,4,"L232_3,L232_2,L232_1,L232_0",0.0,2,21.897499999999997,12.030000000000001,2,0,NaN
06:07:44,L232,82.62,4,"L232_3,L232_2,L232_1,L232_0",0.5775,3,22.9625,11.9,3,0,NaN
06:07:46,L232,82.62,4,"L232_3,L232_2,L232_1,L232_0",0.0,2,17.035,9.215,2,0,NaN
06:07:48,L232,82.62,4,"L232_3,L232_2,L232_1,L232_0",0.0,2,14.445,7.887499999999999,2,0,NaN
06:07:50,L232,82.62,4,"L232_3,L232_2,L232_1,L232_0",0.0,2,15.307500000000001,5.5925,2,0,NaN
06:07:52,L232,82.62,4,"L232_3,L232_2,L232_1,L232_0",0.0,2,16.705,6.890000000000001,2,0,NaN
06:07:54,L232,82.62,4,"L232_3,L232_2,L232_1,L232_0",0.0,1,10.907499999999999,5.5925,1,0,NaN
06:07:56,L232,82.62,4,"L232_3,L232_2,L232_1,L232_0",0.0,1,10.434999999999999,5.04,1,0,NaN
06:07:58,L232,82.62,4,"L232_3,L232_2,L232_1,L232_0",0.0,1,10.5375,4.73,1,0,NaN
06:08:00,L232,82.62,4,"L232_3,L232_2,L232_1,L232_0",0.0,2,14.3075,6.635,2,0,NaN
06:08:02,L232,82.62,4,"L232_3,L232_2,L232_1,L232_0",0.0,1,14.52,5.8425,1,0,NaN
06:08:04,L232,82.62,4,"L232_3,L232_2,L232_1,L232_0",0.0,1,14.635,5.0225,1,0,NaN
06:08:06,L232,82.62,4,"L232_3,L232_2,L232_1,L232_0",0.0,2,17.8925,6.9475,2,0,NaN
06:08:08,L232,82.62,4,"L232_3,L232_2,L232_1,L232_0",0.0,2,18.842499999999998,5.744999999999999,2,0,NaN
06:08:10,L232,82.62,4,"L232_3,L232_2,L232_1,L232_0",0.0,1,11.275,4.8925,1,0,NaN
06:08:12,L232,82.62,4,"L232_3,L232_2,L232_1,L232_0",0.0,1,14.285,4.5025,1,0,NaN
06:08:14,L232,82.62,4,"L232_3,L232_2,L232_1,L232_0",0.0,1,13.65,4.7775,1,0,NaN
06:08:16,L232,82.62,4,"L232_3,L232_2,L232_1,L232_0",0.0,1,11.6575,4.1925,1,0,NaN
06:08:18,L232,82.62,4,"L232_3,L232_2,L232_1,L232_0",0.0,1,10.795,4.88,1,0,NaN
06:08:20,L232,82.62,4,"L232_3,L232_2,L232_1,L232_0",0.0,2,16.3525,5.595,2,0,NaN
06:08:22,L232,82.62,4,"L232_3,L232_2,L232_1,L232_0",0.0,1,14.000000000000002,5.9725,1,0,NaN
06:08:24,L232,82.62,4,"L232_3,L232_2,L232_1,L232_0",0.0,2,16.557499999999997,7.095,2,0,NaN
06:08:26,L232,82.62,4,"L232_3,L232_2,L232_1,L232_0",0.0,2,14.932500000000001,5.5025,2,0,NaN
06:08:28,L232,82.62,4,"L232_3,L232_2,L232_1,L232_0",0.0,2,15.270000000000001,6.57,2,0,NaN
06:08:30,L232,82.62,4,"L232_3,L232_2,L232_1,L232_0",0.0,2,15.024999999999999,7.072500000000001,2,0,NaN
06:08:32,L232,82.62,4,"L232_3,L232_2,L232_1,L232_0",0.0,2,15.622499999999999,8.9475,2,0,NaN
06:08:34,L232,82.62,4,"L232_3,L232_2,L232_1,L232_0",0.0,2,17.3075,7.69,2,0,NaN
06:08:36,L232,82.62,4,"L232_3,L232_2,L232_1,L232_0",0.0,2,15.6975,6.5725,2,0,NaN
06:08:38,L232,82.62,4,"L232_3,L232_2,L232_1,L232_0",0.0,1,9.115,4.2025,1,0,NaN
06:08:40,L232,82.62,4,"L232_3,L232_2,L232_1,L232_0",0.0,2,10.575,5.32,2,0,NaN
06:08:42,L232,82.62,4,"L232_3,L232_2,L232_1,L232_0",0.0,1,11.27,6.315,1,0,NaN
06:08:44,L232,82.62,4,"L232_3,L232_2,L232_1,L232_0",0.0,2,15.6875,6.485,2,0,NaN
06:08:46,L232,82.62,4,"L232_3,L232_2,L232_1,L232_0",0.0,2,16.0525,6.0175,2,0,NaN
06:08:48,L232,82.62,4,"L232_3,L232_2,L232_1,L232_0",0.0,1,10.6025,5.444999999999999,1,0,NaN
06:08:50,L232,82.62,4,"L232_3,L232_2,L232_1,L232_0",0.0,2,11.770000000000001,3.86,2,0,NaN
06:08:52,L232,82.62,4,"L232_3,L232_2,L232_1,L232_0",0.0,2,10.9,5.277500000000001,2,0,NaN
06:08:54,L232,82.62,4,"L232_3,L232_2,L232_1,L232_0",0.0,1,10.565,6.755,1,0,NaN
06:08:56,L232,82.62,4,"L232_3,L232_2,L232_1,L232_0",0.0,2,17.372500000000002,6.845,2,0,NaN
06:08:58,L232,82.62,4,"L232_3,L232_2,L232_1,L232_0",0.0,2,16.0675,6.0725,2,0,NaN
06:09:00,L232,82.62,4,"L232_3,L232_2,L232_1,L232_0",0.0,2,15.74,5.3975,2,0,NaN
06:09:02,L232,82.62,4,"L232_3,L232_2,L232_1,L232_0",0.0,1,9.21,5.5925,1,0,NaN
06:09:04,L232,82.62,4,"L232_3,L232_2,L232_1,L232_0",0.0,2,16.33,6.63,2,0,NaN
06:09:06,L232,82.62,4,"L232_3,L232_2,L232_1,L232_0",0.0,2,17.442500000000003,6.69,2,0,NaN
06:09:08,L232,82.62,4,"L232_3,L232_2,L232_1,L232_0",0.0,1,13.100000000000001,5.5925,1,0,NaN
06:09:10,L232,82.62,4,"L232_3,L232_2,L232_1,L232_0",0.0,2,22.14,8.3975,2,0,NaN
06:09:12,L232,82.62,4,"L232_3,L232_2,L232_1,L232_0",0.0,2,21.53,8.447500000000002,2,0,NaN
06:09:14,L232,82.62,4,"L232_3,L232_2,L232_1,L232_0",0.0,2,19.3475,7.83,2,0,NaN
06:09:16,L232,82.62,4,"L232_3,L232_2,L232_1,L232_0",0.0,2,25.765,7.4475,2,0,NaN
06:09:18,L232,82.62,4,"L232_3,L232_2,L232_1,L232_0",0.0,2,20.8125,6.71,2,0,NaN
06:09:20,L232,82.62,4,"L232_3,L232_2,L232_1,L232_0",0.0,2,23.575,7.49,2,0,NaN
06:09:22,L232,82.62,4,"L232_3,L232_2,L232_1,L232_0",0.0,2,23.05,7.58,2,0,NaN
06:09:24,L232,82.62,4,"L232_3,L232_2,L232_1,L232_0",0.0,2,21.32,7.015000000000001,2,0,NaN
06:09:26,L232,82.62,4,"L232_3,L232_2,L232_1,L232_0",0.0,2,13.072500000000002,8.3875,2,0,NaN
06:09:28,L232,82.62,4,"L232_3,L232_2,L232_1,L232_0",0.0,2,14.2775,7.242500000000001,2,0,NaN
06:09:30,L232,82.62,4,"L232_3,L232_2,L232_1,L232_0",0.0,2,15.525,7.1375,2,0,NaN
06:09:32,L232,82.62,4,"L232_3,L232_2,L232_1,L232_0",0.0,2,16.875,7.225,2,0,NaN
06:09:34,L232,82.62,4,"L232_3,L232_2,L232_1,L232_0",0.0,2,13.66,7.3975,2,0,NaN
06:09:36,L232,82.62,4,"L232_3,L232_2,L232_1,L232_0",0.0,2,9.0275,6.9875,2,0,NaN
06:09:38,L232,82.62,4,"L232_3,L232_2,L232_1,L232_0",0.0,2,15.105,9.11,2,0,NaN
06:09:40,L232,82.62,4,"L232_3,L232_2,L232_1,L232_0",0.0,2,14.7125,8.5275,2,0,NaN
06:09:42,L232,82.62,4,"L232_3,L232_2,L232_1,L232_0",0.0,2,19.79,8.7575,2,0,NaN
06:09:44,L232,82.62,4,"L232_3,L232_2,L232_1,L232_0",0.0,2,15.117500000000001,7.385,2,0,NaN
06:09:46,L232,82.62,4,"L232_3,L232_2,L232_1,L232_0",0.0,2,11.605,7.5575,2,0,NaN
06:09:48,L232,82.62,4,"L232_3,L232_2,L232_1,L232_0",0.0,2,16.862499999999997,8.9425,2,0,NaN
06:09:50,L232,82.62,4,"L232_3,L232_2,L232_1,L232_0",0.5775,2,15.0425,9.2625,2,0,NaN
06:09:52,L232,82.62,4,"L232_3,L232_2,L232_1,L232_0",0.435,2,14.3875,10.6475,2,0,NaN
06:09:54,L232,82.62,4,"L232_3,L232_2,L232_1,L232_0",0.5775,2,13.695,10.7775,2,0,NaN
06:09:56,L232,82.62,4,"L232_3,L232_2,L232_1,L232_0",0.0,3,19.1025,9.829999999999998,3,0,NaN
06:09:58,L232,82.62,4,"L232_3,L232_2,L232_1,L232_0",0.0,2,15.035,10.290000000000001,2,0,NaN
06:10:00,L232,82.62,4,"L232_3,L232_2,L232_1,L232_0",1.155,2,13.8575,10.98,2,0,NaN
06:10:02,L232,82.62,4,"L232_3,L232_2,L232_1,L232_0",0.5775,3,17.892500000000002,11.059999999999999,3,0,NaN
06:10:04,L232,82.62,4,"L232_3,L232_2,L232_1,L232_0",0.0,3,17.545,12.0075,3,0,NaN
06:10:06,L232,82.62,4,"L232_3,L232_2,L232_1,L232_0",2.085,3,19.9625,11.872500000000002,3,0,NaN
06:10:08,L232,82.62,4,"L232_3,L232_2,L232_1,L232_0",0.0,2,18.075,10.91,2,0,NaN
06:10:10,L232,82.62,4,"L232_3,L232_2,L232_1,L232_0",0.44,3,19.73,11.4575,3,0,NaN
06:10:12,L232,82.62,4,"L232_3,L232_2,L232_1,L232_0",0.5,3,22.240000000000002,11.489999999999998,3,0,NaN
06:10:14,L232,82.62,4,"L232_3,L232_2,L232_1,L232_0",0.5775,2,14.747499999999999,10.3475,2,0,NaN
06:10:16,L232,82.62,4,"L232_3,L232_2,L232_1,L232_0",1.07,2,17.4275,11.0075,2,0,NaN
06:10:18,L232,82.62,4,"L232_3,L232_2,L232_1,L232_0",0.5775,2,14.56,11.155000000000001,2,0,NaN
06:10:20,L232,82.62,4,"L232_3,L232_2,L232_1,L232_0",1.0025,2,17.197499999999998,10.4375,2,0,NaN
06:10:22,L232,82.62,4,"L232_3,L232_2,L232_1,L232_0",0.0,2,16.9125,8.3875,2,0,NaN
06:10:24,L232,82.62,4,"L232_3,L232_2,L232_1,L232_0",0.0,2,16.8525,7.8375,2,0,NaN
06:10:26,L232,82.62,4,"L232_3,L232_2,L232_1,L232_0",0.5775,2,9.9775,7.597499999999999,2,0,NaN
06:10:28,L232,82.62,4,"L232_3,L232_2,L232_1,L232_0",0.0,2,12.362499999999999,7.4775,2,0,NaN
06:10:30,L232,82.62,4,"L232_3,L232_2,L232_1,L232_0",0.0,2,14.357499999999998,6.5675,2,0,NaN
06:10:32,L232,82.62,4,"L232_3,L232_2,L232_1,L232_0",0.0,1,7.237500000000001,4.195,1,0,NaN
06:10:34,L232,82.62,4,"L232_3,L232_2,L232_1,L232_0",0.0,1,10.23,3.9025,1,0,NaN
06:10:36,L232,82.62,4,"L232_3,L232_2,L232_1,L232_0",0.0,1,9.81,4.195,1,0,NaN
06:10:38,L232,82.62,4,"L232_3,L232_2,L232_1,L232_0",0.0,1,12.5375,5.5925,1,0,NaN
06:10:40,L232,82.62,4,"L232_3,L232_2,L232_1,L232_0",0.0,2,15.427500000000002,4.8950000000000005,2,0,NaN
06:10:42,L232,82.62,4,"L232_3,L232_2,L232_1,L232_0",0.0,2,14.612499999999997,6.5525,2,0,NaN
06:10:44,L232,82.62,4,"L232_3,L232_2,L232_1,L232_0",0.0,1,12.785,6.16,1,0,NaN
06:10:46,L232,82.62,4,"L232_3,L232_2,L232_1,L232_0",0.0,2,18.279999999999998,7.13,2,0,NaN
06:10:48,L232,82.62,4,"L232_3,L232_2,L232_1,L232_0",0.0,2,20.0975,6.7124999999999995,2,0,NaN
06:10:50,L232,82.62,4,"L232_3,L232_2,L232_1,L232_0",0.0,2,16.6975,5.3675,2,0,NaN
06:10:52,L232,82.62,4,"L232_3,L232_2,L232_1,L232_0",0.0,2,17.57,6.49,2,0,NaN
06:10:54,L232,82.62,4,"L232_3,L232_2,L232_1,L232_0",0.0,2,15.1675,6.8725,2,0,NaN
06:10:56,L232,82.62,4,"L232_3,L232_2,L232_1,L232_0",0.0,2,16.522499999999997,5.8625,2,0,NaN
06:10:58,L232,82.62,4,"L232_3,L232_2,L232_1,L232_0",0.0,2,14.7275,6.6625,2,0,NaN
06:11:00,L232,82.62,4,"L232_3,L232_2,L232_1,L232_0",0.0,2,22.995,7.5175,2,0,NaN
06:11:02,L232,82.62,4,"L232_3,L232_2,L232_1,L232_0",0.0,2,19.3125,7.665,2,0,NaN
06:11:04,L232,82.62,4,"L232_3,L232_2,L232_1,L232_0",0.0,2,17.322499999999998,8.07,2,0,NaN
06:11:06,L232,82.62,4,"L232_3,L232_2,L232_1,L232_0",0.0,2,12.5975,7.5775,2,0,NaN
06:11:08,L232,82.62,4,"L232_3,L232_2,L232_1,L232_0",0.0,2,15.88,6.85,2,0,NaN
06:11:10,L232,82.62,4,"L232_3,L232_2,L232_1,L232_0",0.0,2,22.634999999999998,9.2,2,0,NaN
06:11:12,L232,82.62,4,"L232_3,L232_2,L232_1,L232_0",0.0,2,23.19,10.21,2,0,NaN
06:11:14,L232,82.62,4,"L232_3,L232_2,L232_1,L232_0",0.0,2,18.725,9.965000000000002,2,0,NaN
06:11:16,L232,82.62,4,"L232_3,L232_2,L232_1,L232_0",0.0,2,18.5075,9.190000000000001,2,0,NaN
06:11:18,L232,82.62,4,"L232_3,L232_2,L232_1,L232_0",0.0,2,14.7075,7.5525,2,0,NaN
06:11:20,L232,82.62,4,"L232_3,L232_2,L232_1,L232_0",0.0,2,13.159999999999998,5.9075,2,0,NaN
06:11:22,L232,82.62,4,"L232_3,L232_2,L232_1,L232_0",0.0,1,6.97,4.4325,1,0,NaN
06:11:24,L232,82.62,4,"L232_3,L232_2,L232_1,L232_0",0.0,1,10.425,6.29,1,0,NaN
06:11:26,L232,82.62,4,"L232_3,L232_2,L232_1,L232_0",0.0,1,9.25,4.195,1,0,NaN
06:11:28,L232,82.62,4,"L232_3,L232_2,L232_1,L232_0",0.0,2,15.584999999999999,5.2775,2,0,NaN
06:11:30,L232,82.62,4,"L232_3,L232_2,L232_1,L232_0",0.0,1,13.07,5.195,1,0,NaN
06:11:32,L232,82.62,4,"L232_3,L232_2,L232_1,L232_0",0.0,2,14.52,5.275,2,0,NaN
06:11:34,L232,82.62,4,"L232_3,L232_2,L232_1,L232_0",0.0,2,14.6875,5.095,2,0,NaN
06:11:36,L232,82.62,4,"L232_3,L232_2,L232_1,L232_0",0.0,1,10.4875,4.98,1,0,NaN
06:11:38,L232,82.62,4,"L232_3,L232_2,L232_1,L232_0",0.0,1,11.345,5.24,1,0,NaN
06:11:40,L232,82.62,4,"L232_3,L232_2,L232_1,L232_0",0.0,1,10.850000000000001,6.6325,1,0,NaN
06:11:42,L232,82.62,4,"L232_3,L232_2,L232_1,L232_0",0.0,2,16.115,5.8975,2,0,NaN
06:11:44,L232,82.62,4,"L232_3,L232_2,L232_1,L232_0",0.0,2,14.79,6.2925,2,0,NaN
06:11:46,L232,82.62,4,"L232_3,L232_2,L232_1,L232_0",0.0,2,16.4025,5.7175,2,0,NaN
06:11:48,L232,82.62,4,"L232_3,L232_2,L232_1,L232_0",0.0,1,14.440000000000001,5.085,1,0,NaN
06:11:50,L232,82.62,4,"L232_3,L232_2,L232_1,L232_0",0.0,1,13.7075,4.8675,1,0,NaN
06:11:52,L232,82.62,4,"L232_3,L232_2,L232_1,L232_0",0.0,2,15.175,5.47,2,0,NaN
06:11:54,L232,82.62,4,"L232_3,L232_2,L232_1,L232_0",0.0,2,16.5725,5.5375,2,0,NaN
06:11:56,L232,82.62,4,"L232_3,L232_2,L232_1,L232_0",0.0,2,19.9825,6.43,2,0,NaN
06:11:58,L232,82.62,4,"L232_3,L232_2,L232_1,L232_0",0.0,1,13.06,5.5925,1,0,NaN
06:12:00,L232,82.62,4,"L232_3,L232_2,L232_1,L232_0",0.0,1,12.219999999999999,5.4275,1,0,NaN
06:12:02,L232,82.62,4,"L232_3,L232_2,L232_1,L232_0",0.0,2,15.0025,6.685,2,0,NaN
06:12:04,L232,82.62,4,"L232_3,L232_2,L232_1,L232_0",0.0,2,17.8,8.0425,2,0,NaN
06:12:06,L232,82.62,4,"L232_3,L232_2,L232_1,L232_0",0.0,2,17.3175,8.0825,2,0,NaN
06:12:08,L232,82.62,4,"L232_3,L232_2,L232_1,L232_0",0.0,2,16.915,7.365,2,0,NaN
06:12:10,L232,82.62,4,"L232_3,L232_2,L232_1,L232_0",0.0,2,19.689999999999998,5.8375,2,0,NaN
06:12:12,L232,82.62,4,"L232_3,L232_2,L232_1,L232_0",0.0,2,17.1,5.8625,2,0,NaN
06:12:14,L232,82.62,4,"L232_3,L232_2,L232_1,L232_0",0.0,2,18.1225,7.62,2,0,NaN
06:12:16,L232,82.62,4,"L232_3,L232_2,L232_1,L232_0",0.0,2,17.405,6.4875,2,0,NaN
06:12:18,L232,82.62,4,"L232_3,L232_2,L232_1,L232_0",0.0,1,12.002500000000001,6.29,1,0,NaN
06:12:20,L232,82.62,4,"L232_3,L232_2,L232_1,L232_0",0.0,2,13.985,5.71,2,0,NaN
06:12:22,L232,82.62,4,"L232_3,L232_2,L232_1,L232_0",0.0,2,13.162500000000001,5.07,2,0,NaN
06:12:24,L232,82.62,4,"L232_3,L232_2,L232_1,L232_0",0.0,1,8.25,5.255,1,0,NaN
06:12:26,L232,82.62,4,"L232_3,L232_2,L232_1,L232_0",0.0,2,10.879999999999999,4.5375,2,0,NaN
06:12:28,L232,82.62,4,"L232_3,L232_2,L232_1,L232_0",0.0,1,5.550000000000001,4.1525,1,0,NaN
06:12:30,L232,82.62,4,"L232_3,L232_2,L232_1,L232_0",0.0,2,16.315,7.025,2,0,NaN
06:12:32,L232,82.62,4,"L232_3,L232_2,L232_1,L232_0",0.0,2,16.35,9.0875,2,0,NaN
06:12:34,L232,82.62,4,"L232_3,L232_2,L232_1,L232_0",0.0,2,22.6625,10.067499999999999,2,0,NaN
06:12:36,L232,82.62,4,"L232_3,L232_2,L232_1,L232_0",0.0,2,22.770000000000003,8.3125,2,0,NaN
06:12:38,L232,82.62,4,"L232_3,L232_2,L232_1,L232_0",0.0,2,19.700000000000003,7.9925,2,0,NaN
06:12:40,L232,82.62,4,"L232_3,L232_2,L232_1,L232_0",0.0,2,20.192500000000003,7.1375,2,0,NaN
06:12:42,L232,82.62,4,"L232_3,L232_2,L232_1,L232_0",0.0,2,24.4225,8.432500000000001,2,0,NaN
06:12:44,L232,82.62,4,"L232_3,L232_2,L232_1,L232_0",0.0,2,21.952499999999997,10.4825,2,0,NaN
06:12:46,L232,82.62,4,"L232_3,L232_2,L232_1,L232_0",0.0,2,20.869999999999997,9.3375,2,0,NaN
06:12:48,L232,82.62,4,"L232_3,L232_2,L232_1,L232_0",0.0,2,14.5975,9.5275,2,0,NaN
06:12:50,L232,82.62,4,"L232_3,L232_2,L232_1,L232_0",0.5775,2,13.36,8.9575,2,0,NaN
06:12:52,L232,82.62,4,"L232_3,L232_2,L232_1,L232_0",0.9225,2,15.110000000000001,10.682500000000001,2,0,NaN
06:12:54,L232,82.62,4,"L232_3,L232_2,L232_1,L232_0",0.5775,3,22.2475,9.954999999999998,3,0,NaN
06:12:56,L232,82.62,4,"L232_3,L232_2,L232_1,L232_0",0.0,2,18.1725,11.325,2,0,NaN
06:12:58,L232,82.62,4,"L232_3,L232_2,L232_1,L232_0",0.0,2,17.2275,10.96,2,0,NaN
06:13:00,L232,82.62,4,"L232_3,L232_2,L232_1,L232_0",0.0,2,14.754999999999999,11.035,2,0,NaN
06:13:02,L232,82.62,4,"L232_3,L232_2,L232_1,L232_0",0.5775,3,15.045000000000002,10.305,3,0,NaN
06:13:04,L232,82.62,4,"L232_3,L232_2,L232_1,L232_0",0.455,2,12.8375,7.3549999999999995,2,0,NaN
06:13:06,L232,82.62,4,"L232_3,L232_2,L232_1,L232_0",0.0,2,10.8275,6.2325,2,0,NaN
06:13:08,L232,82.62,4,"L232_3,L232_2,L232_1,L232_0",0.0,2,12.9275,7.555,2,0,NaN
06:13:10,L232,82.62,4,"L232_3,L232_2,L232_1,L232_0",0.0,2,12.445,7.705,2,0,NaN
06:13:12,L232,82.62,4,"L232_3,L232_2,L232_1,L232_0",0.0,2,14.8675,7.07,2,0,NaN
06:13:14,L232,82.62,4,"L232_3,L232_2,L232_1,L232_0",0.0,2,13.059999999999999,5.415,2,0,NaN
06:13:16,L232,82.62,4,"L232_3,L232_2,L232_1,L232_0",0.0,2,11.525,5.9925,2,0,NaN
06:13:18,L232,82.62,4,"L232_3,L232_2,L232_1,L232_0",0.0,1,10.825,4.195,1,0,NaN
06:13:20,L232,82.62,4,"L232_3,L232_2,L232_1,L232_0",0.0,2,12.2975,5.995,2,0,NaN
06:13:22,L232,82.62,4,"L232_3,L232_2,L232_1,L232_0",0.0,1,11.85,5.5925,1,0,NaN
06:13:24,L232,82.62,4,"L232_3,L232_2,L232_1,L232_0",0.0,2,14.1725,6.945,2,0,NaN
06:13:26,L232,82.62,4,"L232_3,L232_2,L232_1,L232_0",0.0,1,12.5725,5.8375,1,0,NaN
06:13:28,L232,82.62,4,"L232_3,L232_2,L232_1,L232_0",0.0,2,12.6525,5.395,2,0,NaN
06:13:30,L232,82.62,4,"L232_3,L232_2,L232_1,L232_0",0.0,1,11.5175,5.63,1,0,NaN
06:13:32,L232,82.62,4,"L232_3,L232_2,L232_1,L232_0",0.0,2,12.3825,5.1525,2,0,NaN
06:13:34,L232,82.62,4,"L232_3,L232_2,L232_1,L232_0",0.0,1,9.6225,4.385,1,0,NaN
06:13:36,L232,82.62,4,"L232_3,L232_2,L232_1,L232_0",0.0,1,8.4575,4.510000000000001,1,0,NaN
06:13:38,L232,82.62,4,"L232_3,L232_2,L232_1,L232_0",0.0,1,8.462499999999999,4.6075,1,0,NaN
06:13:40,L232,82.62,4,"L232_3,L232_2,L232_1,L232_0",0.0,1,9.3375,5.475,1,0,NaN
06:13:42,L232,82.62,4,"L232_3,L232_2,L232_1,L232_0",0.0,2,19.060000000000002,9.4725,2,0,NaN
06:13:44,L232,82.62,4,"L232_3,L232_2,L232_1,L232_0",0.0,2,20.98,9.4775,2,0,NaN
06:13:46,L232,82.62,4,"L232_3,L232_2,L232_1,L232_0",0.0,2,18.81,9.65,2,0,NaN
06:13:48,L232,82.62,4,"L232_3,L232_2,L232_1,L232_0",0.0,2,21.2275,6.705,2,0,NaN
06:13:50,L232,82.62,4,"L232_3,L232_2,L232_1,L232_0",0.0,2,16.122500000000002,6.765000000000001,2,0,NaN
06:13:52,L232,82.62,4,"L232_3,L232_2,L232_1,L232_0",0.0,2,16.05,9.010000000000002,2,0,NaN
06:13:54,L232,82.62,4,"L232_3,L232_2,L232_1,L232_0",0.0,2,17.8075,7.99,2,0,NaN
06:13:56,L232,82.62,4,"L232_3,L232_2,L232_1,L232_0",0.0,2,21.7825,9.04,2,0,NaN
06:13:58,L232,82.62,4,"L232_3,L232_2,L232_1,L232_0",0.0,2,17.1575,7.955,2,0,NaN
06:14:00,L232,82.62,4,"L232_3,L232_2,L232_1,L232_0",0.0,2,19.0875,7.6475,2,0,NaN
06:14:02,L232,82.62,4,"L232_3,L232_2,L232_1,L232_0",0.0,2,16.490000000000002,7.87,2,0,NaN
06:14:04,L232,82.62,4,"L232_3,L232_2,L232_1,L232_0",0.0,2,15.145000000000001,7.07,2,0,NaN
06:14:06,L232,82.62,4,"L232_3,L232_2,L232_1,L232_0",0.0,2,18.154999999999998,7.95,2,0,NaN
06:14:08,L232,82.62,4,"L232_3,L232_2,L232_1,L232_0",0.0,2,11.7125,8.015,2,0,NaN
06:14:10,L232,82.62,4,"L232_3,L232_2,L232_1,L232_0",0.0,2,11.83,8.4525,2,0,NaN
06:14:12,L232,82.62,4,"L232_3,L232_2,L232_1,L232_0",0.0,2,11.237499999999999,9.785,2,0,NaN
06:14:14,L232,82.62,4,"L232_3,L232_2,L232_1,L232_0",0.0,2,16.045,10.66,2,0,NaN
06:14:16,L232,82.62,4,"L232_3,L232_2,L232_1,L232_0",1.0725,2,16.265,11.530000000000001,2,0,NaN
06:14:18,L232,82.62,4,"L232_3,L232_2,L232_1,L232_0",0.0,3,20.3425,10.302500000000002,3,0,NaN
06:14:20,L232,82.62,4,"L232_3,L232_2,L232_1,L232_0",0.0,3,21.895,10.4625,3,0,NaN
06:14:22,L232,82.62,4,"L232_3,L232_2,L232_1,L232_0",0.5775,3,22.4775,11.685000000000002,3,0,NaN
06:14:24,L232,82.62,4,"L232_3,L232_2,L232_1,L232_0",0.0,3,22.62,11.0775,3,0,NaN
06:14:26,L232,82.62,4,"L232_3,L232_2,L232_1,L232_0",0.0,2,19.252499999999998,10.4225,2,0,NaN
06:14:28,L232,82.62,4,"L232_3,L232_2,L232_1,L232_0",1.0775,2,15.892499999999998,12.290000000000001,2,0,NaN
06:14:30,L232,82.62,4,"L232_3,L232_2,L232_1,L232_0",1.155,2,15.6075,11.1825,2,0,NaN
06:14:32,L232,82.62,4,"L232_3,L232_2,L232_1,L232_0",0.0,2,16.6875,10.850000000000001,2,0,NaN
06:14:34,L232,82.62,4,"L232_3,L232_2,L232_1,L232_0",0.5775,3,20.1125,10.760000000000002,3,0,NaN
06:14:36,L232,82.62,4,"L232_3,L232_2,L232_1,L232_0",0.0,2,13.46,11.2375,2,0,NaN
06:14:38,L232,82.62,4,"L232_3,L232_2,L232_1,L232_0",0.875,2,18.8925,10.07,2,0,NaN
06:14:40,L232,82.62,4,"L232_3,L232_2,L232_1,L232_0",0.0,2,20.58,9.925,2,0,NaN
06:14:42,L232,82.62,4,"L232_3,L232_2,L232_1,L232_0",0.0,2,23.300000000000004,9.4375,2,0,NaN
06:14:44,L232,82.62,4,"L232_3,L232_2,L232_1,L232_0",0.0,2,16.6025,9.170000000000002,2,0,NaN
06:14:46,L232,82.62,4,"L232_3,L232_2,L232_1,L232_0",0.0,2,17.7775,8.815,2,0,NaN
06:14:48,L232,82.62,4,"L232_3,L232_2,L232_1,L232_0",0.0,2,14.55,9.55,2,0,NaN
06:14:50,L232,82.62,4,"L232_3,L232_2,L232_1,L232_0",0.0,2,15.087499999999999,9.634999999999998,2,0,NaN
06:14:52,L232,82.62,4,"L232_3,L232_2,L232_1,L232_0",0.0,2,14.735,9.645,2,0,NaN
06:14:54,L232,82.62,4,"L232_3,L232_2,L232_1,L232_0",0.5775,2,13.560000000000002,9.8675,2,0,NaN
06:14:56,L232,82.62,4,"L232_3,L232_2,L232_1,L232_0",0.0,2,16.675,11.207500000000001,2,0,NaN
06:14:58,L232,82.62,4,"L232_3,L232_2,L232_1,L232_0",0.0,2,18.16,11.3025,2,0,NaN
06:15:00,L232,82.62,4,"L232_3,L232_2,L232_1,L232_0",0.0,2,15.1325,9.4125,2,0,NaN
06:15:02,L232,82.62,4,"L232_3,L232_2,L232_1,L232_0",0.0,2,15.5,9.295,2,0,NaN
06:15:04,L232,82.62,4,"L232_3,L232_2,L232_1,L232_0",0.5775,2,10.920000000000002,9.5075,2,0,NaN
06:15:06,L232,82.62,4,"L232_3,L232_2,L232_1,L232_0",2.11,2,10.825,10.965,2,0,NaN
06:15:08,L232,82.62,4,"L232_3,L232_2,L232_1,L232_0",0.0,2,19.277500000000003,9.175,2,0,NaN
06:15:10,L232,82.62,4,"L232_3,L232_2,L232_1,L232_0",0.0,2,17.69,9.155000000000001,2,0,NaN
06:15:12,L232,82.62,4,"L232_3,L232_2,L232_1,L232_0",0.0,2,21.114999999999995,10.747499999999999,2,0,NaN
06:15:14,L232,82.62,4,"L232_3,L232_2,L232_1,L232_0",0.0,3,25.12,11.2275,3,0,NaN
06:15:16,L232,82.62,4,"L232_3,L232_2,L232_1,L232_0",0.0,2,23.035,11.73,2,0,NaN
06:15:18,L232,82.62,4,"L232_3,L232_2,L232_1,L232_0",0.0,2,25.717499999999998,10.8825,2,0,NaN
06:15:20,L232,82.62,4,"L232_3,L232_2,L232_1,L232_0",0.0,2,19.65,8.96,2,0,NaN
06:15:22,L232,82.62,4,"L232_3,L232_2,L232_1,L232_0",0.0,2,19.28,8.86,2,0,NaN
06:15:24,L232,82.62,4,"L232_3,L232_2,L232_1,L232_0",0.0,2,15.3325,7.1525,2,0,NaN
06:15:26,L232,82.62,4,"L232_3,L232_2,L232_1,L232_0",0.0,2,14.344999999999999,6.9975000000000005,2,0,NaN
06:15:28,L232,82.62,4,"L232_3,L232_2,L232_1,L232_0",0.0,2,15.8025,5.8025,2,0,NaN
06:15:30,L232,82.62,4,"L232_3,L232_2,L232_1,L232_0",0.0,1,8.875,5.12,1,0,NaN
06:15:32,L232,82.62,4,"L232_3,L232_2,L232_1,L232_0",0.0,1,10.645,5.5925,1,0,NaN
06:15:34,L232,82.62,4,"L232_3,L232_2,L232_1,L232_0",0.0,2,15.5075,5.1899999999999995,2,0,NaN
06:15:36,L232,82.62,4,"L232_3,L232_2,L232_1,L232_0",0.0,1,14.112499999999999,5.5925,1,0,NaN
06:15:38,L232,82.62,4,"L232_3,L232_2,L232_1,L232_0",0.0,1,12.957500000000001,5.7225,1,0,NaN
06:15:40,L232,82.62,4,"L232_3,L232_2,L232_1,L232_0",0.0,1,11.635000000000002,5.092499999999999,1,0,NaN
06:15:42,L232,82.62,4,"L232_3,L232_2,L232_1,L232_0",0.0,1,10.067499999999999,4.6,1,0,NaN
06:15:44,L232,82.62,4,"L232_3,L232_2,L232_1,L232_0",0.0,1,10.975,3.6025,1,0,NaN
06:15:46,L232,82.62,4,"L232_3,L232_2,L232_1,L232_0",0.0,1,8.65,4.26,1,0,NaN
06:15:48,L232,82.62,4,"L232_3,L232_2,L232_1,L232_0",0.0,1,10.71,5.3,1,0,NaN
06:15:50,L232,82.62,4,"L232_3,L232_2,L232_1,L232_0",0.0,2,15.0825,6.5625,2,0,NaN
06:15:52,L232,82.62,4,"L232_3,L232_2,L232_1,L232_0",0.0,2,14.905000000000001,6.99,2,0,NaN
06:15:54,L232,82.62,4,"L232_3,L232_2,L232_1,L232_0",0.0,2,18.98,6.99,2,0,NaN
06:15:56,L232,82.62,4,"L232_3,L232_2,L232_1,L232_0",0.0,1,13.295,6.165,1,0,NaN
06:15:58,L232,82.62,4,"L232_3,L232_2,L232_1,L232_0",0.0,2,15.48,6.3025,2,0,NaN
06:16:00,L232,82.62,4,"L232_3,L232_2,L232_1,L232_0",0.0,2,13.305,4.9625,2,0,NaN
06:16:02,L232,82.62,4,"L232_3,L232_2,L232_1,L232_0",0.0,2,13.379999999999999,4.945,2,0,NaN
06:16:04,L232,82.62,4,"L232_3,L232_2,L232_1,L232_0",0.0,1,11.2625,5.765,1,0,NaN
06:16:06,L232,82.62,4,"L232_3,L232_2,L232_1,L232_0",0.0,2,14.81,7.077500000000001,2,0,NaN
06:16:08,L232,82.62,4,"L232_3,L232_2,L232_1,L232_0",0.0,2,19.295,7.67,2,0,NaN
06:16:10,L232,82.62,4,"L232_3,L232_2,L232_1,L232_0",0.0,2,17.3275,7.59,2,0,NaN
06:16:12,L232,82.62,4,"L232_3,L232_2,L232_1,L232_0",0.0,2,17.81,5.7175,2,0,NaN
06:16:14,L232,82.62,4,"L232_3,L232_2,L232_1,L232_0",0.0,2,16.795,5.04,2,0,NaN
06:16:16,L232,82.62,4,"L232_3,L232_2,L232_1,L232_0",0.0,2,18.9375,7.8425,2,0,NaN
06:16:18,L232,82.62,4,"L232_3,L232_2,L232_1,L232_0",0.0,2,17.9925,7.645,2,0,NaN
06:16:20,L232,82.62,4,"L232_3,L232_2,L232_1,L232_0",0.0,2,18.7125,7.7,2,0,NaN
06:16:22,L232,82.62,4,"L232_3,L232_2,L232_1,L232_0",0.0,2,18.705,8.1175,2,0,NaN
06:16:24,L232,82.62,4,"L232_3,L232_2,L232_1,L232_0",0.0,2,15.2225,9.215,2,0,NaN
06:16:26,L232,82.62,4,"L232_3,L232_2,L232_1,L232_0",0.0,2,16.0375,8.75,2,0,NaN
06:16:28,L232,82.62,4,"L232_3,L232_2,L232_1,L232_0",0.0,2,17.985,9.512500000000001,2,0,NaN
06:16:30,L232,82.62,4,"L232_3,L232_2,L232_1,L232_0",0.0,2,17.765,8.4625,2,0,NaN
06:16:32,L232,82.62,4,"L232_3,L232_2,L232_1,L232_0",0.0,2,13.72,9.26,2,0,NaN
06:16:34,L232,82.62,4,"L232_3,L232_2,L232_1,L232_0",0.0,2,14.5175,9.1775,2,0,NaN
06:16:36,L232,82.62,4,"L232_3,L232_2,L232_1,L232_0",0.0,2,13.355,7.4275,2,0,NaN
06:16:38,L232,82.62,4,"L232_3,L232_2,L232_1,L232_0",0.0,2,7.895,6.74,2,0,NaN
06:16:40,L232,82.62,4,"L232_3,L232_2,L232_1,L232_0",0.4275,1,6.71,6.8075,1,0,NaN
06:16:42,L232,82.62,4,"L232_3,L232_2,L232_1,L232_0",0.5775,2,8.8625,7.6175,2,0,NaN
06:16:44,L232,82.62,4,"L232_3,L232_2,L232_1,L232_0",0.0,2,10.845,7.567499999999999,2,0,NaN
06:16:46,L232,82.62,4,"L232_3,L232_2,L232_1,L232_0",0.0,2,14.67,9.0425,2,0,NaN
06:16:48,L232,82.62,4,"L232_3,L232_2,L232_1,L232_0",0.0,2,11.792500000000002,8.6775,2,0,NaN
06:16:50,L232,82.62,4,"L232_3,L232_2,L232_1,L232_0",0.0,2,12.7625,8.5875,2,0,NaN
06:16:52,L232,82.62,4,"L232_3,L232_2,L232_1,L232_0",0.0,2,12.6575,6.205,2,0,NaN
06:16:54,L232,82.62,4,"L232_3,L232_2,L232_1,L232_0",0.0,2,12.015,5.665,2,0,NaN
06:16:56,L232,82.62,4,"L232_3,L232_2,L232_1,L232_0",0.0,1,9.9375,6.175,1,0,NaN
06:16:58,L232,82.62,4,"L232_3,L232_2,L232_1,L232_0",0.0,2,12.015,6.33,2,0,NaN
06:17:00,L232,82.62,4,"L232_3,L232_2,L232_1,L232_0",0.0,1,11.32,5.5925,1,0,NaN
06:17:02,L232,82.62,4,"L232_3,L232_2,L232_1,L232_0",0.0,2,17.695,6.93,2,0,NaN
06:17:04,L232,82.62,4,"L232_3,L232_2,L232_1,L232_0",0.0,2,20.85,7.9625,2,0,NaN
06:17:06,L232,82.62,4,"L232_3,L232_2,L232_1,L232_0",0.0,2,20.1375,8.662500000000001,2,0,NaN
06:17:08,L232,82.62,4,"L232_3,L232_2,L232_1,L232_0",0.0,2,22.33,10.9825,2,0,NaN
06:17:10,L232,82.62,4,"L232_3,L232_2,L232_1,L232_0",0.0,2,14.2575,10.5125,2,0,NaN
06:17:12,L232,82.62,4,"L232_3,L232_2,L232_1,L232_0",0.0,2,14.9425,10.8525,2,0,NaN
06:17:14,L232,82.62,4,"L232_3,L232_2,L232_1,L232_0",0.0,3,17.2775,10.157499999999999,3,0,NaN
06:17:16,L232,82.62,4,"L232_3,L232_2,L232_1,L232_0",0.0,2,15.6475,9.774999999999999,2,0,NaN
06:17:18,L232,82.62,4,"L232_3,L232_2,L232_1,L232_0",1.155,3,15.7975,10.7275,3,0,NaN
06:17:20,L232,82.62,4,"L232_3,L232_2,L232_1,L232_0",0.4625,3,18.9,9.537500000000001,3,0,NaN
06:17:22,L232,82.62,4,"L232_3,L232_2,L232_1,L232_0",0.0,2,16.2025,7.7575,2,0,NaN
06:17:24,L232,82.62,4,"L232_3,L232_2,L232_1,L232_0",0.0,2,16.822499999999998,9.0425,2,0,NaN
06:17:26,L232,82.62,4,"L232_3,L232_2,L232_1,L232_0",0.0,2,12.575000000000001,8.9875,2,0,NaN
06:17:28,L232,82.62,4,"L232_3,L232_2,L232_1,L232_0",1.0475,2,13.285,10.967500000000001,2,0,NaN
06:17:30,L232,82.62,4,"L232_3,L232_2,L232_1,L232_0",0.0,2,16.165,10.919999999999998,2,0,NaN
06:17:32,L232,82.62,4,"L232_3,L232_2,L232_1,L232_0",0.0,2,15.0975,10.975000000000001,2,0,NaN
06:17:34,L232,82.62,4,"L232_3,L232_2,L232_1,L232_0",0.0,2,13.51,9.739999999999998,2,0,NaN
06:17:36,L232,82.62,4,"L232_3,L232_2,L232_1,L232_0",0.5775,2,17.174999999999997,9.630000000000003,2,0,NaN
06:17:38,L232,82.62,4,"L232_3,L232_2,L232_1,L232_0",0.0,2,18.7025,8.925,2,0,NaN
06:17:40,L232,82.62,4,"L232_3,L232_2,L232_1,L232_0",0.43,2,14.385,9.2025,2,0,NaN
06:17:42,L232,82.62,4,"L232_3,L232_2,L232_1,L232_0",0.0,2,12.1075,9.5,2,0,NaN
06:17:44,L232,82.62,4,"L232_3,L232_2,L232_1,L232_0",0.0,2,13.0225,9.530000000000001,2,0,NaN
06:17:46,L232,82.62,4,"L232_3,L232_2,L232_1,L232_0",0.0,2,14.094999999999999,8.3525,2,0,NaN
06:17:48,L232,82.62,4,"L232_3,L232_2,L232_1,L232_0",0.5775,2,14.605,9.1325,2,0,NaN
06:17:50,L232,82.62,4,"L232_3,L232_2,L232_1,L232_0",0.0,2,16.55,9.7875,2,0,NaN
06:17:52,L232,82.62,4,"L232_3,L232_2,L232_1,L232_0",0.0,2,18.689999999999998,8.905,2,0,NaN
06:17:54,L232,82.62,4,"L232_3,L232_2,L232_1,L232_0",0.0,2,16.097499999999997,7.945,2,0,NaN
06:17:56,L232,82.62,4,"L232_3,L232_2,L232_1,L232_0",0.5775,2,13.6875,6.7375,2,0,NaN
06:17:58,L232,82.62,4,"L232_3,L232_2,L232_1,L232_0",0.5775,2,10.135000000000002,7.6875,2,0,NaN
06:18:00,L232,82.62,4,"L232_3,L232_2,L232_1,L232_0",0.0,2,14.547500000000001,8.1775,2,0,NaN
06:18:02,L232,82.62,4,"L232_3,L232_2,L232_1,L232_0",0.0,1,12.629999999999999,4.4175,1,0,NaN
06:18:04,L232,82.62,4,"L232_3,L232_2,L232_1,L232_0",0.0,1,11.725,4.66,1,0,NaN
06:18:06,L232,82.62,4,"L232_3,L232_2,L232_1,L232_0",0.0,1,9.07,4.875,1,0,NaN
06:18:08,L232,82.62,4,"L232_3,L232_2,L232_1,L232_0",0.0,2,17.67,5.185,2,0,NaN
06:18:10,L232,82.62,4,"L232_3,L232_2,L232_1,L232_0",0.0,1,14.975000000000001,6.29,1,0,NaN
06:18:12,L232,82.62,4,"L232_3,L232_2,L232_1,L232_0",0.0,1,14.6125,5.72,1,0,NaN
06:18:14,L232,82.62,4,"L232_3,L232_2,L232_1,L232_0",0.0,1,14.365,4.77,1,0,NaN
06:18:16,L232,82.62,4,"L232_3,L232_2,L232_1,L232_0",0.0,2,20.15,6.29,2,0,NaN
06:18:18,L232,82.62,4,"L232_3,L232_2,L232_1,L232_0",0.0,2,20.810000000000002,8.7625,2,0,NaN
06:18:20,L232,82.62,4,"L232_3,L232_2,L232_1,L232_0",0.0,2,23.375,8.8775,2,0,NaN
06:18:22,L232,82.62,4,"L232_3,L232_2,L232_1,L232_0",0.0,2,26.224999999999998,7.69,2,0,NaN
06:18:24,L232,82.62,4,"L232_3,L232_2,L232_1,L232_0",0.0,2,16.915,5.55,2,0,NaN
06:18:26,L232,82.62,4,"L232_3,L232_2,L232_1,L232_0",0.0,1,14.4825,5.5875,1,0,NaN
06:18:28,L232,82.62,4,"L232_3,L232_2,L232_1,L232_0",0.0,2,17.1,4.7125,2,0,NaN
06:18:30,L232,82.62,4,"L232_3,L232_2,L232_1,L232_0",0.0,2,16.97,6.2825,2,0,NaN
06:18:32,L232,82.62,4,"L232_3,L232_2,L232_1,L232_0",0.0,2,20.58,7.4425,2,0,NaN
06:18:34,L232,82.62,4,"L232_3,L232_2,L232_1,L232_0",0.0,2,20.3475,7.69,2,0,NaN
06:18:36,L232,82.62,4,"L232_3,L232_2,L232_1,L232_0",0.0,2,14.2,7.734999999999999,2,0,NaN
06:18:38,L232,82.62,4,"L232_3,L232_2,L232_1,L232_0",0.0,2,19.0825,6.8275,2,0,NaN
06:18:40,L232,82.62,4,"L232_3,L232_2,L232_1,L232_0",0.0,1,13.0025,5.4125000000000005,1,0,NaN
06:18:42,L232,82.62,4,"L232_3,L232_2,L232_1,L232_0",0.0,1,9.9975,4.702500000000001,1,0,NaN
06:18:44,L232,82.62,4,"L232_3,L232_2,L232_1,L232_0",0.0,2,15.6525,5.154999999999999,2,0,NaN
06:18:46,L232,82.62,4,"L232_3,L232_2,L232_1,L232_0",0.0,1,10.0925,5.59,1,0,NaN
06:18:48,L232,82.62,4,"L232_3,L232_2,L232_1,L232_0",0.0,1,13.049999999999999,5.090000000000001,1,0,NaN
06:18:50,L232,82.62,4,"L232_3,L232_2,L232_1,L232_0",0.0,2,20.034999999999997,5.7525,2,0,NaN
06:18:52,L232,82.62,4,"L232_3,L232_2,L232_1,L232_0",0.0,1,14.8025,5.5175,1,0,NaN
06:18:54,L232,82.62,4,"L232_3,L232_2,L232_1,L232_0",0.0,1,14.620000000000001,6.0975,1,0,NaN
06:18:56,L232,82.62,4,"L232_3,L232_2,L232_1,L232_0",0.0,2,17.682499999999997,5.2025,2,0,NaN
06:18:58,L232,82.62,4,"L232_3,L232_2,L232_1,L232_0",0.0,2,17.5475,6.99,2,0,NaN
06:19:00,L232,82.62,4,"L232_3,L232_2,L232_1,L232_0",0.0,2,17.654999999999998,7.0475,2,0,NaN
06:19:02,L232,82.62,4,"L232_3,L232_2,L232_1,L232_0",0.0,2,20.535,6.4175,2,0,NaN
06:19:04,L232,82.62,4,"L232_3,L232_2,L232_1,L232_0",0.0,1,14.635000000000002,4.3875,1,0,NaN
06:19:06,L232,82.62,4,"L232_3,L232_2,L232_1,L232_0",0.0,1,14.670000000000002,5.015000000000001,1,0,NaN
06:19:08,L232,82.62,4,"L232_3,L232_2,L232_1,L232_0",0.0,1,14.862499999999999,4.435,1,0,NaN
06:19:10,L232,82.62,4,"L232_3,L232_2,L232_1,L232_0",0.0,1,14.1,4.9675,1,0,NaN
06:19:12,L232,82.62,4,"L232_3,L232_2,L232_1,L232_0",0.0,1,11.26,4.8925,1,0,NaN
06:19:14,L232,82.62,4,"L232_3,L232_2,L232_1,L232_0",0.0,1,10.35,4.81,1,0,NaN
06:19:16,L232,82.62,4,"L232_3,L232_2,L232_1,L232_0",0.0,1,8.97,4.1175,1,0,NaN
06:19:18,L232,82.62,4,"L232_3,L232_2,L232_1,L232_0",0.0,1,8.05,3.905,1,0,NaN
06:19:20,L232,82.62,4,"L232_3,L232_2,L232_1,L232_0",0.0,1,9.077499999999999,5.5925,1,0,NaN
06:19:22,L232,82.62,4,"L232_3,L232_2,L232_1,L232_0",0.0,1,12.059999999999999,4.335,1,0,NaN
06:19:24,L232,82.62,4,"L232_3,L232_2,L232_1,L232_0",0.0,1,12.9675,6.99,1,0,NaN
06:19:26,L232,82.62,4,"L232_3,L232_2,L232_1,L232_0",0.0,2,15.899999999999999,5.9,2,0,NaN
06:19:28,L232,82.62,4,"L232_3,L232_2,L232_1,L232_0",0.0,2,12.965,5.56,2,0,NaN
06:19:30,L232,82.62,4,"L232_3,L232_2,L232_1,L232_0",0.0,1,9.959999999999999,4.1925,1,0,NaN
06:19:32,L232,82.62,4,"L232_3,L232_2,L232_1,L232_0",0.0,1,12.0,4.7924999999999995,1,0,NaN
06:19:34,L232,82.62,4,"L232_3,L232_2,L232_1,L232_0",0.0,1,12.667499999999999,4.98,1,0,NaN
06:19:36,L232,82.62,4,"L232_3,L232_2,L232_1,L232_0",0.0,1,11.315000000000001,5.5925,1,0,NaN
06:19:38,L232,82.62,4,"L232_3,L232_2,L232_1,L232_0",0.0,2,20.72,7.265,2,0,NaN
06:19:40,L232,82.62,4,"L232_3,L232_2,L232_1,L232_0",0.0,2,11.379999999999999,6.99,2,0,NaN
06:19:42,L232,82.62,4,"L232_3,L232_2,L232_1,L232_0",0.0,2,17.815,7.9025,2,0,NaN
06:19:44,L232,82.62,4,"L232_3,L232_2,L232_1,L232_0",0.0,2,22.55,8.265,2,0,NaN
06:19:46,L232,82.62,4,"L232_3,L232_2,L232_1,L232_0",0.0,2,23.345,8.92,2,0,NaN
06:19:48,L232,82.62,4,"L232_3,L232_2,L232_1,L232_0",0.0,2,23.002499999999998,9.4875,2,0,NaN
06:19:50,L232,82.62,4,"L232_3,L232_2,L232_1,L232_0",0.0,2,26.259999999999998,10.4875,2,0,NaN
06:19:52,L232,82.62,4,"L232_3,L232_2,L232_1,L232_0",0.0,2,22.32,9.68,2,0,NaN
06:19:54,L232,82.62,4,"L232_3,L232_2,L232_1,L232_0",0.0,3,26.197499999999998,11.6725,3,0,NaN
06:19:56,L232,82.62,4,"L232_3,L232_2,L232_1,L232_0",0.0,2,21.19,9.397499999999999,2,0,NaN
06:19:58,L232,82.62,4,"L232_3,L232_2,L232_1,L232_0",0.5775,2,16.09,9.4925,2,0,NaN
06:20:00,L232,82.62,4,"L232_3,L232_2,L232_1,L232_0",0.0,2,15.479999999999999,8.3875,2,0,NaN
06:20:02,L232,82.62,4,"L232_3,L232_2,L232_1,L232_0",0.0,2,11.049999999999999,7.195,2,0,NaN
06:20:04,L232,82.62,4,"L232_3,L232_2,L232_1,L232_0",0.5775,1,7.1675,6.9875,1,0,NaN
06:20:06,L232,82.62,4,"L232_3,L232_2,L232_1,L232_0",0.0,2,12.205,4.3825,2,0,NaN
06:20:08,L232,82.62,4,"L232_3,L232_2,L232_1,L232_0",0.0,1,9.065,3.495,1,0,NaN
06:20:10,L232,82.62,4,"L232_3,L232_2,L232_1,L232_0",0.0,1,14.7225,5.59,1,0,NaN
06:20:12,L232,82.62,4,"L232_3,L232_2,L232_1,L232_0",0.0,1,14.59,6.3025,1,0,NaN
06:20:14,L232,82.62,4,"L232_3,L232_2,L232_1,L232_0",0.0,2,17.86,6.012499999999999,2,0,NaN
06:20:16,L232,82.62,4,"L232_3,L232_2,L232_1,L232_0",0.0,1,13.7475,3.715,1,0,NaN
06:20:18,L232,82.62,4,"L232_3,L232_2,L232_1,L232_0",0.0,1,8.692499999999999,2.795,1,0,NaN
06:20:20,L232,82.62,4,"L232_3,L232_2,L232_1,L232_0",0.0,1,8.9175,3.495,1,0,NaN
06:20:22,L232,82.62,4,"L232_3,L232_2,L232_1,L232_0",0.0,1,11.37,3.495,1,0,NaN
06:20:24,L232,82.62,4,"L232_3,L232_2,L232_1,L232_0",0.0,1,9.99,5.1875,1,0,NaN
06:20:26,L232,82.62,4,"L232_3,L232_2,L232_1,L232_0",0.0,1,12.0125,4.5225,1,0,NaN
06:20:28,L232,82.62,4,"L232_3,L232_2,L232_1,L232_0",0.0,1,10.649999999999999,4.52,1,0,NaN
06:20:30,L232,82.62,4,"L232_3,L232_2,L232_1,L232_0",0.0,1,8.63,4.275,1,0,NaN
06:20:32,L232,82.62,4,"L232_3,L232_2,L232_1,L232_0",0.0,1,8.44,4.7725,1,0,NaN
06:20:34,L232,82.62,4,"L232_3,L232_2,L232_1,L232_0",0.0,2,13.392500000000002,5.8875,2,0,NaN
06:20:36,L232,82.62,4,"L232_3,L232_2,L232_1,L232_0",0.0,1,10.7025,5.5925,1,0,NaN
06:20:38,L232,82.62,4,"L232_3,L232_2,L232_1,L232_0",0.0,2,12.184999999999999,5.4925,2,0,NaN
06:20:40,L232,82.62,4,"L232_3,L232_2,L232_1,L232_0",0.0,1,7.727499999999999,4.96,1,0,NaN
06:20:42,L232,82.62,4,"L232_3,L232_2,L232_1,L232_0",0.0,2,11.7375,5.3775,2,0,NaN
06:20:44,L232,82.62,4,"L232_3,L232_2,L232_1,L232_0",0.0,2,11.427499999999998,5.91,2,0,NaN
06:20:46,L232,82.62,4,"L232_3,L232_2,L232_1,L232_0",0.0,1,10.7275,6.6000000000000005,1,0,NaN
06:20:48,L232,82.62,4,"L232_3,L232_2,L232_1,L232_0",0.0,2,18.0975,6.99,2,0,NaN
06:20:50,L232,82.62,4,"L232_3,L232_2,L232_1,L232_0",0.0,2,14.787500000000001,6.575,2,0,NaN
06:20:52,L232,82.62,4,"L232_3,L232_2,L232_1,L232_0",0.0,2,15.254999999999999,5.365,2,0,NaN
06:20:54,L232,82.62,4,"L232_3,L232_2,L232_1,L232_0",0.0,1,9.3,4.195,1,0,NaN
06:20:56,L232,82.62,4,"L232_3,L232_2,L232_1,L232_0",0.0,1,11.1225,4.7375,1,0,NaN
06:20:58,L232,82.62,4,"L232_3,L232_2,L232_1,L232_0",0.0,1,11.6425,3.7699999999999996,1,0,NaN
06:21:00,L232,82.62,4,"L232_3,L232_2,L232_1,L232_0",0.0,1,11.81,3.47,1,0,NaN
06:21:02,L232,82.62,4,"L232_3,L232_2,L232_1,L232_0",0.0,1,8.7375,3.495,1,0,NaN
06:21:04,L232,82.62,4,"L232_3,L232_2,L232_1,L232_0",0.0,1,8.7975,3.495,1,0,NaN
06:21:06,L232,82.62,4,"L232_3,L232_2,L232_1,L232_0",0.0,1,11.65,3.815,1,0,NaN
06:21:08,L232,82.62,4,"L232_3,L232_2,L232_1,L232_0",0.0,1,11.754999999999999,3.6675000000000004,1,0,NaN
06:21:10,L232,82.62,4,"L232_3,L232_2,L232_1,L232_0",0.0,1,8.7625,4.1925,1,0,NaN
06:21:12,L232,82.62,4,"L232_3,L232_2,L232_1,L232_0",0.0,1,11.6675,3.3575,1,0,NaN
06:21:14,L232,82.62,4,"L232_3,L232_2,L232_1,L232_0",0.0,1,11.6175,3.3449999999999998,1,0,NaN
06:21:16,L232,82.62,4,"L232_3,L232_2,L232_1,L232_0",0.0,1,8.7875,3.1399999999999997,1,0,NaN
06:21:18,L232,82.62,4,"L232_3,L232_2,L232_1,L232_0",0.0,1,8.685,4.195,1,0,NaN
06:21:20,L232,82.62,4,"L232_3,L232_2,L232_1,L232_0",0.0,1,11.86,3.7625,1,0,NaN
06:21:22,L232,82.62,4,"L232_3,L232_2,L232_1,L232_0",0.0,1,11.26,3.77,1,0,NaN
06:21:24,L232,82.62,4,"L232_3,L232_2,L232_1,L232_0",0.0,1,11.64,4.195,1,0,NaN
06:21:26,L232,82.62,4,"L232_3,L232_2,L232_1,L232_0",0.0,1,11.53,4.39,1,0,NaN
06:21:28,L232,82.62,4,"L232_3,L232_2,L232_1,L232_0",0.0,1,14.6575,4.515000000000001,1,0,NaN
06:21:30,L232,82.62,4,"L232_3,L232_2,L232_1,L232_0",0.0,1,11.7975,4.1925,1,0,NaN
06:21:32,L232,82.62,4,"L232_3,L232_2,L232_1,L232_0",0.0,1,11.8225,4.1925,1,0,NaN
06:21:34,L232,82.62,4,"L232_3,L232_2,L232_1,L232_0",0.0,1,12.015,4.2575,1,0,NaN
06:21:36,L232,82.62,4,"L232_3,L232_2,L232_1,L232_0",0.0,1,11.8625,4.58,1,0,NaN
06:21:38,L232,82.62,4,"L232_3,L232_2,L232_1,L232_0",0.0,1,11.56,4.8925,1,0,NaN
06:21:40,L232,82.62,4,"L232_3,L232_2,L232_1,L232_0",0.0,1,14.28,4.7075000000000005,1,0,NaN
06:21:42,L232,82.62,4,"L232_3,L232_2,L232_1,L232_0",0.0,1,14.585,4.2975,1,0,NaN
06:21:44,L232,82.62,4,"L232_3,L232_2,L232_1,L232_0",0.0,1,14.565000000000001,3.8025,1,0,NaN
06:21:46,L232,82.62,4,"L232_3,L232_2,L232_1,L232_0",0.0,1,8.625,4.195,1,0,NaN
06:21:48,L232,82.62,4,"L232_3,L232_2,L232_1,L232_0",0.0,1,12.04,4.195,1,0,NaN
06:21:50,L232,82.62,4,"L232_3,L232_2,L232_1,L232_0",0.0,1,11.78,4.195,1,0,NaN
06:21:52,L232,82.62,4,"L232_3,L232_2,L232_1,L232_0",0.0,1,13.55,4.7,1,0,NaN
06:21:54,L232,82.62,4,"L232_3,L232_2,L232_1,L232_0",0.0,1,9.79,4.8925,1,0,NaN
06:21:56,L232,82.62,4,"L232_3,L232_2,L232_1,L232_0",0.0,1,9.56,3.9625,1,0,NaN
06:21:58,L232,82.62,4,"L232_3,L232_2,L232_1,L232_0",0.0,1,9.01,3.63,1,0,NaN
06:22:00,L232,82.62,4,"L232_3,L232_2,L232_1,L232_0",0.0,1,10.287500000000001,4.505,1,0,NaN
06:22:02,L232,82.62,4,"L232_3,L232_2,L232_1,L232_0",0.0,1,7.81,4.6775,1,0,NaN
06:22:04,L232,82.62,4,"L232_3,L232_2,L232_1,L232_0",0.0,1,9.4775,5.1075,1,0,NaN
06:22:06,L232,82.62,4,"L232_3,L232_2,L232_1,L232_0",0.0,2,12.7975,5.725,2,0,NaN
06:22:08,L232,82.62,4,"L232_3,L232_2,L232_1,L232_0",0.0,1,10.8875,6.1975,1,0,NaN
06:22:10,L232,82.62,4,"L232_3,L232_2,L232_1,L232_0",0.0,1,10.459999999999999,6.41,1,0,NaN
06:22:12,L232,82.62,4,"L232_3,L232_2,L232_1,L232_0",0.0,2,13.9325,5.96,2,0,NaN
06:22:14,L232,82.62,4,"L232_3,L232_2,L232_1,L232_0",0.0,1,11.7025,5.2475000000000005,1,0,NaN
06:22:16,L232,82.62,4,"L232_3,L232_2,L232_1,L232_0",0.0,1,7.92,4.365,1,0,NaN
06:22:18,L232,82.62,4,"L232_3,L232_2,L232_1,L232_0",0.0,1,7.41,4.385,1,0,NaN
06:22:20,L232,82.62,4,"L232_3,L232_2,L232_1,L232_0",0.0,1,7.36,3.995,1,0,NaN
06:22:22,L232,82.62,4,"L232_3,L232_2,L232_1,L232_0",0.0,1,9.0825,4.3925,1,0,NaN
06:22:24,L232,82.62,4,"L232_3,L232_2,L232_1,L232_0",0.0,1,8.905000000000001,5.3774999999999995,1,0,NaN
06:22:26,L232,82.62,4,"L232_3,L232_2,L232_1,L232_0",0.0,2,13.89,6.99,2,0,NaN
06:22:28,L232,82.62,4,"L232_3,L232_2,L232_1,L232_0",0.0,1,12.22,6.99,1,0,NaN
06:22:30,L232,82.62,4,"L232_3,L232_2,L232_1,L232_0",0.0,2,18.439999999999998,7.435,2,0,NaN
06:22:32,L232,82.62,4,"L232_3,L232_2,L232_1,L232_0",0.0,1,13.090000000000002,6.29,1,0,NaN
06:22:34,L232,82.62,4,"L232_3,L232_2,L232_1,L232_0",0.0,1,12.045000000000002,4.865,1,0,NaN
06:22:36,L232,82.62,4,"L232_3,L232_2,L232_1,L232_0",0.0,1,10.495000000000001,4.1925,1,0,NaN
06:22:38,L232,82.62,4,"L232_3,L232_2,L232_1,L232_0",0.0,2,17.055,5.5925,2,0,NaN
06:22:40,L232,82.62,4,"L232_3,L232_2,L232_1,L232_0",0.0,2,17.1475,6.8375,2,0,NaN
06:22:42,L232,82.62,4,"L232_3,L232_2,L232_1,L232_0",0.0,2,16.884999999999998,6.8225,2,0,NaN
06:22:44,L232,82.62,4,"L232_3,L232_2,L232_1,L232_0",0.0,2,20.162499999999998,6.3575,2,0,NaN
06:22:46,L232,82.62,4,"L232_3,L232_2,L232_1,L232_0",0.0,1,14.3175,5.4025,1,0,NaN
06:22:48,L232,82.62,4,"L232_3,L232_2,L232_1,L232_0",0.0,1,14.200000000000001,5.2425,1,0,NaN
06:22:50,L232,82.62,4,"L232_3,L232_2,L232_1,L232_0",0.0,1,14.5875,5.0225,1,0,NaN
06:22:52,L232,82.62,4,"L232_3,L232_2,L232_1,L232_0",0.0,1,11.96,4.195,1,0,NaN
06:22:54,L232,82.62,4,"L232_3,L232_2,L232_1,L232_0",0.0,1,11.93,3.73,1,0,NaN
06:22:56,L232,82.62,4,"L232_3,L232_2,L232_1,L232_0",0.0,1,12.07,3.495,1,0,NaN
06:22:58,L232,82.62,4,"L232_3,L232_2,L232_1,L232_0",0.0,1,8.76,2.795,1,0,NaN
06:23:00,L232,82.62,4,"L232_3,L232_2,L232_1,L232_0",0.0,1,8.662500000000001,4.0275,1,0,NaN
06:23:02,L232,82.62,4,"L232_3,L232_2,L232_1,L232_0",0.0,1,8.685,2.795,1,0,NaN
06:23:04,L232,82.62,4,"L232_3,L232_2,L232_1,L232_0",0.0,0,6.035,1.455,0,0,NaN
06:23:06,L232,82.62,4,"L232_3,L232_2,L232_1,L232_0",0.0,0,5.915,1.74,0,0,NaN
06:23:08,L232,82.62,4,"L232_3,L232_2,L232_1,L232_0",0.0,0,2.935,1.3975,0,0,NaN
06:23:10,L232,82.62,4,"L232_3,L232_2,L232_1,L232_0",0.0,0,5.745,2.0975,0,0,NaN
06:23:12,L232,82.62,4,"L232_3,L232_2,L232_1,L232_0",0.0,0,5.78,2.65,0,0,NaN
06:23:14,L232,82.62,4,"L232_3,L232_2,L232_1,L232_0",0.0,1,8.805,2.795,1,0,NaN
06:23:16,L232,82.62,4,"L232_3,L232_2,L232_1,L232_0",0.0,1,8.895,3.955,1,0,NaN
06:23:18,L232,82.62,4,"L232_3,L232_2,L232_1,L232_0",0.0,1,8.850000000000001,2.8375,1,0,NaN
06:23:20,L232,82.62,4,"L232_3,L232_2,L232_1,L232_0",0.0,1,8.850000000000001,3.495,1,0,NaN
06:23:22,L232,82.62,4,"L232_3,L232_2,L232_1,L232_0",0.0,1,8.625,3.805,1,0,NaN
06:23:24,L232,82.62,4,"L232_3,L232_2,L232_1,L232_0",0.0,1,12.0,3.495,1,0,NaN
06:23:26,L232,82.62,4,"L232_3,L232_2,L232_1,L232_0",0.0,1,11.14,4.8925,1,0,NaN
06:23:28,L232,82.62,4,"L232_3,L232_2,L232_1,L232_0",0.0,1,11.747499999999999,3.5324999999999998,1,0,NaN
06:23:30,L232,82.62,4,"L232_3,L232_2,L232_1,L232_0",0.0,1,14.875,4.66,1,0,NaN
06:23:32,L232,82.62,4,"L232_3,L232_2,L232_1,L232_0",0.0,2,16.849999999999998,4.58,2,0,NaN
06:23:34,L232,82.62,4,"L232_3,L232_2,L232_1,L232_0",0.0,1,13.295000000000002,5.59,1,0,NaN
06:23:36,L232,82.62,4,"L232_3,L232_2,L232_1,L232_0",0.0,1,13.27,6.29,1,0,NaN
06:23:38,L232,82.62,4,"L232_3,L232_2,L232_1,L232_0",0.0,1,13.46,5.609999999999999,1,0,NaN
06:23:40,L232,82.62,4,"L232_3,L232_2,L232_1,L232_0",0.0,2,14.195,5.3425,2,0,NaN
06:23:42,L232,82.62,4,"L232_3,L232_2,L232_1,L232_0",0.0,1,11.66,5.5925,1,0,NaN
06:23:44,L232,82.62,4,"L232_3,L232_2,L232_1,L232_0",0.0,1,11.887500000000001,4.915,1,0,NaN
06:23:46,L232,82.62,4,"L232_3,L232_2,L232_1,L232_0",0.0,1,12.472500000000002,5.279999999999999,1,0,NaN
06:23:48,L232,82.62,4,"L232_3,L232_2,L232_1,L232_0",0.0,2,20.035,6.3475,2,0,NaN
06:23:50,L232,82.62,4,"L232_3,L232_2,L232_1,L232_0",0.0,1,13.835,6.29,1,0,NaN
06:23:52,L232,82.62,4,"L232_3,L232_2,L232_1,L232_0",0.0,1,14.247499999999999,6.04,1,0,NaN
06:23:54,L232,82.62,4,"L232_3,L232_2,L232_1,L232_0",0.0,2,14.052500000000002,6.36,2,0,NaN
06:23:56,L232,82.62,4,"L232_3,L232_2,L232_1,L232_0",0.0,1,7.5325,4.5,1,0,NaN
06:23:58,L232,82.62,4,"L232_3,L232_2,L232_1,L232_0",0.0,1,7.6275,4.295,1,0,NaN
06:24:00,L232,82.62,4,"L232_3,L232_2,L232_1,L232_0",0.0,1,7.1,3.7175000000000002,1,0,NaN
06:24:02,L232,82.62,4,"L232_3,L232_2,L232_1,L232_0",0.0,1,12.6325,4.9350000000000005,1,0,NaN
06:24:04,L232,82.62,4,"L232_3,L232_2,L232_1,L232_0",0.0,1,13.162500000000001,5.355,1,0,NaN
06:24:06,L232,82.62,4,"L232_3,L232_2,L232_1,L232_0",0.0,1,11.852500000000001,5.59,1,0,NaN
06:24:08,L232,82.62,4,"L232_3,L232_2,L232_1,L232_0",0.0,1,12.872499999999999,5.1275,1,0,NaN
06:24:10,L232,82.62,4,"L232_3,L232_2,L232_1,L232_0",0.0,2,15.959999999999999,5.5925,2,0,NaN
06:24:12,L232,82.62,4,"L232_3,L232_2,L232_1,L232_0",0.0,1,12.969999999999999,5.6075,1,0,NaN
06:24:14,L232,82.62,4,"L232_3,L232_2,L232_1,L232_0",0.0,2,16.325,5.935,2,0,NaN
06:24:16,L232,82.62,4,"L232_3,L232_2,L232_1,L232_0",0.0,2,16.4325,5.7575,2,0,NaN
06:24:18,L232,82.62,4,"L232_3,L232_2,L232_1,L232_0",0.0,2,16.805,5.5925,2,0,NaN
06:24:20,L232,82.62,4,"L232_3,L232_2,L232_1,L232_0",0.0,1,13.715,5.5925,1,0,NaN
06:24:22,L232,82.62,4,"L232_3,L232_2,L232_1,L232_0",0.0,1,13.3025,5.4825,1,0,NaN
06:24:24,L232,82.62,4,"L232_3,L232_2,L232_1,L232_0",0.0,1,14.129999999999999,5.5925,1,0,NaN
06:24:26,L232,82.62,4,"L232_3,L232_2,L232_1,L232_0",0.0,1,14.337500000000002,4.9125,1,0,NaN
06:24:28,L232,82.62,4,"L232_3,L232_2,L232_1,L232_0",0.0,1,13.9575,5.2375,1,0,NaN
06:24:30,L232,82.62,4,"L232_3,L232_2,L232_1,L232_0",0.0,1,14.44,5.0075,1,0,NaN
06:24:32,L232,82.62,4,"L232_3,L232_2,L232_1,L232_0",0.0,1,14.69,4.8925,1,0,NaN
06:24:34,L232,82.62,4,"L232_3,L232_2,L232_1,L232_0",0.0,1,11.78,4.195,1,0,NaN
06:24:36,L232,82.62,4,"L232_3,L232_2,L232_1,L232_0",0.0,1,11.8775,3.99,1,0,NaN
06:24:38,L232,82.62,4,"L232_3,L232_2,L232_1,L232_0",0.0,1,11.75,3.495,1,0,NaN
06:24:40,L232,82.62,4,"L232_3,L232_2,L232_1,L232_0",0.0,1,8.95,2.795,1,0,NaN
06:24:42,L232,82.62,4,"L232_3,L232_2,L232_1,L232_0",0.0,1,8.7575,3.695,1,0,NaN
06:24:44,L232,82.62,4,"L232_3,L232_2,L232_1,L232_0",0.0,1,11.7975,3.9325,1,0,NaN
06:24:46,L232,82.62,4,"L232_3,L232_2,L232_1,L232_0",0.0,1,11.62,4.195,1,0,NaN
06:24:48,L232,82.62,4,"L232_3,L232_2,L232_1,L232_0",0.0,2,17.745,6.5725,2,0,NaN
06:24:50,L232,82.62,4,"L232_3,L232_2,L232_1,L232_0",0.0,2,17.14,6.359999999999999,2,0,NaN
06:24:52,L232,82.62,4,"L232_3,L232_2,L232_1,L232_0",0.0,1,14.7,6.29,1,0,NaN
06:24:54,L232,82.62,4,"L232_3,L232_2,L232_1,L232_0",0.0,2,16.192500000000003,6.265000000000001,2,0,NaN
06:24:56,L232,82.62,4,"L232_3,L232_2,L232_1,L232_0",0.0,2,19.105,6.29,2,0,NaN
06:24:58,L232,82.62,4,"L232_3,L232_2,L232_1,L232_0",0.0,2,16.860000000000003,6.6475,2,0,NaN
06:25:00,L232,82.62,4,"L232_3,L232_2,L232_1,L232_0",0.0,2,17.07,6.29,2,0,NaN
06:25:02,L232,82.62,4,"L232_3,L232_2,L232_1,L232_0",0.0,1,14.48,5.077500000000001,1,0,NaN
06:25:04,L232,82.62,4,"L232_3,L232_2,L232_1,L232_0",0.0,2,15.375,5.195,2,0,NaN
06:25:06,L232,82.62,4,"L232_3,L232_2,L232_1,L232_0",0.0,1,11.465,5.140000000000001,1,0,NaN
06:25:08,L232,82.62,4,"L232_3,L232_2,L232_1,L232_0",0.0,1,10.9125,5.2975,1,0,NaN
06:25:10,L232,82.62,4,"L232_3,L232_2,L232_1,L232_0",0.0,1,12.837499999999999,4.3325,1,0,NaN
06:25:12,L232,82.62,4,"L232_3,L232_2,L232_1,L232_0",0.0,1,11.11,4.8950000000000005,1,0,NaN
06:25:14,L232,82.62,4,"L232_3,L232_2,L232_1,L232_0",0.0,1,13.645,5.68,1,0,NaN
06:25:16,L232,82.62,4,"L232_3,L232_2,L232_1,L232_0",0.0,2,17.104999999999997,6.7425,2,0,NaN
06:25:18,L232,82.62,4,"L232_3,L232_2,L232_1,L232_0",0.0,2,17.3575,6.3425,2,0,NaN
06:25:20,L232,82.62,4,"L232_3,L232_2,L232_1,L232_0",0.0,2,16.73,5.5925,2,0,NaN
06:25:22,L232,82.62,4,"L232_3,L232_2,L232_1,L232_0",0.0,1,13.6725,5.077500000000001,1,0,NaN
06:25:24,L232,82.62,4,"L232_3,L232_2,L232_1,L232_0",0.0,2,16.17,6.8825,2,0,NaN
06:25:26,L232,82.62,4,"L232_3,L232_2,L232_1,L232_0",0.0,2,15.9925,6.2925,2,0,NaN
06:25:28,L232,82.62,4,"L232_3,L232_2,L232_1,L232_0",0.0,2,18.29,6.5175,2,0,NaN
06:25:30,L232,82.62,4,"L232_3,L232_2,L232_1,L232_0",0.0,1,11.435,4.6625,1,0,NaN
06:25:32,L232,82.62,4,"L232_3,L232_2,L232_1,L232_0",0.0,2,16.080000000000002,5.0075,2,0,NaN
06:25:34,L232,82.62,4,"L232_3,L232_2,L232_1,L232_0",0.0,1,11.48,3.25,1,0,NaN
06:25:36,L232,82.62,4,"L232_3,L232_2,L232_1,L232_0",0.0,1,8.7375,2.795,1,0,NaN
06:25:38,L232,82.62,4,"L232_3,L232_2,L232_1,L232_0",0.0,1,8.9025,3.495,1,0,NaN
06:25:40,L232,82.62,4,"L232_3,L232_2,L232_1,L232_0",0.0,1,8.61,3.13,1,0,NaN
06:25:42,L232,82.62,4,"L232_3,L232_2,L232_1,L232_0",0.0,1,8.879999999999999,2.8225,1,0,NaN
06:25:44,L232,82.62,4,"L232_3,L232_2,L232_1,L232_0",0.0,1,8.834999999999999,3.495,1,0,NaN
06:25:46,L232,82.62,4,"L232_3,L232_2,L232_1,L232_0",0.0,1,8.73,4.195,1,0,NaN
06:25:48,L232,82.62,4,"L232_3,L232_2,L232_1,L232_0",0.0,1,11.93,3.7275,1,0,NaN
06:25:50,L232,82.62,4,"L232_3,L232_2,L232_1,L232_0",0.0,1,11.82,4.195,1,0,NaN
06:25:52,L232,82.62,4,"L232_3,L232_2,L232_1,L232_0",0.0,1,11.9025,4.195,1,0,NaN
06:25:54,L232,82.62,4,"L232_3,L232_2,L232_1,L232_0",0.0,1,11.84,4.8925,1,0,NaN
06:25:56,L232,82.62,4,"L232_3,L232_2,L232_1,L232_0",0.0,1,14.73,4.8925,1,0,NaN
06:25:58,L232,82.62,4,"L232_3,L232_2,L232_1,L232_0",0.0,1,11.475000000000001,4.1925,1,0,NaN
06:26:00,L232,82.62,4,"L232_3,L232_2,L232_1,L232_0",0.0,1,11.52,4.195,1,0,NaN
06:26:02,L232,82.62,4,"L232_3,L232_2,L232_1,L232_0",0.0,1,11.87,3.495,1,0,NaN
06:26:04,L232,82.62,4,"L232_3,L232_2,L232_1,L232_0",0.0,1,11.38,3.7425,1,0,NaN
06:26:06,L232,82.62,4,"L232_3,L232_2,L232_1,L232_0",0.0,1,14.7,4.8925,1,0,NaN
06:26:08,L232,82.62,4,"L232_3,L232_2,L232_1,L232_0",0.0,1,15.104999999999999,6.29,1,0,NaN
06:26:10,L232,82.62,4,"L232_3,L232_2,L232_1,L232_0",0.0,2,17.115,5.9799999999999995,2,0,NaN
06:26:12,L232,82.62,4,"L232_3,L232_2,L232_1,L232_0",0.0,1,14.5275,4.8950000000000005,1,0,NaN
06:26:14,L232,82.62,4,"L232_3,L232_2,L232_1,L232_0",0.0,1,11.6175,4.8925,1,0,NaN
06:26:16,L232,82.62,4,"L232_3,L232_2,L232_1,L232_0",0.0,1,11.149999999999999,3.6325000000000003,1,0,NaN
06:26:18,L232,82.62,4,"L232_3,L232_2,L232_1,L232_0",0.0,1,8.92,4.3575,1,0,NaN
06:26:20,L232,82.62,4,"L232_3,L232_2,L232_1,L232_0",0.0,1,6.584999999999999,4.0875,1,0,NaN
06:26:22,L232,82.62,4,"L232_3,L232_2,L232_1,L232_0",0.0,1,9.42,4.1875,1,0,NaN
06:26:24,L232,82.62,4,"L232_3,L232_2,L232_1,L232_0",0.0,1,9.58,4.5025,1,0,NaN
06:26:26,L232,82.62,4,"L232_3,L232_2,L232_1,L232_0",0.0,1,7.85,5.0425,1,0,NaN
06:26:28,L232,82.62,4,"L232_3,L232_2,L232_1,L232_0",0.0,1,8.06,4.3625,1,0,NaN
06:26:30,L232,82.62,4,"L232_3,L232_2,L232_1,L232_0",0.0,2,11.86,4.6625,2,0,NaN
06:26:32,L232,82.62,4,"L232_3,L232_2,L232_1,L232_0",0.0,1,9.9725,4.905,1,0,NaN
06:26:34,L232,82.62,4,"L232_3,L232_2,L232_1,L232_0",0.0,1,12.9925,4.3625,1,0,NaN
06:26:36,L232,82.62,4,"L232_3,L232_2,L232_1,L232_0",0.0,1,10.3975,5.5925,1,0,NaN
06:26:38,L232,82.62,4,"L232_3,L232_2,L232_1,L232_0",0.0,2,13.4675,5.395,2,0,NaN
06:26:40,L232,82.62,4,"L232_3,L232_2,L232_1,L232_0",0.0,1,10.27,5.23,1,0,NaN
06:26:42,L232,82.62,4,"L232_3,L232_2,L232_1,L232_0",0.0,1,10.9125,4.8925,1,0,NaN
06:26:44,L232,82.62,4,"L232_3,L232_2,L232_1,L232_0",0.0,2,12.425,6.005,2,0,NaN
06:26:46,L232,82.62,4,"L232_3,L232_2,L232_1,L232_0",0.0,2,12.185,5.64,2,0,NaN
06:26:48,L232,82.62,4,"L232_3,L232_2,L232_1,L232_0",0.0,1,11.579999999999998,6.025,1,0,NaN
06:26:50,L232,82.62,4,"L232_3,L232_2,L232_1,L232_0",0.0,2,10.709999999999999,4.6175,2,0,NaN
06:26:52,L232,82.62,4,"L232_3,L232_2,L232_1,L232_0",0.0,1,11.18,6.415,1,0,NaN
06:26:54,L232,82.62,4,"L232_3,L232_2,L232_1,L232_0",0.0,2,13.774999999999999,5.994999999999999,2,0,NaN
06:26:56,L232,82.62,4,"L232_3,L232_2,L232_1,L232_0",0.0,2,14.329999999999998,6.9875,2,0,NaN
06:26:58,L232,82.62,4,"L232_3,L232_2,L232_1,L232_0",0.0,2,15.084999999999999,6.9525,2,0,NaN
06:27:00,L232,82.62,4,"L232_3,L232_2,L232_1,L232_0",0.0,1,11.045,5.5975,1,0,NaN
06:27:02,L232,82.62,4,"L232_3,L232_2,L232_1,L232_0",0.0,2,16.8125,5.785,2,0,NaN
06:27:04,L232,82.62,4,"L232_3,L232_2,L232_1,L232_0",0.0,2,17.5675,7.435,2,0,NaN
06:27:06,L232,82.62,4,"L232_3,L232_2,L232_1,L232_0",0.0,2,13.5575,7.875,2,0,NaN
06:27:08,L232,82.62,4,"L232_3,L232_2,L232_1,L232_0",0.0,2,16.3275,7.6000000000000005,2,0,NaN
06:27:10,L232,82.62,4,"L232_3,L232_2,L232_1,L232_0",0.0,2,13.73,5.8875,2,0,NaN
06:27:12,L232,82.62,4,"L232_3,L232_2,L232_1,L232_0",0.0,2,14.82,6.9975,2,0,NaN
06:27:14,L232,82.62,4,"L232_3,L232_2,L232_1,L232_0",0.0,2,14.072500000000002,6.7025,2,0,NaN
06:27:16,L232,82.62,4,"L232_3,L232_2,L232_1,L232_0",0.0,2,13.0625,5.572500000000001,2,0,NaN
06:27:18,L232,82.62,4,"L232_3,L232_2,L232_1,L232_0",0.0,1,11.3675,4.5275,1,0,NaN
06:27:20,L232,82.62,4,"L232_3,L232_2,L232_1,L232_0",0.0,1,12.107500000000002,4.4399999999999995,1,0,NaN
06:27:22,L232,82.62,4,"L232_3,L232_2,L232_1,L232_0",0.0,1,13.745000000000001,6.3175,1,0,NaN
06:27:24,L232,82.62,4,"L232_3,L232_2,L232_1,L232_0",0.0,2,16.545,6.43,2,0,NaN
06:27:26,L232,82.62,4,"L232_3,L232_2,L232_1,L232_0",0.0,2,15.785,5.76,2,0,NaN
06:27:28,L232,82.62,4,"L232_3,L232_2,L232_1,L232_0",0.0,1,13.362499999999999,5.225,1,0,NaN
06:27:30,L232,82.62,4,"L232_3,L232_2,L232_1,L232_0",0.0,1,13.35,4.7725,1,0,NaN
06:27:32,L232,82.62,4,"L232_3,L232_2,L232_1,L232_0",0.0,1,12.602500000000001,5.5925,1,0,NaN
06:27:34,L232,82.62,4,"L232_3,L232_2,L232_1,L232_0",0.0,2,18.0875,6.1049999999999995,2,0,NaN
06:27:36,L232,82.62,4,"L232_3,L232_2,L232_1,L232_0",0.0,2,15.717500000000001,6.335,2,0,NaN
06:27:38,L232,82.62,4,"L232_3,L232_2,L232_1,L232_0",0.0,1,13.655,6.3425,1,0,NaN
06:27:40,L232,82.62,4,"L232_3,L232_2,L232_1,L232_0",0.0,2,18.7425,6.26,2,0,NaN
06:27:42,L232,82.62,4,"L232_3,L232_2,L232_1,L232_0",0.0,1,10.584999999999999,3.495,1,0,NaN
06:27:44,L232,82.62,4,"L232_3,L232_2,L232_1,L232_0",0.0,1,7.852500000000001,3.495,1,0,NaN
06:27:46,L232,82.62,4,"L232_3,L232_2,L232_1,L232_0",0.0,0,5.61,2.795,0,0,NaN
06:27:48,L232,82.62,4,"L232_3,L232_2,L232_1,L232_0",0.0,1,8.7375,3.5175,1,0,NaN
06:27:50,L232,82.62,4,"L232_3,L232_2,L232_1,L232_0",0.0,2,19.835,5.3475,2,0,NaN
06:27:52,L232,82.62,4,"L232_3,L232_2,L232_1,L232_0",0.0,1,12.040000000000001,5.59,1,0,NaN
06:27:54,L232,82.62,4,"L232_3,L232_2,L232_1,L232_0",0.0,1,12.6675,5.6225000000000005,1,0,NaN
06:27:56,L232,82.62,4,"L232_3,L232_2,L232_1,L232_0",0.0,2,13.77,4.5175,2,0,NaN
06:27:58,L232,82.62,4,"L232_3,L232_2,L232_1,L232_0",0.0,1,8.12,4.3375,1,0,NaN
06:28:00,L232,82.62,4,"L232_3,L232_2,L232_1,L232_0",0.0,1,7.57,4.4975,1,0,NaN
06:28:02,L232,82.62,4,"L232_3,L232_2,L232_1,L232_0",0.0,1,7.06,3.65,1,0,NaN
06:28:04,L232,82.62,4,"L232_3,L232_2,L232_1,L232_0",0.0,1,5.13,3.9825,1,0,NaN
06:28:06,L232,82.62,4,"L232_3,L232_2,L232_1,L232_0",0.0,1,6.72,4.0575,1,0,NaN
06:28:08,L232,82.62,4,"L232_3,L232_2,L232_1,L232_0",0.0,1,5.9025,4.195,1,0,NaN
06:28:10,L232,82.62,4,"L232_3,L232_2,L232_1,L232_0",0.0,1,9.31,4.585,1,0,NaN
06:28:12,L232,82.62,4,"L232_3,L232_2,L232_1,L232_0",0.0,2,13.442499999999999,5.035,2,0,NaN
06:28:14,L232,82.62,4,"L232_3,L232_2,L232_1,L232_0",0.0,1,12.135,5.5925,1,0,NaN
06:28:16,L232,82.62,4,"L232_3,L232_2,L232_1,L232_0",0.0,2,15.23,6.455,2,0,NaN
06:28:18,L232,82.62,4,"L232_3,L232_2,L232_1,L232_0",0.0,1,12.995000000000001,6.29,1,0,NaN
06:28:20,L232,82.62,4,"L232_3,L232_2,L232_1,L232_0",0.0,1,13.802499999999998,5.7725,1,0,NaN
06:28:22,L232,82.62,4,"L232_3,L232_2,L232_1,L232_0",0.0,1,14.39,4.855,1,0,NaN
06:28:24,L232,82.62,4,"L232_3,L232_2,L232_1,L232_0",0.0,1,11.702499999999999,3.495,1,0,NaN
06:28:26,L232,82.62,4,"L232_3,L232_2,L232_1,L232_0",0.0,1,8.6775,3.6325,1,0,NaN
06:28:28,L232,82.62,4,"L232_3,L232_2,L232_1,L232_0",0.0,1,11.45,4.195,1,0,NaN
06:28:30,L232,82.62,4,"L232_3,L232_2,L232_1,L232_0",0.0,1,12.737499999999999,4.8225,1,0,NaN
06:28:32,L232,82.62,4,"L232_3,L232_2,L232_1,L232_0",0.0,1,9.82,4.815,1,0,NaN
06:28:34,L232,82.62,4,"L232_3,L232_2,L232_1,L232_0",0.0,1,9.26,4.405,1,0,NaN
06:28:36,L232,82.62,4,"L232_3,L232_2,L232_1,L232_0",0.0,2,15.422500000000001,4.835,2,0,NaN
06:28:38,L232,82.62,4,"L232_3,L232_2,L232_1,L232_0",0.0,1,11.3,4.475,1,0,NaN
06:28:40,L232,82.62,4,"L232_3,L232_2,L232_1,L232_0",0.0,1,10.93,5.8675,1,0,NaN
06:28:42,L232,82.62,4,"L232_3,L232_2,L232_1,L232_0",0.0,2,14.3125,6.83,2,0,NaN
06:28:44,L232,82.62,4,"L232_3,L232_2,L232_1,L232_0",0.0,2,15.389999999999999,6.965,2,0,NaN
06:28:46,L232,82.62,4,"L232_3,L232_2,L232_1,L232_0",0.0,2,17.085,6.6425,2,0,NaN
06:28:48,L232,82.62,4,"L232_3,L232_2,L232_1,L232_0",0.0,2,17.655,5.5925,2,0,NaN
06:28:50,L232,82.62,4,"L232_3,L232_2,L232_1,L232_0",0.0,2,17.685000000000002,5.5925,2,0,NaN
06:28:52,L232,82.62,4,"L232_3,L232_2,L232_1,L232_0",0.0,1,14.649999999999999,6.0475,1,0,NaN
06:28:54,L232,82.62,4,"L232_3,L232_2,L232_1,L232_0",0.0,1,14.63,5.5925,1,0,NaN
06:28:56,L232,82.62,4,"L232_3,L232_2,L232_1,L232_0",0.0,2,16.655,5.952500000000001,2,0,NaN
06:28:58,L232,82.62,4,"L232_3,L232_2,L232_1,L232_0",0.0,2,12.535,5.3525,2,0,NaN
06:29:00,L232,82.62,4,"L232_3,L232_2,L232_1,L232_0",0.0,1,12.8175,6.99,1,0,NaN
06:29:02,L232,82.62,4,"L232_3,L232_2,L232_1,L232_0",0.0,2,16.595,6.355,2,0,NaN
06:29:04,L232,82.62,4,"L232_3,L232_2,L232_1,L232_0",0.0,1,14.45,4.8925,1,0,NaN
06:29:06,L232,82.62,4,"L232_3,L232_2,L232_1,L232_0",0.0,1,11.844999999999999,3.495,1,0,NaN
06:29:08,L232,82.62,4,"L232_3,L232_2,L232_1,L232_0",0.0,0,5.395,2.615,0,0,NaN
06:29:10,L232,82.62,4,"L232_3,L232_2,L232_1,L232_0",0.0,1,7.995,2.0975,1,0,NaN
06:29:12,L232,82.62,4,"L232_3,L232_2,L232_1,L232_0",0.0,1,8.5725,2.0975,1,0,NaN
06:29:14,L232,82.62,4,"L232_3,L232_2,L232_1,L232_0",0.0,1,8.7225,3.495,1,0,NaN
06:29:16,L232,82.62,4,"L232_3,L232_2,L232_1,L232_0",0.0,1,10.39,4.815,1,0,NaN
06:29:18,L232,82.62,4,"L232_3,L232_2,L232_1,L232_0",0.0,1,12.9925,5.5925,1,0,NaN
06:29:20,L232,82.62,4,"L232_3,L232_2,L232_1,L232_0",0.0,1,12.875,4.29,1,0,NaN
06:29:22,L232,82.62,4,"L232_3,L232_2,L232_1,L232_0",0.0,1,11.375,4.702500000000001,1,0,NaN
06:29:24,L232,82.62,4,"L232_3,L232_2,L232_1,L232_0",0.0,1,15.0025,4.6075,1,0,NaN
06:29:26,L232,82.62,4,"L232_3,L232_2,L232_1,L232_0",0.0,1,14.2625,4.8925,1,0,NaN
06:29:28,L232,82.62,4,"L232_3,L232_2,L232_1,L232_0",0.0,1,14.2875,5.375,1,0,NaN
06:29:30,L232,82.62,4,"L232_3,L232_2,L232_1,L232_0",0.0,1,14.450000000000001,5.515,1,0,NaN
06:29:32,L232,82.62,4,"L232_3,L232_2,L232_1,L232_0",0.0,2,19.305000000000003,5.742500000000001,2,0,NaN
06:29:34,L232,82.62,4,"L232_3,L232_2,L232_1,L232_0",0.0,2,13.729999999999999,6.5025,2,0,NaN
06:29:36,L232,82.62,4,"L232_3,L232_2,L232_1,L232_0",0.0,2,12.6825,6.6525,2,0,NaN
06:29:38,L232,82.62,4,"L232_3,L232_2,L232_1,L232_0",0.0,2,13.405,6.5175,2,0,NaN
06:29:40,L232,82.62,4,"L232_3,L232_2,L232_1,L232_0",0.0,2,16.6225,5.515,2,0,NaN
06:29:42,L232,82.62,4,"L232_3,L232_2,L232_1,L232_0",0.0,1,10.559999999999999,5.56,1,0,NaN
06:29:44,L232,82.62,4,"L232_3,L232_2,L232_1,L232_0",0.0,2,12.84,6.24,2,0,NaN
06:29:46,L232,82.62,4,"L232_3,L232_2,L232_1,L232_0",0.0,2,14.355,7.265,2,0,NaN
06:29:48,L232,82.62,4,"L232_3,L232_2,L232_1,L232_0",0.0,2,18.21,8.605,2,0,NaN
06:29:50,L232,82.62,4,"L232_3,L232_2,L232_1,L232_0",0.0,2,19.9,9.037500000000001,2,0,NaN
06:29:52,L232,82.62,4,"L232_3,L232_2,L232_1,L232_0",0.0,2,18.625,7.8425,2,0,NaN
06:29:54,L232,82.62,4,"L232_3,L232_2,L232_1,L232_0",0.0,2,20.9275,6.515000000000001,2,0,NaN
06:29:56,L232,82.62,4,"L232_3,L232_2,L232_1,L232_0",0.0,2,13.3625,6.1075,2,0,NaN
06:29:58,L232,82.62,4,"L232_3,L232_2,L232_1,L232_0",0.0,1,12.2725,5.1975,1,0,NaN
06:30:00,L232,82.62,4,"L232_3,L232_2,L232_1,L232_0",0.0,2,11.657499999999999,4.57,2,0,NaN
06:30:02,L232,82.62,4,"L232_3,L232_2,L232_1,L232_0",0.0,1,8.02,3.3875,1,0,NaN
06:30:04,L232,82.62,4,"L232_3,L232_2,L232_1,L232_0",0.0,1,6.6075,4.195,1,0,NaN
06:30:06,L232,82.62,4,"L232_3,L232_2,L232_1,L232_0",0.0,1,9.96,4.4875,1,0,NaN
06:30:08,L232,82.62,4,"L232_3,L232_2,L232_1,L232_0",0.0,1,10.72,4.51,1,0,NaN
06:30:10,L232,82.62,4,"L232_3,L232_2,L232_1,L232_0",0.0,1,11.174999999999999,4.88,1,0,NaN
06:30:12,L232,82.62,4,"L232_3,L232_2,L232_1,L232_0",0.0,1,9.48,4.195,1,0,NaN
06:30:14,L232,82.62,4,"L232_3,L232_2,L232_1,L232_0",0.0,1,9.5,4.1525,1,0,NaN
06:30:16,L232,82.62,4,"L232_3,L232_2,L232_1,L232_0",0.0,1,7.0874999999999995,3.495,1,0,NaN
06:30:18,L232,82.62,4,"L232_3,L232_2,L232_1,L232_0",0.0,1,7.282500000000001,4.195,1,0,NaN
06:30:20,L232,82.62,4,"L232_3,L232_2,L232_1,L232_0",0.0,1,11.01,4.7325,1,0,NaN
06:30:22,L232,82.62,4,"L232_3,L232_2,L232_1,L232_0",0.0,2,16.365000000000002,4.8,2,0,NaN
06:30:24,L232,82.62,4,"L232_3,L232_2,L232_1,L232_0",0.0,1,14.825,4.685,1,0,NaN
06:30:26,L232,82.62,4,"L232_3,L232_2,L232_1,L232_0",0.0,1,11.77,4.16,1,0,NaN
06:30:28,L232,82.62,4,"L232_3,L232_2,L232_1,L232_0",0.0,1,14.6075,5.5925,1,0,NaN
06:30:30,L232,82.62,4,"L232_3,L232_2,L232_1,L232_0",0.0,1,14.945,5.202500000000001,1,0,NaN
06:30:32,L232,82.62,4,"L232_3,L232_2,L232_1,L232_0",0.0,1,14.9225,4.8925,1,0,NaN
06:30:34,L232,82.62,4,"L232_3,L232_2,L232_1,L232_0",0.0,1,11.515,3.495,1,0,NaN
06:30:36,L232,82.62,4,"L232_3,L232_2,L232_1,L232_0",0.0,1,8.817499999999999,3.065,1,0,NaN
06:30:38,L232,82.62,4,"L232_3,L232_2,L232_1,L232_0",0.0,1,11.955,3.4675,1,0,NaN
06:30:40,L232,82.62,4,"L232_3,L232_2,L232_1,L232_0",0.0,1,8.99,2.795,1,0,NaN
06:30:42,L232,82.62,4,"L232_3,L232_2,L232_1,L232_0",0.0,1,11.6475,4.325,1,0,NaN
06:30:44,L232,82.62,4,"L232_3,L232_2,L232_1,L232_0",0.0,1,11.840000000000002,4.1925,1,0,NaN
06:30:46,L232,82.62,4,"L232_3,L232_2,L232_1,L232_0",0.0,1,11.5775,4.359999999999999,1,0,NaN
06:30:48,L232,82.62,4,"L232_3,L232_2,L232_1,L232_0",0.0,1,11.68,4.8950000000000005,1,0,NaN
06:30:50,L232,82.62,4,"L232_3,L232_2,L232_1,L232_0",0.0,1,12.07,4.18,1,0,NaN
06:30:52,L232,82.62,4,"L232_3,L232_2,L232_1,L232_0",0.0,1,11.5,4.2625,1,0,NaN
06:30:54,L232,82.62,4,"L232_3,L232_2,L232_1,L232_0",0.0,1,11.92,4.8925,1,0,NaN
06:30:56,L232,82.62,4,"L232_3,L232_2,L232_1,L232_0",0.0,1,14.2425,5.2225,1,0,NaN
06:30:58,L232,82.62,4,"L232_3,L232_2,L232_1,L232_0",0.0,1,14.524999999999999,5.53,1,0,NaN
06:31:00,L232,82.62,4,"L232_3,L232_2,L232_1,L232_0",0.0,1,14.735,4.0175,1,0,NaN
06:31:02,L232,82.62,4,"L232_3,L232_2,L232_1,L232_0",0.0,1,15.145,4.5075,1,0,NaN
06:31:04,L232,82.62,4,"L232_3,L232_2,L232_1,L232_0",0.0,1,14.4075,3.98,1,0,NaN
06:31:06,L232,82.62,4,"L232_3,L232_2,L232_1,L232_0",0.0,1,11.53,4.605,1,0,NaN
06:31:08,L232,82.62,4,"L232_3,L232_2,L232_1,L232_0",0.0,1,11.8125,4.7075,1,0,NaN
06:31:10,L232,82.62,4,"L232_3,L232_2,L232_1,L232_0",0.0,1,8.9025,3.085,1,0,NaN
06:31:12,L232,82.62,4,"L232_3,L232_2,L232_1,L232_0",0.0,1,8.805,2.365,1,0,NaN
06:31:14,L232,82.62,4,"L232_3,L232_2,L232_1,L232_0",0.0,1,8.39,3.255,1,0,NaN
06:31:16,L232,82.62,4,"L232_3,L232_2,L232_1,L232_0",0.0,1,7.27,4.0375,1,0,NaN
06:31:18,L232,82.62,4,"L232_3,L232_2,L232_1,L232_0",0.0,1,12.407499999999999,5.005,1,0,NaN
06:31:20,L232,82.62,4,"L232_3,L232_2,L232_1,L232_0",0.0,2,15.895,4.305,2,0,NaN
06:31:22,L232,82.62,4,"L232_3,L232_2,L232_1,L232_0",0.0,1,11.915,4.1925,1,0,NaN
06:31:24,L232,82.62,4,"L232_3,L232_2,L232_1,L232_0",0.0,1,13.0775,5.2,1,0,NaN
06:31:26,L232,82.62,4,"L232_3,L232_2,L232_1,L232_0",0.0,1,10.88,4.3374999999999995,1,0,NaN
06:31:28,L232,82.62,4,"L232_3,L232_2,L232_1,L232_0",0.0,1,11.68,3.8025,1,0,NaN
06:31:30,L232,82.62,4,"L232_3,L232_2,L232_1,L232_0",0.0,1,11.695,4.8925,1,0,NaN
06:31:32,L232,82.62,4,"L232_3,L232_2,L232_1,L232_0",0.0,1,14.5625,4.715,1,0,NaN
06:31:34,L232,82.62,4,"L232_3,L232_2,L232_1,L232_0",0.0,1,15.145,5.5024999999999995,1,0,NaN
06:31:36,L232,82.62,4,"L232_3,L232_2,L232_1,L232_0",0.0,1,14.65,5.5925,1,0,NaN
06:31:38,L232,82.62,4,"L232_3,L232_2,L232_1,L232_0",0.0,1,14.7275,5.5925,1,0,NaN
06:31:40,L232,82.62,4,"L232_3,L232_2,L232_1,L232_0",0.0,2,17.645,4.21,2,0,NaN
06:31:42,L232,82.62,4,"L232_3,L232_2,L232_1,L232_0",0.0,1,11.72,4.8925,1,0,NaN
06:31:44,L232,82.62,4,"L232_3,L232_2,L232_1,L232_0",0.0,1,14.075,5.1425,1,0,NaN
06:31:46,L232,82.62,4,"L232_3,L232_2,L232_1,L232_0",0.0,2,17.1475,4.8950000000000005,2,0,NaN
06:31:48,L232,82.62,4,"L232_3,L232_2,L232_1,L232_0",0.0,1,14.415,5.3100000000000005,1,0,NaN
06:31:50,L232,82.62,4,"L232_3,L232_2,L232_1,L232_0",0.0,2,17.495,5.985,2,0,NaN
06:31:52,L232,82.62,4,"L232_3,L232_2,L232_1,L232_0",0.0,2,17.38,6.5575,2,0,NaN
06:31:54,L232,82.62,4,"L232_3,L232_2,L232_1,L232_0",0.0,2,19.872500000000002,8.350000000000001,2,0,NaN
06:31:56,L232,82.62,4,"L232_3,L232_2,L232_1,L232_0",0.0,2,16.14,7.75,2,0,NaN
06:31:58,L232,82.62,4,"L232_3,L232_2,L232_1,L232_0",0.0,1,12.872499999999999,4.797499999999999,1,0,NaN
06:32:00,L232,82.62,4,"L232_3,L232_2,L232_1,L232_0",0.0,1,10.91,1.7625,1,0,NaN
06:32:02,L232,82.62,4,"L232_3,L232_2,L232_1,L232_0",0.0,0,6.0525,1.3975,0,0,NaN
06:32:04,L232,82.62,4,"L232_3,L232_2,L232_1,L232_0",0.0,0,3.0125,1.3975,0,0,NaN
06:32:06,L232,82.62,4,"L232_3,L232_2,L232_1,L232_0",0.0,0,5.93,2.795,0,0,NaN
06:32:08,L232,82.62,4,"L232_3,L232_2,L232_1,L232_0",0.0,1,8.647499999999999,3.3425,1,0,NaN
06:32:10,L232,82.62,4,"L232_3,L232_2,L232_1,L232_0",0.0,1,8.55,4.195,1,0,NaN
06:32:12,L232,82.62,4,"L232_3,L232_2,L232_1,L232_0",0.0,1,11.58,4.8925,1,0,NaN
06:32:14,L232,82.62,4,"L232_3,L232_2,L232_1,L232_0",0.0,1,11.3775,4.1125,1,0,NaN
06:32:16,L232,82.62,4,"L232_3,L232_2,L232_1,L232_0",0.0,1,8.2575,3.495,1,0,NaN
06:32:18,L232,82.62,4,"L232_3,L232_2,L232_1,L232_0",0.0,1,9.0275,3.495,1,0,NaN
06:32:20,L232,82.62,4,"L232_3,L232_2,L232_1,L232_0",0.0,0,5.955,2.795,0,0,NaN
06:32:22,L232,82.62,4,"L232_3,L232_2,L232_1,L232_0",0.0,1,8.8125,2.795,1,0,NaN
06:32:24,L232,82.62,4,"L232_3,L232_2,L232_1,L232_0",0.0,1,14.852500000000001,4.7700000000000005,1,0,NaN
06:32:26,L232,82.62,4,"L232_3,L232_2,L232_1,L232_0",0.0,2,17.695,6.2925,2,0,NaN
06:32:28,L232,82.62,4,"L232_3,L232_2,L232_1,L232_0",0.0,2,17.5525,7.6875,2,0,NaN
06:32:30,L232,82.62,4,"L232_3,L232_2,L232_1,L232_0",0.0,2,20.080000000000002,7.69,2,0,NaN
06:32:32,L232,82.62,4,"L232_3,L232_2,L232_1,L232_0",0.0,2,16.927500000000002,6.227500000000001,2,0,NaN
06:32:34,L232,82.62,4,"L232_3,L232_2,L232_1,L232_0",0.0,1,13.084999999999999,6.1725,1,0,NaN
06:32:36,L232,82.62,4,"L232_3,L232_2,L232_1,L232_0",0.0,1,13.032499999999999,5.967499999999999,1,0,NaN
06:32:38,L232,82.62,4,"L232_3,L232_2,L232_1,L232_0",0.0,1,11.930000000000001,4.735,1,0,NaN
06:32:40,L232,82.62,4,"L232_3,L232_2,L232_1,L232_0",0.0,1,11.98,4.6525,1,0,NaN
06:32:42,L232,82.62,4,"L232_3,L232_2,L232_1,L232_0",0.0,1,11.815,4.305,1,0,NaN
06:32:44,L232,82.62,4,"L232_3,L232_2,L232_1,L232_0",0.0,1,14.732500000000002,4.28,1,0,NaN
06:32:46,L232,82.62,4,"L232_3,L232_2,L232_1,L232_0",0.0,2,17.64,4.245,2,0,NaN
06:32:48,L232,82.62,4,"L232_3,L232_2,L232_1,L232_0",0.0,1,11.86,4.195,1,0,NaN
06:32:50,L232,82.62,4,"L232_3,L232_2,L232_1,L232_0",0.0,1,14.175,4.3,1,0,NaN
06:32:52,L232,82.62,4,"L232_3,L232_2,L232_1,L232_0",0.0,1,14.375,4.345,1,0,NaN
06:32:54,L232,82.62,4,"L232_3,L232_2,L232_1,L232_0",0.0,1,11.97,4.4525,1,0,NaN
06:32:56,L232,82.62,4,"L232_3,L232_2,L232_1,L232_0",0.0,1,11.78,4.8925,1,0,NaN
06:32:58,L232,82.62,4,"L232_3,L232_2,L232_1,L232_0",0.0,1,11.74,4.8925,1,0,NaN
06:33:00,L232,82.62,4,"L232_3,L232_2,L232_1,L232_0",0.0,1,14.58,5.5925,1,0,NaN
06:33:02,L232,82.62,4,"L232_3,L232_2,L232_1,L232_0",0.0,1,14.775000000000002,5.657500000000001,1,0,NaN
06:33:04,L232,82.62,4,"L232_3,L232_2,L232_1,L232_0",0.0,2,17.805,6.535,2,0,NaN
06:33:06,L232,82.62,4,"L232_3,L232_2,L232_1,L232_0",0.0,2,20.6175,7.4725,2,0,NaN
06:33:08,L232,82.62,4,"L232_3,L232_2,L232_1,L232_0",0.0,2,20.450000000000003,7.6225,2,0,NaN
06:33:10,L232,82.62,4,"L232_3,L232_2,L232_1,L232_0",0.0,2,17.67,6.365,2,0,NaN
06:33:12,L232,82.62,4,"L232_3,L232_2,L232_1,L232_0",0.0,2,18.119999999999997,5.8075,2,0,NaN
06:33:14,L232,82.62,4,"L232_3,L232_2,L232_1,L232_0",0.0,1,14.940000000000001,4.02,1,0,NaN
06:33:16,L232,82.62,4,"L232_3,L232_2,L232_1,L232_0",0.0,1,11.67,3.34,1,0,NaN
06:33:18,L232,82.62,4,"L232_3,L232_2,L232_1,L232_0",0.0,1,8.91,3.495,1,0,NaN
06:33:20,L232,82.62,4,"L232_3,L232_2,L232_1,L232_0",0.0,1,8.595,4.195,1,0,NaN
06:33:22,L232,82.62,4,"L232_3,L232_2,L232_1,L232_0",0.0,1,11.95,3.495,1,0,NaN
06:33:24,L232,82.62,4,"L232_3,L232_2,L232_1,L232_0",0.0,1,14.924999999999999,4.7175,1,0,NaN
06:33:26,L232,82.62,4,"L232_3,L232_2,L232_1,L232_0",0.0,1,14.5875,4.8925,1,0,NaN
06:33:28,L232,82.62,4,"L232_3,L232_2,L232_1,L232_0",0.0,1,11.38,5.0025,1,0,NaN
06:33:30,L232,82.62,4,"L232_3,L232_2,L232_1,L232_0",0.0,2,23.230000000000004,6.15,2,0,NaN
06:33:32,L232,82.62,4,"L232_3,L232_2,L232_1,L232_0",0.0,1,15.065000000000001,4.8925,1,0,NaN
06:33:34,L232,82.62,4,"L232_3,L232_2,L232_1,L232_0",0.0,2,17.4925,5.24,2,0,NaN
06:33:36,L232,82.62,4,"L232_3,L232_2,L232_1,L232_0",0.0,2,15.850000000000001,5.185,2,0,NaN
06:33:38,L232,82.62,4,"L232_3,L232_2,L232_1,L232_0",0.0,1,10.4625,4.1925,1,0,NaN
06:33:40,L232,82.62,4,"L232_3,L232_2,L232_1,L232_0",0.0,1,10.375,3.975,1,0,NaN
06:33:42,L232,82.62,4,"L232_3,L232_2,L232_1,L232_0",0.0,1,10.045,3.7475,1,0,NaN
06:33:44,L232,82.62,4,"L232_3,L232_2,L232_1,L232_0",0.0,1,9.125,4.1274999999999995,1,0,NaN
06:33:46,L232,82.62,4,"L232_3,L232_2,L232_1,L232_0",0.0,1,8.23,3.8899999999999997,1,0,NaN
06:33:48,L232,82.62,4,"L232_3,L232_2,L232_1,L232_0",0.0,1,10.0875,3.8825,1,0,NaN
06:33:50,L232,82.62,4,"L232_3,L232_2,L232_1,L232_0",0.0,1,10.66,4.88,1,0,NaN
06:33:52,L232,82.62,4,"L232_3,L232_2,L232_1,L232_0",0.0,2,16.455000000000002,4.5,2,0,NaN
06:33:54,L232,82.62,4,"L232_3,L232_2,L232_1,L232_0",0.0,1,11.97,4.205,1,0,NaN
06:33:56,L232,82.62,4,"L232_3,L232_2,L232_1,L232_0",0.0,2,17.19,5.4175,2,0,NaN
06:33:58,L232,82.62,4,"L232_3,L232_2,L232_1,L232_0",0.0,1,11.97,4.215,1,0,NaN
06:34:00,L232,82.62,4,"L232_3,L232_2,L232_1,L232_0",0.0,1,10.3,4.49,1,0,NaN
06:34:02,L232,82.62,4,"L232_3,L232_2,L232_1,L232_0",0.0,1,8.51,4.6125,1,0,NaN
06:34:04,L232,82.62,4,"L232_3,L232_2,L232_1,L232_0",0.0,2,14.044999999999998,5.8375,2,0,NaN
06:34:06,L232,82.62,4,"L232_3,L232_2,L232_1,L232_0",0.0,2,16.05,5.7525,2,0,NaN
06:34:08,L232,82.62,4,"L232_3,L232_2,L232_1,L232_0",0.0,1,12.7775,6.29,1,0,NaN
06:34:10,L232,82.62,4,"L232_3,L232_2,L232_1,L232_0",0.0,2,16.4725,6.4125,2,0,NaN
06:34:12,L232,82.62,4,"L232_3,L232_2,L232_1,L232_0",0.0,2,14.194999999999999,5.805000000000001,2,0,NaN
06:34:14,L232,82.62,4,"L232_3,L232_2,L232_1,L232_0",0.0,2,14.56,5.7425,2,0,NaN
06:34:16,L232,82.62,4,"L232_3,L232_2,L232_1,L232_0",0.0,2,15.665,5.965,2,0,NaN
06:34:18,L232,82.62,4,"L232_3,L232_2,L232_1,L232_0",0.0,2,15.2775,5.7875,2,0,NaN
06:34:20,L232,82.62,4,"L232_3,L232_2,L232_1,L232_0",0.0,1,11.9275,5.8025,1,0,NaN
06:34:22,L232,82.62,4,"L232_3,L232_2,L232_1,L232_0",0.0,1,11.32,4.3774999999999995,1,0,NaN
06:34:24,L232,82.62,4,"L232_3,L232_2,L232_1,L232_0",0.0,1,9.84,4.4425,1,0,NaN
06:34:26,L232,82.62,4,"L232_3,L232_2,L232_1,L232_0",0.0,1,12.004999999999999,6.085,1,0,NaN
06:34:28,L232,82.62,4,"L232_3,L232_2,L232_1,L232_0",0.0,1,13.940000000000001,6.757499999999999,1,0,NaN
06:34:30,L232,82.62,4,"L232_3,L232_2,L232_1,L232_0",0.0,1,13.46,5.59,1,0,NaN
06:34:32,L232,82.62,4,"L232_3,L232_2,L232_1,L232_0",0.0,2,15.5875,5.6525,2,0,NaN
06:34:34,L232,82.62,4,"L232_3,L232_2,L232_1,L232_0",0.0,1,9.557500000000001,4.705,1,0,NaN
06:34:36,L232,82.62,4,"L232_3,L232_2,L232_1,L232_0",0.0,1,9.43,4.047499999999999,1,0,NaN
06:34:38,L232,82.62,4,"L232_3,L232_2,L232_1,L232_0",0.0,1,10.7575,4.5125,1,0,NaN
06:34:40,L232,82.62,4,"L232_3,L232_2,L232_1,L232_0",0.0,2,16.5925,4.8925,2,0,NaN
06:34:42,L232,82.62,4,"L232_3,L232_2,L232_1,L232_0",0.0,2,16.72,6.55,2,0,NaN
06:34:44,L232,82.62,4,"L232_3,L232_2,L232_1,L232_0",0.0,2,15.375,6.2375,2,0,NaN
06:34:46,L232,82.62,4,"L232_3,L232_2,L232_1,L232_0",0.0,2,13.395,6.7275,2,0,NaN
06:34:48,L232,82.62,4,"L232_3,L232_2,L232_1,L232_0",0.0,2,10.665,7.045,2,0,NaN
06:34:50,L232,82.62,4,"L232_3,L232_2,L232_1,L232_0",0.0,2,9.625,6.775,2,0,NaN
06:34:52,L232,82.62,4,"L232_3,L232_2,L232_1,L232_0",0.0,2,12.169999999999998,7.4174999999999995,2,0,NaN
06:34:54,L232,82.62,4,"L232_3,L232_2,L232_1,L232_0",0.5775,2,9.205000000000002,6.99,2,0,NaN
06:34:56,L232,82.62,4,"L232_3,L232_2,L232_1,L232_0",0.465,2,9.925,6.637499999999999,2,0,NaN
06:34:58,L232,82.62,4,"L232_3,L232_2,L232_1,L232_0",1.155,2,13.362499999999997,7.22,2,0,NaN
06:35:00,L232,82.62,4,"L232_3,L232_2,L232_1,L232_0",1.085,2,11.3475,8.045,2,0,NaN
06:35:02,L232,82.62,4,"L232_3,L232_2,L232_1,L232_0",0.0,1,9.532499999999999,5.59,1,0,NaN
06:35:04,L232,82.62,4,"L232_3,L232_2,L232_1,L232_0",0.54,1,10.1675,6.6225,1,0,NaN
06:35:06,L232,82.62,4,"L232_3,L232_2,L232_1,L232_0",0.5775,2,11.8225,5.08,2,0,NaN
06:35:08,L232,82.62,4,"L232_3,L232_2,L232_1,L232_0",0.4825,1,6.49,4.78,1,0,NaN
06:35:10,L232,82.62,4,"L232_3,L232_2,L232_1,L232_0",0.5775,1,7.82,5.2325,1,0,NaN
06:35:12,L232,82.62,4,"L232_3,L232_2,L232_1,L232_0",0.0,1,12.385,4.1075,1,0,NaN
06:35:14,L232,82.62,4,"L232_3,L232_2,L232_1,L232_0",0.0,1,11.125,4.3575,1,0,NaN
06:35:16,L232,82.62,4,"L232_3,L232_2,L232_1,L232_0",0.0,2,16.925,7.6875,2,0,NaN
06:35:18,L232,82.62,4,"L232_3,L232_2,L232_1,L232_0",0.0,2,19.2575,7.69,2,0,NaN
06:35:20,L232,82.62,4,"L232_3,L232_2,L232_1,L232_0",0.0,2,21.82,8.7025,2,0,NaN
06:35:22,L232,82.62,4,"L232_3,L232_2,L232_1,L232_0",0.0,2,19.700000000000003,8.195,2,0,NaN
06:35:24,L232,82.62,4,"L232_3,L232_2,L232_1,L232_0",0.0,1,13.18,5.9375,1,0,NaN
06:35:26,L232,82.62,4,"L232_3,L232_2,L232_1,L232_0",0.0,2,19.47,5.984999999999999,2,0,NaN
06:35:28,L232,82.62,4,"L232_3,L232_2,L232_1,L232_0",0.0,2,15.83,6.5425,2,0,NaN
06:35:30,L232,82.62,4,"L232_3,L232_2,L232_1,L232_0",0.0,2,15.6,7.1274999999999995,2,0,NaN
06:35:32,L232,82.62,4,"L232_3,L232_2,L232_1,L232_0",0.0,2,14.209999999999999,6.132499999999999,2,0,NaN
06:35:34,L232,82.62,4,"L232_3,L232_2,L232_1,L232_0",0.0,1,12.0325,5.5925,1,0,NaN
06:35:36,L232,82.62,4,"L232_3,L232_2,L232_1,L232_0",0.0,1,9.3025,4.984999999999999,1,0,NaN
06:35:38,L232,82.62,4,"L232_3,L232_2,L232_1,L232_0",0.0,1,10.502500000000001,5.8475,1,0,NaN
06:35:40,L232,82.62,4,"L232_3,L232_2,L232_1,L232_0",0.0,2,14.6525,7.2975,2,0,NaN
06:35:42,L232,82.62,4,"L232_3,L232_2,L232_1,L232_0",0.0,2,15.5275,9.2075,2,0,NaN
06:35:44,L232,82.62,4,"L232_3,L232_2,L232_1,L232_0",0.0,2,15.725000000000001,8.592500000000001,2,0,NaN
06:35:46,L232,82.62,4,"L232_3,L232_2,L232_1,L232_0",0.0,2,13.8075,9.0075,2,0,NaN
06:35:48,L232,82.62,4,"L232_3,L232_2,L232_1,L232_0",0.0,2,12.147499999999999,7.1725,2,0,NaN
06:35:50,L232,82.62,4,"L232_3,L232_2,L232_1,L232_0",0.0,2,9.3875,6.2575,2,0,NaN
06:35:52,L232,82.62,4,"L232_3,L232_2,L232_1,L232_0",0.5775,2,8.235000000000001,5.8125,2,0,NaN
06:35:54,L232,82.62,4,"L232_3,L232_2,L232_1,L232_0",0.0,1,8.1175,6.3775,1,0,NaN
06:35:56,L232,82.62,4,"L232_3,L232_2,L232_1,L232_0",0.0,2,9.024999999999999,5.84,2,0,NaN
06:35:58,L232,82.62,4,"L232_3,L232_2,L232_1,L232_0",0.0,2,8.875,6.99,2,0,NaN
06:36:00,L232,82.62,4,"L232_3,L232_2,L232_1,L232_0",0.4875,2,9.522499999999999,7.6,2,0,NaN
06:36:02,L232,82.62,4,"L232_3,L232_2,L232_1,L232_0",0.0,2,14.459999999999999,7.5675,2,0,NaN
06:36:04,L232,82.62,4,"L232_3,L232_2,L232_1,L232_0",0.0,2,12.33,7.2475000000000005,2,0,NaN
06:36:06,L232,82.62,4,"L232_3,L232_2,L232_1,L232_0",0.0,2,13.715,7.6225,2,0,NaN
06:36:08,L232,82.62,4,"L232_3,L232_2,L232_1,L232_0",0.0,2,11.11,7.1274999999999995,2,0,NaN
06:36:10,L232,82.62,4,"L232_3,L232_2,L232_1,L232_0",0.0,2,12.0725,8.285,2,0,NaN
06:36:12,L232,82.62,4,"L232_3,L232_2,L232_1,L232_0",0.5775,2,9.8725,8.342500000000001,2,0,NaN
06:36:14,L232,82.62,4,"L232_3,L232_2,L232_1,L232_0",0.5775,2,11.445,10.219999999999999,2,0,NaN
06:36:16,L232,82.62,4,"L232_3,L232_2,L232_1,L232_0",0.0,2,15.715,11.315000000000001,2,0,NaN
06:36:18,L232,82.62,4,"L232_3,L232_2,L232_1,L232_0",1.155,2,17.48,11.8825,2,0,NaN
06:36:20,L232,82.62,4,"L232_3,L232_2,L232_1,L232_0",0.4725,2,19.705000000000002,10.8425,2,0,NaN
06:36:22,L232,82.62,4,"L232_3,L232_2,L232_1,L232_0",0.935,3,18.355,9.6375,3,0,NaN
06:36:24,L232,82.62,4,"L232_3,L232_2,L232_1,L232_0",0.0,2,11.5475,6.405,2,0,NaN
06:36:26,L232,82.62,4,"L232_3,L232_2,L232_1,L232_0",0.0,2,11.187499999999998,5.972499999999999,2,0,NaN
06:36:28,L232,82.62,4,"L232_3,L232_2,L232_1,L232_0",0.0,1,13.49,4.74,1,0,NaN
06:36:30,L232,82.62,4,"L232_3,L232_2,L232_1,L232_0",0.0,1,11.817499999999999,4.8925,1,0,NaN
06:36:32,L232,82.62,4,"L232_3,L232_2,L232_1,L232_0",0.0,1,11.5425,4.8950000000000005,1,0,NaN
06:36:34,L232,82.62,4,"L232_3,L232_2,L232_1,L232_0",0.0,1,11.42,3.95,1,0,NaN
06:36:36,L232,82.62,4,"L232_3,L232_2,L232_1,L232_0",0.0,1,8.19,3.6275,1,0,NaN
06:36:38,L232,82.62,4,"L232_3,L232_2,L232_1,L232_0",0.0,1,11.47,3.6875,1,0,NaN
06:36:40,L232,82.62,4,"L232_3,L232_2,L232_1,L232_0",0.0,0,6.055,2.795,0,0,NaN
06:36:42,L232,82.62,4,"L232_3,L232_2,L232_1,L232_0",0.0,1,8.6175,2.9925,1,0,NaN
06:36:44,L232,82.62,4,"L232_3,L232_2,L232_1,L232_0",0.0,0,6.01,2.3275,0,0,NaN
06:36:46,L232,82.62,4,"L232_3,L232_2,L232_1,L232_0",0.0,1,8.55,2.795,1,0,NaN
06:36:48,L232,82.62,4,"L232_3,L232_2,L232_1,L232_0",0.0,1,10.33,4.0275,1,0,NaN
06:36:50,L232,82.62,4,"L232_3,L232_2,L232_1,L232_0",0.0,1,9.15,4.195,1,0,NaN
06:36:52,L232,82.62,4,"L232_3,L232_2,L232_1,L232_0",0.0,1,8.75,4.6675,1,0,NaN
06:36:54,L232,82.62,4,"L232_3,L232_2,L232_1,L232_0",0.0,1,8.96,4.6575,1,0,NaN
06:36:56,L232,82.62,4,"L232_3,L232_2,L232_1,L232_0",0.0,1,11.4625,4.8925,1,0,NaN
06:36:58,L232,82.62,4,"L232_3,L232_2,L232_1,L232_0",0.0,2,15.059999999999999,6.715,2,0,NaN
06:37:00,L232,82.62,4,"L232_3,L232_2,L232_1,L232_0",0.0,2,16.5075,7.16,2,0,NaN
06:37:02,L232,82.62,4,"L232_3,L232_2,L232_1,L232_0",0.0,2,12.56,6.8075,2,0,NaN
06:37:04,L232,82.62,4,"L232_3,L232_2,L232_1,L232_0",0.0,2,9.7925,5.62,2,0,NaN
06:37:06,L232,82.62,4,"L232_3,L232_2,L232_1,L232_0",1.155,1,3.53,5.5,1,0,NaN
06:37:08,L232,82.62,4,"L232_3,L232_2,L232_1,L232_0",0.0,2,9.087499999999999,6.31,2,0,NaN
06:37:10,L232,82.62,4,"L232_3,L232_2,L232_1,L232_0",0.0,1,8.4725,5.5925,1,0,NaN
06:37:12,L232,82.62,4,"L232_3,L232_2,L232_1,L232_0",0.0,2,11.145000000000001,5.8575,2,0,NaN
06:37:14,L232,82.62,4,"L232_3,L232_2,L232_1,L232_0",0.4425,1,8.775,6.2075000000000005,1,0,NaN
06:37:16,L232,82.62,4,"L232_3,L232_2,L232_1,L232_0",0.0,2,12.834999999999999,7.0975,2,0,NaN
06:37:18,L232,82.62,4,"L232_3,L232_2,L232_1,L232_0",0.0,2,11.004999999999999,6.4725,2,0,NaN
06:37:20,L232,82.62,4,"L232_3,L232_2,L232_1,L232_0",0.0,2,13.425,7.795,2,0,NaN
06:37:22,L232,82.62,4,"L232_3,L232_2,L232_1,L232_0",0.0,1,10.64,5.805000000000001,1,0,NaN
06:37:24,L232,82.62,4,"L232_3,L232_2,L232_1,L232_0",0.0,2,14.09,7.3475,2,0,NaN
06:37:26,L232,82.62,4,"L232_3,L232_2,L232_1,L232_0",0.0,2,12.004999999999999,7.5275,2,0,NaN
06:37:28,L232,82.62,4,"L232_3,L232_2,L232_1,L232_0",0.0,2,22.185000000000002,7.5625,2,0,NaN
06:37:30,L232,82.62,4,"L232_3,L232_2,L232_1,L232_0",0.0,2,20.525,8.61,2,0,NaN
06:37:32,L232,82.62,4,"L232_3,L232_2,L232_1,L232_0",0.0,2,19.9375,10.545000000000002,2,0,NaN
06:37:34,L232,82.62,4,"L232_3,L232_2,L232_1,L232_0",0.0,2,20.869999999999997,9.98,2,0,NaN
06:37:36,L232,82.62,4,"L232_3,L232_2,L232_1,L232_0",0.0,3,25.335,10.855,3,0,NaN
06:37:38,L232,82.62,4,"L232_3,L232_2,L232_1,L232_0",0.0,2,21.0325,8.09,2,0,NaN
06:37:40,L232,82.62,4,"L232_3,L232_2,L232_1,L232_0",0.0,2,12.097499999999998,6.5425,2,0,NaN
06:37:42,L232,82.62,4,"L232_3,L232_2,L232_1,L232_0",0.0,2,10.3625,6.755000000000001,2,0,NaN
06:37:44,L232,82.62,4,"L232_3,L232_2,L232_1,L232_0",0.0,2,13.77,5.075,2,0,NaN
06:37:46,L232,82.62,4,"L232_3,L232_2,L232_1,L232_0",0.0,1,12.720000000000002,5.6875,1,0,NaN
06:37:48,L232,82.62,4,"L232_3,L232_2,L232_1,L232_0",0.0,1,12.34,4.32,1,0,NaN
06:37:50,L232,82.62,4,"L232_3,L232_2,L232_1,L232_0",0.0,1,12.8125,5.765,1,0,NaN
06:37:52,L232,82.62,4,"L232_3,L232_2,L232_1,L232_0",0.0,2,13.91,6.54,2,0,NaN
06:37:54,L232,82.62,4,"L232_3,L232_2,L232_1,L232_0",0.0,2,13.9575,6.452500000000001,2,0,NaN
06:37:56,L232,82.62,4,"L232_3,L232_2,L232_1,L232_0",0.0,2,13.8275,7.1175,2,0,NaN
06:37:58,L232,82.62,4,"L232_3,L232_2,L232_1,L232_0",0.0,2,13.1325,6.665,2,0,NaN
06:38:00,L232,82.62,4,"L232_3,L232_2,L232_1,L232_0",0.0,2,13.9475,6.0175,2,0,NaN
06:38:02,L232,82.62,4,"L232_3,L232_2,L232_1,L232_0",0.0,1,12.9475,4.3675,1,0,NaN
06:38:04,L232,82.62,4,"L232_3,L232_2,L232_1,L232_0",0.0,1,12.8025,4.46,1,0,NaN
06:38:06,L232,82.62,4,"L232_3,L232_2,L232_1,L232_0",0.0,2,15.4475,5.49,2,0,NaN
06:38:08,L232,82.62,4,"L232_3,L232_2,L232_1,L232_0",0.0,1,13.955000000000002,5.092499999999999,1,0,NaN
06:38:10,L232,82.62,4,"L232_3,L232_2,L232_1,L232_0",0.0,1,14.6925,5.9225,1,0,NaN
06:38:12,L232,82.62,4,"L232_3,L232_2,L232_1,L232_0",0.0,2,15.385000000000002,5.5475,2,0,NaN
06:38:14,L232,82.62,4,"L232_3,L232_2,L232_1,L232_0",0.0,2,15.73,6.077500000000001,2,0,NaN
06:38:16,L232,82.62,4,"L232_3,L232_2,L232_1,L232_0",0.0,1,13.285,5.4825,1,0,NaN
06:38:18,L232,82.62,4,"L232_3,L232_2,L232_1,L232_0",0.0,2,18.9825,6.345,2,0,NaN
06:38:20,L232,82.62,4,"L232_3,L232_2,L232_1,L232_0",0.0,1,13.99,5.4075,1,0,NaN
06:38:22,L232,82.62,4,"L232_3,L232_2,L232_1,L232_0",0.0,1,11.1675,4.8925,1,0,NaN
06:38:24,L232,82.62,4,"L232_3,L232_2,L232_1,L232_0",0.0,2,16.217499999999998,6.29,2,0,NaN
06:38:26,L232,82.62,4,"L232_3,L232_2,L232_1,L232_0",0.0,2,16.3,7.47,2,0,NaN
06:38:28,L232,82.62,4,"L232_3,L232_2,L232_1,L232_0",0.0,2,23.31,7.8525,2,0,NaN
06:38:30,L232,82.62,4,"L232_3,L232_2,L232_1,L232_0",0.0,2,20.6475,7.3549999999999995,2,0,NaN
06:38:32,L232,82.62,4,"L232_3,L232_2,L232_1,L232_0",0.0,2,17.235,6.445,2,0,NaN
06:38:34,L232,82.62,4,"L232_3,L232_2,L232_1,L232_0",0.0,2,15.262500000000001,5.5775,2,0,NaN
06:38:36,L232,82.62,4,"L232_3,L232_2,L232_1,L232_0",0.0,2,15.05,4.94,2,0,NaN
06:38:38,L232,82.62,4,"L232_3,L232_2,L232_1,L232_0",0.0,2,14.59,5.8975,2,0,NaN
06:38:40,L232,82.62,4,"L232_3,L232_2,L232_1,L232_0",0.0,2,12.4775,8.3125,2,0,NaN
06:38:42,L232,82.62,4,"L232_3,L232_2,L232_1,L232_0",0.0,2,18.885,6.5175,2,0,NaN
06:38:44,L232,82.62,4,"L232_3,L232_2,L232_1,L232_0",0.0,1,12.807500000000001,6.02,1,0,NaN
06:38:46,L232,82.62,4,"L232_3,L232_2,L232_1,L232_0",0.0,2,15.51,5.1125,2,0,NaN
06:38:48,L232,82.62,4,"L232_3,L232_2,L232_1,L232_0",0.0,2,14.4,4.6325,2,0,NaN
06:38:50,L232,82.62,4,"L232_3,L232_2,L232_1,L232_0",0.0,1,9.75,4.785,1,0,NaN
06:38:52,L232,82.62,4,"L232_3,L232_2,L232_1,L232_0",0.0,1,8.665,4.4025,1,0,NaN
06:38:54,L232,82.62,4,"L232_3,L232_2,L232_1,L232_0",0.0,1,9.3475,5.5925,1,0,NaN
06:38:56,L232,82.62,4,"L232_3,L232_2,L232_1,L232_0",0.0,2,11.9,6.085,2,0,NaN
06:38:58,L232,82.62,4,"L232_3,L232_2,L232_1,L232_0",0.0,2,16.41,8.084999999999999,2,0,NaN
06:39:00,L232,82.62,4,"L232_3,L232_2,L232_1,L232_0",0.0,2,21.22,7.595,2,0,NaN
06:39:02,L232,82.62,4,"L232_3,L232_2,L232_1,L232_0",0.0,2,12.885,7.7250000000000005,2,0,NaN
06:39:04,L232,82.62,4,"L232_3,L232_2,L232_1,L232_0",1.155,2,13.559999999999999,7.69,2,0,NaN
06:39:06,L232,82.62,4,"L232_3,L232_2,L232_1,L232_0",0.0,2,11.997499999999999,7.465,2,0,NaN
06:39:08,L232,82.62,4,"L232_3,L232_2,L232_1,L232_0",0.0,2,11.7025,6.235,2,0,NaN
06:39:10,L232,82.62,4,"L232_3,L232_2,L232_1,L232_0",0.0,1,11.09,6.1899999999999995,1,0,NaN
06:39:12,L232,82.62,4,"L232_3,L232_2,L232_1,L232_0",0.0,1,9.729999999999999,5.125,1,0,NaN
06:39:14,L232,82.62,4,"L232_3,L232_2,L232_1,L232_0",0.0,1,12.1575,5.547499999999999,1,0,NaN
06:39:16,L232,82.62,4,"L232_3,L232_2,L232_1,L232_0",0.0,1,10.27,5.4225,1,0,NaN
06:39:18,L232,82.62,4,"L232_3,L232_2,L232_1,L232_0",0.0,1,12.402500000000002,5.4025,1,0,NaN
06:39:20,L232,82.62,4,"L232_3,L232_2,L232_1,L232_0",0.0,1,12.700000000000001,4.8925,1,0,NaN
06:39:22,L232,82.62,4,"L232_3,L232_2,L232_1,L232_0",0.0,1,13.755,5.1075,1,0,NaN
06:39:24,L232,82.62,4,"L232_3,L232_2,L232_1,L232_0",0.0,1,11.3925,4.8925,1,0,NaN
06:39:26,L232,82.62,4,"L232_3,L232_2,L232_1,L232_0",0.0,1,11.87,4.095,1,0,NaN
06:39:28,L232,82.62,4,"L232_3,L232_2,L232_1,L232_0",0.0,1,14.945,4.195,1,0,NaN
06:39:30,L232,82.62,4,"L232_3,L232_2,L232_1,L232_0",0.0,1,14.59,4.8925,1,0,NaN
06:39:32,L232,82.62,4,"L232_3,L232_2,L232_1,L232_0",0.0,2,17.657500000000002,5.225,2,0,NaN
06:39:34,L232,82.62,4,"L232_3,L232_2,L232_1,L232_0",0.0,1,14.755,6.24,1,0,NaN
06:39:36,L232,82.62,4,"L232_3,L232_2,L232_1,L232_0",0.0,2,16.8125,6.7325,2,0,NaN
06:39:38,L232,82.62,4,"L232_3,L232_2,L232_1,L232_0",0.0,2,18.955,6.99,2,0,NaN
06:39:40,L232,82.62,4,"L232_3,L232_2,L232_1,L232_0",0.0,2,20.265,5.08,2,0,NaN
06:39:42,L232,82.62,4,"L232_3,L232_2,L232_1,L232_0",0.0,2,17.395,5.8225,2,0,NaN
06:39:44,L232,82.62,4,"L232_3,L232_2,L232_1,L232_0",0.0,1,12.8175,4.8925,1,0,NaN
06:39:46,L232,82.62,4,"L232_3,L232_2,L232_1,L232_0",0.0,1,8.934999999999999,4.859999999999999,1,0,NaN
06:39:48,L232,82.62,4,"L232_3,L232_2,L232_1,L232_0",0.0,1,10.107500000000002,5.54,1,0,NaN
06:39:50,L232,82.62,4,"L232_3,L232_2,L232_1,L232_0",0.0,1,12.7175,6.0,1,0,NaN
06:39:52,L232,82.62,4,"L232_3,L232_2,L232_1,L232_0",0.0,2,15.317499999999999,5.17,2,0,NaN
06:39:54,L232,82.62,4,"L232_3,L232_2,L232_1,L232_0",0.0,1,13.265,5.2775,1,0,NaN
06:39:56,L232,82.62,4,"L232_3,L232_2,L232_1,L232_0",0.0,2,16.8775,5.4025,2,0,NaN
06:39:58,L232,82.62,4,"L232_3,L232_2,L232_1,L232_0",0.0,1,10.8025,5.375,1,0,NaN
06:40:00,L232,82.62,4,"L232_3,L232_2,L232_1,L232_0",0.0,1,9.0625,4.975,1,0,NaN
06:40:02,L232,82.62,4,"L232_3,L232_2,L232_1,L232_0",0.0,1,10.41,5.3375,1,0,NaN
06:40:04,L232,82.62,4,"L232_3,L232_2,L232_1,L232_0",0.0,2,11.434999999999999,5.5925,2,0,NaN
06:40:06,L232,82.62,4,"L232_3,L232_2,L232_1,L232_0",0.0,2,11.75,5.2325,2,0,NaN
06:40:08,L232,82.62,4,"L232_3,L232_2,L232_1,L232_0",0.0,1,10.79,4.415,1,0,NaN
06:40:10,L232,82.62,4,"L232_3,L232_2,L232_1,L232_0",0.0,1,9.4375,4.195,1,0,NaN
06:40:12,L232,82.62,4,"L232_3,L232_2,L232_1,L232_0",0.0,1,9.69,4.4525,1,0,NaN
06:40:14,L232,82.62,4,"L232_3,L232_2,L232_1,L232_0",0.0,1,8.64,5.0225,1,0,NaN
06:40:16,L232,82.62,4,"L232_3,L232_2,L232_1,L232_0",0.0,1,10.912500000000001,4.43,1,0,NaN
06:40:18,L232,82.62,4,"L232_3,L232_2,L232_1,L232_0",0.0,1,8.25,4.0825,1,0,NaN
06:40:20,L232,82.62,4,"L232_3,L232_2,L232_1,L232_0",0.0,1,9.8225,4.265,1,0,NaN
06:40:22,L232,82.62,4,"L232_3,L232_2,L232_1,L232_0",0.0,1,8.432500000000001,5.5925,1,0,NaN
06:40:24,L232,82.62,4,"L232_3,L232_2,L232_1,L232_0",0.0,2,13.760000000000002,5.47,2,0,NaN
06:40:26,L232,82.62,4,"L232_3,L232_2,L232_1,L232_0",0.0,2,13.725000000000001,6.7700000000000005,2,0,NaN
06:40:28,L232,82.62,4,"L232_3,L232_2,L232_1,L232_0",0.0,2,14.090000000000002,5.1850000000000005,2,0,NaN
06:40:30,L232,82.62,4,"L232_3,L232_2,L232_1,L232_0",0.0,1,8.1025,4.3675,1,0,NaN
06:40:32,L232,82.62,4,"L232_3,L232_2,L232_1,L232_0",0.0,2,10.02,3.5725,2,0,NaN
06:40:34,L232,82.62,4,"L232_3,L232_2,L232_1,L232_0",0.0,1,6.495,4.195,1,0,NaN
06:40:36,L232,82.62,4,"L232_3,L232_2,L232_1,L232_0",0.0,2,16.8775,6.5675,2,0,NaN
06:40:38,L232,82.62,4,"L232_3,L232_2,L232_1,L232_0",0.0,2,22.47,8.4,2,0,NaN
06:40:40,L232,82.62,4,"L232_3,L232_2,L232_1,L232_0",0.0,2,20.905,7.2299999999999995,2,0,NaN
06:40:42,L232,82.62,4,"L232_3,L232_2,L232_1,L232_0",0.0,2,18.667499999999997,7.235,2,0,NaN
06:40:44,L232,82.62,4,"L232_3,L232_2,L232_1,L232_0",0.0,2,15.4075,5.035,2,0,NaN
06:40:46,L232,82.62,4,"L232_3,L232_2,L232_1,L232_0",0.0,1,6.697500000000001,5.38,1,0,NaN
06:40:48,L232,82.62,4,"L232_3,L232_2,L232_1,L232_0",0.0,1,8.8825,4.415,1,0,NaN
06:40:50,L232,82.62,4,"L232_3,L232_2,L232_1,L232_0",0.0,1,6.31,4.395,1,0,NaN
06:40:52,L232,82.62,4,"L232_3,L232_2,L232_1,L232_0",0.0,2,12.870000000000001,5.0875,2,0,NaN
06:40:54,L232,82.62,4,"L232_3,L232_2,L232_1,L232_0",0.0,1,13.645,5.3375,1,0,NaN
06:40:56,L232,82.62,4,"L232_3,L232_2,L232_1,L232_0",0.0,1,13.99,5.3225,1,0,NaN
06:40:58,L232,82.62,4,"L232_3,L232_2,L232_1,L232_0",0.0,2,16.9,6.29,2,0,NaN
06:41:00,L232,82.62,4,"L232_3,L232_2,L232_1,L232_0",0.0,2,17.105,7.6075,2,0,NaN
06:41:02,L232,82.62,4,"L232_3,L232_2,L232_1,L232_0",0.0,2,23.5825,7.312500000000001,2,0,NaN
06:41:04,L232,82.62,4,"L232_3,L232_2,L232_1,L232_0",0.0,1,14.5975,5.6175,1,0,NaN
06:41:06,L232,82.62,4,"L232_3,L232_2,L232_1,L232_0",0.0,2,19.387500000000003,6.225,2,0,NaN
06:41:08,L232,82.62,4,"L232_3,L232_2,L232_1,L232_0",0.0,2,17.0225,6.325,2,0,NaN
06:41:10,L232,82.62,4,"L232_3,L232_2,L232_1,L232_0",0.0,2,17.065,6.6475,2,0,NaN
06:41:12,L232,82.62,4,"L232_3,L232_2,L232_1,L232_0",0.0,2,15.682500000000001,5.8625,2,0,NaN
06:41:14,L232,82.62,4,"L232_3,L232_2,L232_1,L232_0",0.0,1,8.379999999999999,4.695,1,0,NaN
06:41:16,L232,82.62,4,"L232_3,L232_2,L232_1,L232_0",0.0,1,5.28,5.2175,1,0,NaN
06:41:18,L232,82.62,4,"L232_3,L232_2,L232_1,L232_0",0.0,2,10.9,4.567500000000001,2,0,NaN
06:41:20,L232,82.62,4,"L232_3,L232_2,L232_1,L232_0",0.0,1,11.2125,4.9175,1,0,NaN
06:41:22,L232,82.62,4,"L232_3,L232_2,L232_1,L232_0",0.0,1,9.322500000000002,5.4325,1,0,NaN
06:41:24,L232,82.62,4,"L232_3,L232_2,L232_1,L232_0",0.0,2,14.1,4.27,2,0,NaN
06:41:26,L232,82.62,4,"L232_3,L232_2,L232_1,L232_0",0.0,1,9.59,5.5925,1,0,NaN
06:41:28,L232,82.62,4,"L232_3,L232_2,L232_1,L232_0",0.0,2,13.785,5.275,2,0,NaN
06:41:30,L232,82.62,4,"L232_3,L232_2,L232_1,L232_0",0.0,1,9.5,4.195,1,0,NaN
06:41:32,L232,82.62,4,"L232_3,L232_2,L232_1,L232_0",0.0,2,12.870000000000001,4.8175,2,0,NaN
06:41:34,L232,82.62,4,"L232_3,L232_2,L232_1,L232_0",0.0,1,12.4925,4.2475000000000005,1,0,NaN
06:41:36,L232,82.62,4,"L232_3,L232_2,L232_1,L232_0",0.0,1,14.07,6.2925,1,0,NaN
06:41:38,L232,82.62,4,"L232_3,L232_2,L232_1,L232_0",0.0,2,19.5075,7.59,2,0,NaN
06:41:40,L232,82.62,4,"L232_3,L232_2,L232_1,L232_0",0.0,2,22.255,7.3175,2,0,NaN
06:41:42,L232,82.62,4,"L232_3,L232_2,L232_1,L232_0",0.0,2,18.1475,7.055,2,0,NaN
06:41:44,L232,82.62,4,"L232_3,L232_2,L232_1,L232_0",0.0,2,15.4475,5.6975,2,0,NaN
06:41:46,L232,82.62,4,"L232_3,L232_2,L232_1,L232_0",0.0,1,10.850000000000001,4.8950000000000005,1,0,NaN
06:41:48,L232,82.62,4,"L232_3,L232_2,L232_1,L232_0",0.0,1,8.425,5.3375,1,0,NaN
06:41:50,L232,82.62,4,"L232_3,L232_2,L232_1,L232_0",0.0,2,12.29,5.1125,2,0,NaN
06:41:52,L232,82.62,4,"L232_3,L232_2,L232_1,L232_0",0.0,1,12.2425,6.4325,1,0,NaN
06:41:54,L232,82.62,4,"L232_3,L232_2,L232_1,L232_0",0.0,2,11.3025,6.99,2,0,NaN
06:41:56,L232,82.62,4,"L232_3,L232_2,L232_1,L232_0",0.0,2,12.3175,7.005,2,0,NaN
06:41:58,L232,82.62,4,"L232_3,L232_2,L232_1,L232_0",0.0,2,12.42,5.9425,2,0,NaN
06:42:00,L232,82.62,4,"L232_3,L232_2,L232_1,L232_0",0.0,2,9.995000000000001,6.5625,2,0,NaN
06:42:02,L232,82.62,4,"L232_3,L232_2,L232_1,L232_0",0.0,1,10.305,6.62,1,0,NaN
06:42:04,L232,82.62,4,"L232_3,L232_2,L232_1,L232_0",0.0,1,12.202499999999999,5.79,1,0,NaN
06:42:06,L232,82.62,4,"L232_3,L232_2,L232_1,L232_0",0.0,2,17.029999999999998,6.7725,2,0,NaN
06:42:08,L232,82.62,4,"L232_3,L232_2,L232_1,L232_0",0.0,2,13.3125,5.6425,2,0,NaN
06:42:10,L232,82.62,4,"L232_3,L232_2,L232_1,L232_0",0.5775,1,9.3725,6.99,1,0,NaN
06:42:12,L232,82.62,4,"L232_3,L232_2,L232_1,L232_0",0.0,2,14.092500000000001,8.14,2,0,NaN
06:42:14,L232,82.62,4,"L232_3,L232_2,L232_1,L232_0",0.0,2,15.834999999999999,8.3625,2,0,NaN
06:42:16,L232,82.62,4,"L232_3,L232_2,L232_1,L232_0",0.0,2,14.752499999999998,8.795,2,0,NaN
06:42:18,L232,82.62,4,"L232_3,L232_2,L232_1,L232_0",0.0,2,14.767499999999998,7.659999999999999,2,0,NaN
06:42:20,L232,82.62,4,"L232_3,L232_2,L232_1,L232_0",0.0,2,13.037500000000001,6.3025,2,0,NaN
06:42:22,L232,82.62,4,"L232_3,L232_2,L232_1,L232_0",0.0,1,7.2675,5.5925,1,0,NaN
06:42:24,L232,82.62,4,"L232_3,L232_2,L232_1,L232_0",0.0,2,14.729999999999999,5.375,2,0,NaN
06:42:26,L232,82.62,4,"L232_3,L232_2,L232_1,L232_0",0.0,1,11.2225,6.2299999999999995,1,0,NaN
06:42:28,L232,82.62,4,"L232_3,L232_2,L232_1,L232_0",0.0,1,9.879999999999999,4.3575,1,0,NaN
06:42:30,L232,82.62,4,"L232_3,L232_2,L232_1,L232_0",0.0,1,10.45,4.6225,1,0,NaN
06:42:32,L232,82.62,4,"L232_3,L232_2,L232_1,L232_0",0.0,2,16.805,4.1025,2,0,NaN
06:42:34,L232,82.62,4,"L232_3,L232_2,L232_1,L232_0",0.0,1,11.2375,4.5825,1,0,NaN
06:42:36,L232,82.62,4,"L232_3,L232_2,L232_1,L232_0",0.0,2,18.952499999999997,6.282500000000001,2,0,NaN
06:42:38,L232,82.62,4,"L232_3,L232_2,L232_1,L232_0",0.0,2,19.830000000000002,5.430000000000001,2,0,NaN
06:42:40,L232,82.62,4,"L232_3,L232_2,L232_1,L232_0",0.0,1,14.3175,5.5075,1,0,NaN
06:42:42,L232,82.62,4,"L232_3,L232_2,L232_1,L232_0",0.0,2,17.4825,5.5925,2,0,NaN
06:42:44,L232,82.62,4,"L232_3,L232_2,L232_1,L232_0",0.0,1,14.245,4.8950000000000005,1,0,NaN
06:42:46,L232,82.62,4,"L232_3,L232_2,L232_1,L232_0",0.0,1,11.575,4.8925,1,0,NaN
06:42:48,L232,82.62,4,"L232_3,L232_2,L232_1,L232_0",0.0,1,11.75,4.675,1,0,NaN
06:42:50,L232,82.62,4,"L232_3,L232_2,L232_1,L232_0",0.0,1,8.65,3.3274999999999997,1,0,NaN
06:42:52,L232,82.62,4,"L232_3,L232_2,L232_1,L232_0",0.0,1,8.7,3.495,1,0,NaN
06:42:54,L232,82.62,4,"L232_3,L232_2,L232_1,L232_0",0.0,1,8.9025,3.015,1,0,NaN
06:42:56,L232,82.62,4,"L232_3,L232_2,L232_1,L232_0",0.0,1,12.09,3.495,1,0,NaN
06:42:58,L232,82.62,4,"L232_3,L232_2,L232_1,L232_0",0.0,1,14.2375,4.305,1,0,NaN
06:43:00,L232,82.62,4,"L232_3,L232_2,L232_1,L232_0",0.0,1,11.280000000000001,5.41,1,0,NaN
06:43:02,L232,82.62,4,"L232_3,L232_2,L232_1,L232_0",0.0,2,20.5225,6.5125,2,0,NaN
06:43:04,L232,82.62,4,"L232_3,L232_2,L232_1,L232_0",0.0,2,20.43,7.6875,2,0,NaN
06:43:06,L232,82.62,4,"L232_3,L232_2,L232_1,L232_0",0.0,2,22.995,8.39,2,0,NaN
06:43:08,L232,82.62,4,"L232_3,L232_2,L232_1,L232_0",0.0,2,20.2725,8.19,2,0,NaN
06:43:10,L232,82.62,4,"L232_3,L232_2,L232_1,L232_0",0.0,2,20.314999999999998,7.1825,2,0,NaN
06:43:12,L232,82.62,4,"L232_3,L232_2,L232_1,L232_0",0.0,2,18.075000000000003,7.955,2,0,NaN
06:43:14,L232,82.62,4,"L232_3,L232_2,L232_1,L232_0",0.0,2,15.709999999999999,6.4825,2,0,NaN
06:43:16,L232,82.62,4,"L232_3,L232_2,L232_1,L232_0",0.0,1,12.487499999999999,5.1825,1,0,NaN
06:43:18,L232,82.62,4,"L232_3,L232_2,L232_1,L232_0",0.0,2,12.4125,5.735,2,0,NaN
06:43:20,L232,82.62,4,"L232_3,L232_2,L232_1,L232_0",0.0,2,15.7975,6.42,2,0,NaN
06:43:22,L232,82.62,4,"L232_3,L232_2,L232_1,L232_0",0.0,1,11.315,6.3575,1,0,NaN
06:43:24,L232,82.62,4,"L232_3,L232_2,L232_1,L232_0",0.0,1,12.565000000000001,5.165,1,0,NaN
06:43:26,L232,82.62,4,"L232_3,L232_2,L232_1,L232_0",0.0,1,10.51,4.3025,1,0,NaN
06:43:28,L232,82.62,4,"L232_3,L232_2,L232_1,L232_0",0.0,1,7.92,4.33,1,0,NaN
06:43:30,L232,82.62,4,"L232_3,L232_2,L232_1,L232_0",0.0,1,7.57,4.02,1,0,NaN
06:43:32,L232,82.62,4,"L232_3,L232_2,L232_1,L232_0",0.0,1,6.87,4.1475,1,0,NaN
06:43:34,L232,82.62,4,"L232_3,L232_2,L232_1,L232_0",0.0,1,6.94,4.305,1,0,NaN
06:43:36,L232,82.62,4,"L232_3,L232_2,L232_1,L232_0",0.0,1,7.45,4.605,1,0,NaN
06:43:38,L232,82.62,4,"L232_3,L232_2,L232_1,L232_0",0.0,2,11.985,4.6775,2,0,NaN
06:43:40,L232,82.62,4,"L232_3,L232_2,L232_1,L232_0",0.0,1,8.53,4.255,1,0,NaN
06:43:42,L232,82.62,4,"L232_3,L232_2,L232_1,L232_0",0.0,1,11.68,5.4925,1,0,NaN
06:43:44,L232,82.62,4,"L232_3,L232_2,L232_1,L232_0",0.0,1,9.3275,4.9975000000000005,1,0,NaN
06:43:46,L232,82.62,4,"L232_3,L232_2,L232_1,L232_0",0.0,1,12.280000000000001,4.7725,1,0,NaN
06:43:48,L232,82.62,4,"L232_3,L232_2,L232_1,L232_0",0.0,1,11.382499999999999,4.8950000000000005,1,0,NaN
06:43:50,L232,82.62,4,"L232_3,L232_2,L232_1,L232_0",0.0,2,17.294999999999998,4.9825,2,0,NaN
06:43:52,L232,82.62,4,"L232_3,L232_2,L232_1,L232_0",0.0,1,14.434999999999999,4.195,1,0,NaN
06:43:54,L232,82.62,4,"L232_3,L232_2,L232_1,L232_0",0.0,1,12.717500000000001,5.8425,1,0,NaN
06:43:56,L232,82.62,4,"L232_3,L232_2,L232_1,L232_0",0.0,1,12.799999999999999,5.140000000000001,1,0,NaN
06:43:58,L232,82.62,4,"L232_3,L232_2,L232_1,L232_0",0.0,2,15.100000000000001,5.59,2,0,NaN
06:44:00,L232,82.62,4,"L232_3,L232_2,L232_1,L232_0",0.0,1,13.590000000000002,5.5325,1,0,NaN
06:44:02,L232,82.62,4,"L232_3,L232_2,L232_1,L232_0",0.0,2,15.420000000000002,5.077500000000001,2,0,NaN
06:44:04,L232,82.62,4,"L232_3,L232_2,L232_1,L232_0",0.0,1,9.68,4.68,1,0,NaN
06:44:06,L232,82.62,4,"L232_3,L232_2,L232_1,L232_0",0.0,1,9.855,3.8225,1,0,NaN
06:44:08,L232,82.62,4,"L232_3,L232_2,L232_1,L232_0",0.0,1,6.327500000000001,3.495,1,0,NaN
06:44:10,L232,82.62,4,"L232_3,L232_2,L232_1,L232_0",0.0,1,6.6675,4.125,1,0,NaN
06:44:12,L232,82.62,4,"L232_3,L232_2,L232_1,L232_0",0.0,1,13.625,5.0,1,0,NaN
06:44:14,L232,82.62,4,"L232_3,L232_2,L232_1,L232_0",0.0,2,16.9175,6.29,2,0,NaN
06:44:16,L232,82.62,4,"L232_3,L232_2,L232_1,L232_0",0.0,2,20.585,6.99,2,0,NaN
06:44:18,L232,82.62,4,"L232_3,L232_2,L232_1,L232_0",0.0,2,17.669999999999998,6.29,2,0,NaN
06:44:20,L232,82.62,4,"L232_3,L232_2,L232_1,L232_0",0.0,2,20.435,6.3725,2,0,NaN
06:44:22,L232,82.62,4,"L232_3,L232_2,L232_1,L232_0",0.0,2,17.795,5.8525,2,0,NaN
06:44:24,L232,82.62,4,"L232_3,L232_2,L232_1,L232_0",0.0,2,16.872500000000002,5.855,2,0,NaN
06:44:26,L232,82.62,4,"L232_3,L232_2,L232_1,L232_0",0.0,2,20.490000000000002,5.5825,2,0,NaN
06:44:28,L232,82.62,4,"L232_3,L232_2,L232_1,L232_0",0.0,1,11.4625,4.8950000000000005,1,0,NaN
06:44:30,L232,82.62,4,"L232_3,L232_2,L232_1,L232_0",0.0,1,11.7,4.0675,1,0,NaN
06:44:32,L232,82.62,4,"L232_3,L232_2,L232_1,L232_0",0.0,1,13.45,4.72,1,0,NaN
06:44:34,L232,82.62,4,"L232_3,L232_2,L232_1,L232_0",0.0,1,10.69,4.195,1,0,NaN
06:44:36,L232,82.62,4,"L232_3,L232_2,L232_1,L232_0",0.0,1,11.4,4.8925,1,0,NaN
06:44:38,L232,82.62,4,"L232_3,L232_2,L232_1,L232_0",0.0,1,11.12,4.195,1,0,NaN
06:44:40,L232,82.62,4,"L232_3,L232_2,L232_1,L232_0",0.0,1,12.754999999999999,4.8950000000000005,1,0,NaN
06:44:42,L232,82.62,4,"L232_3,L232_2,L232_1,L232_0",0.0,2,14.205,6.79,2,0,NaN
06:44:44,L232,82.62,4,"L232_3,L232_2,L232_1,L232_0",0.0,2,16.72,6.82,2,0,NaN
06:44:46,L232,82.62,4,"L232_3,L232_2,L232_1,L232_0",0.0,2,11.1475,7.7875,2,0,NaN
06:44:48,L232,82.62,4,"L232_3,L232_2,L232_1,L232_0",0.0,2,14.264999999999999,7.69,2,0,NaN
06:44:50,L232,82.62,4,"L232_3,L232_2,L232_1,L232_0",0.0,2,21.252499999999998,7.555,2,0,NaN
06:44:52,L232,82.62,4,"L232_3,L232_2,L232_1,L232_0",0.0,2,17.8175,7.77,2,0,NaN
06:44:54,L232,82.62,4,"L232_3,L232_2,L232_1,L232_0",0.0,2,17.18,6.955,2,0,NaN
06:44:56,L232,82.62,4,"L232_3,L232_2,L232_1,L232_0",0.0,2,15.0025,7.29,2,0,NaN
06:44:58,L232,82.62,4,"L232_3,L232_2,L232_1,L232_0",0.0,2,16.0375,4.672499999999999,2,0,NaN
06:45:00,L232,82.62,4,"L232_3,L232_2,L232_1,L232_0",0.0,1,8.6175,5.1825,1,0,NaN
06:45:02,L232,82.62,4,"L232_3,L232_2,L232_1,L232_0",0.0,2,10.3725,5.4775,2,0,NaN
06:45:04,L232,82.62,4,"L232_3,L232_2,L232_1,L232_0",0.0,1,10.342500000000001,5.1125,1,0,NaN
06:45:06,L232,82.62,4,"L232_3,L232_2,L232_1,L232_0",0.0,1,12.280000000000001,5.76,1,0,NaN
06:45:08,L232,82.62,4,"L232_3,L232_2,L232_1,L232_0",0.0,2,17.08,4.7625,2,0,NaN
06:45:10,L232,82.62,4,"L232_3,L232_2,L232_1,L232_0",0.0,1,11.760000000000002,4.57,1,0,NaN
06:45:12,L232,82.62,4,"L232_3,L232_2,L232_1,L232_0",0.0,1,11.57,4.4675,1,0,NaN
06:45:14,L232,82.62,4,"L232_3,L232_2,L232_1,L232_0",0.0,1,11.68,4.56,1,0,NaN
06:45:16,L232,82.62,4,"L232_3,L232_2,L232_1,L232_0",0.0,1,11.81,3.605,1,0,NaN
06:45:18,L232,82.62,4,"L232_3,L232_2,L232_1,L232_0",0.0,1,8.8275,3.735,1,0,NaN
06:45:20,L232,82.62,4,"L232_3,L232_2,L232_1,L232_0",0.0,1,8.895,2.5325,1,0,NaN
06:45:22,L232,82.62,4,"L232_3,L232_2,L232_1,L232_0",0.0,1,8.8125,2.795,1,0,NaN
06:45:24,L232,82.62,4,"L232_3,L232_2,L232_1,L232_0",0.0,1,9.032499999999999,2.8975,1,0,NaN
06:45:26,L232,82.62,4,"L232_3,L232_2,L232_1,L232_0",0.0,1,11.825,5.59,1,0,NaN
06:45:28,L232,82.62,4,"L232_3,L232_2,L232_1,L232_0",0.0,2,17.59,7.075,2,0,NaN
06:45:30,L232,82.62,4,"L232_3,L232_2,L232_1,L232_0",0.0,2,23.12,7.48,2,0,NaN
06:45:32,L232,82.62,4,"L232_3,L232_2,L232_1,L232_0",0.0,1,14.829999999999998,5.5925,1,0,NaN
06:45:34,L232,82.62,4,"L232_3,L232_2,L232_1,L232_0",0.0,1,11.805,4.4975000000000005,1,0,NaN
06:45:36,L232,82.62,4,"L232_3,L232_2,L232_1,L232_0",0.0,1,9.655000000000001,3.96,1,0,NaN
06:45:38,L232,82.62,4,"L232_3,L232_2,L232_1,L232_0",0.0,1,10.575000000000001,3.7,1,0,NaN
06:45:40,L232,82.62,4,"L232_3,L232_2,L232_1,L232_0",0.0,1,9.897499999999999,4.205,1,0,NaN
06:45:42,L232,82.62,4,"L232_3,L232_2,L232_1,L232_0",0.0,2,19.385,5.8575,2,0,NaN
06:45:44,L232,82.62,4,"L232_3,L232_2,L232_1,L232_0",0.0,1,14.2,6.99,1,0,NaN
06:45:46,L232,82.62,4,"L232_3,L232_2,L232_1,L232_0",0.0,2,17.2025,6.2925,2,0,NaN
06:45:48,L232,82.62,4,"L232_3,L232_2,L232_1,L232_0",0.0,2,15.6475,6.1975,2,0,NaN
06:45:50,L232,82.62,4,"L232_3,L232_2,L232_1,L232_0",0.0,2,13.905000000000001,4.8950000000000005,2,0,NaN
06:45:52,L232,82.62,4,"L232_3,L232_2,L232_1,L232_0",0.0,1,9.827499999999999,4.1925,1,0,NaN
06:45:54,L232,82.62,4,"L232_3,L232_2,L232_1,L232_0",0.0,2,12.262500000000001,5.1975,2,0,NaN
06:45:56,L232,82.62,4,"L232_3,L232_2,L232_1,L232_0",0.0,1,9.5625,4.1925,1,0,NaN
06:45:58,L232,82.62,4,"L232_3,L232_2,L232_1,L232_0",0.0,2,14.33,5.4575000000000005,2,0,NaN
06:46:00,L232,82.62,4,"L232_3,L232_2,L232_1,L232_0",0.0,1,8.53,4.4725,1,0,NaN
06:46:02,L232,82.62,4,"L232_3,L232_2,L232_1,L232_0",0.0,1,8.04,4.395,1,0,NaN
06:46:04,L232,82.62,4,"L232_3,L232_2,L232_1,L232_0",0.0,1,7.382499999999999,4.0875,1,0,NaN
06:46:06,L232,82.62,4,"L232_3,L232_2,L232_1,L232_0",0.0,1,8.26,3.93,1,0,NaN
06:46:08,L232,82.62,4,"L232_3,L232_2,L232_1,L232_0",0.0,1,7.78,4.3625,1,0,NaN
06:46:10,L232,82.62,4,"L232_3,L232_2,L232_1,L232_0",0.0,1,8.39,4.7975,1,0,NaN
06:46:12,L232,82.62,4,"L232_3,L232_2,L232_1,L232_0",0.0,1,8.149999999999999,5.0625,1,0,NaN
06:46:14,L232,82.62,4,"L232_3,L232_2,L232_1,L232_0",0.0,2,11.504999999999999,4.4,2,0,NaN
06:46:16,L232,82.62,4,"L232_3,L232_2,L232_1,L232_0",0.0,1,8.18,4.6175,1,0,NaN
06:46:18,L232,82.62,4,"L232_3,L232_2,L232_1,L232_0",0.0,1,7.45,5.105,1,0,NaN
06:46:20,L232,82.62,4,"L232_3,L232_2,L232_1,L232_0",0.0,2,10.815,4.5525,2,0,NaN
06:46:22,L232,82.62,4,"L232_3,L232_2,L232_1,L232_0",0.0,1,7.81,4.4825,1,0,NaN
06:46:24,L232,82.62,4,"L232_3,L232_2,L232_1,L232_0",0.0,1,8.9575,6.24,1,0,NaN
06:46:26,L232,82.62,4,"L232_3,L232_2,L232_1,L232_0",0.0,2,11.920000000000002,5.7975,2,0,NaN
06:46:28,L232,82.62,4,"L232_3,L232_2,L232_1,L232_0",0.0,1,10.035,5.5225,1,0,NaN
06:46:30,L232,82.62,4,"L232_3,L232_2,L232_1,L232_0",0.0,2,13.2475,6.0275,2,0,NaN
06:46:32,L232,82.62,4,"L232_3,L232_2,L232_1,L232_0",0.0,2,12.605,6.2225,2,0,NaN
06:46:34,L232,82.62,4,"L232_3,L232_2,L232_1,L232_0",0.0,2,15.015,6.49,2,0,NaN
06:46:36,L232,82.62,4,"L232_3,L232_2,L232_1,L232_0",0.0,2,14.670000000000002,6.24,2,0,NaN
06:46:38,L232,82.62,4,"L232_3,L232_2,L232_1,L232_0",0.0,2,16.34,6.4750000000000005,2,0,NaN
06:46:40,L232,82.62,4,"L232_3,L232_2,L232_1,L232_0",0.0,1,12.2775,6.3025,1,0,NaN
06:46:42,L232,82.62,4,"L232_3,L232_2,L232_1,L232_0",0.0,2,17.0675,5.865,2,0,NaN
06:46:44,L232,82.62,4,"L232_3,L232_2,L232_1,L232_0",0.0,1,10.215,4.7575,1,0,NaN
06:46:46,L232,82.62,4,"L232_3,L232_2,L232_1,L232_0",0.0,2,14.06,6.265,2,0,NaN
06:46:48,L232,82.62,4,"L232_3,L232_2,L232_1,L232_0",0.0,2,19.6875,7.3425,2,0,NaN
06:46:50,L232,82.62,4,"L232_3,L232_2,L232_1,L232_0",0.0,2,19.58,8.93,2,0,NaN
06:46:52,L232,82.62,4,"L232_3,L232_2,L232_1,L232_0",0.0,2,19.96,10.0225,2,0,NaN
06:46:54,L232,82.62,4,"L232_3,L232_2,L232_1,L232_0",0.0,2,16.5225,10.605,2,0,NaN
06:46:56,L232,82.62,4,"L232_3,L232_2,L232_1,L232_0",0.0,2,17.5625,8.3875,2,0,NaN
06:46:58,L232,82.62,4,"L232_3,L232_2,L232_1,L232_0",0.0,2,21.765,9.712499999999999,2,0,NaN
06:47:00,L232,82.62,4,"L232_3,L232_2,L232_1,L232_0",0.0,2,13.925,10.05,2,0,NaN
06:47:02,L232,82.62,4,"L232_3,L232_2,L232_1,L232_0",0.445,2,10.3325,9.532499999999999,2,0,NaN
06:47:04,L232,82.62,4,"L232_3,L232_2,L232_1,L232_0",0.0,2,11.629999999999999,9.3325,2,0,NaN
06:47:06,L232,82.62,4,"L232_3,L232_2,L232_1,L232_0",0.0,2,15.1575,9.425,2,0,NaN
06:47:08,L232,82.62,4,"L232_3,L232_2,L232_1,L232_0",0.46,2,12.600000000000001,10.0125,2,0,NaN
06:47:10,L232,82.62,4,"L232_3,L232_2,L232_1,L232_0",0.0,2,13.395000000000001,8.655000000000001,2,0,NaN
06:47:12,L232,82.62,4,"L232_3,L232_2,L232_1,L232_0",0.0,2,11.625,9.3725,2,0,NaN
06:47:14,L232,82.62,4,"L232_3,L232_2,L232_1,L232_0",0.0,2,8.6875,7.86,2,0,NaN
06:47:16,L232,82.62,4,"L232_3,L232_2,L232_1,L232_0",0.4925,2,10.67,7.16,2,0,NaN
06:47:18,L232,82.62,4,"L232_3,L232_2,L232_1,L232_0",0.0,2,10.92,7.59,2,0,NaN
06:47:20,L232,82.62,4,"L232_3,L232_2,L232_1,L232_0",0.0,2,15.944999999999999,6.99,2,0,NaN
06:47:22,L232,82.62,4,"L232_3,L232_2,L232_1,L232_0",0.0,2,13.3175,7.47,2,0,NaN
06:47:24,L232,82.62,4,"L232_3,L232_2,L232_1,L232_0",0.0,2,13.9875,7.82,2,0,NaN
06:47:26,L232,82.62,4,"L232_3,L232_2,L232_1,L232_0",1.155,2,13.6,8.342500000000001,2,0,NaN
06:47:28,L232,82.62,4,"L232_3,L232_2,L232_1,L232_0",1.155,2,11.525000000000002,9.1,2,0,NaN
06:47:30,L232,82.62,4,"L232_3,L232_2,L232_1,L232_0",2.31,2,11.0025,9.785,2,0,NaN
06:47:32,L232,82.62,4,"L232_3,L232_2,L232_1,L232_0",4.3975,2,10.7,9.705000000000002,2,0,NaN
06:47:34,L232,82.62,4,"L232_3,L232_2,L232_1,L232_0",1.7325,2,8.13,7.9775,2,0,NaN
06:47:36,L232,82.62,4,"L232_3,L232_2,L232_1,L232_0",1.01,2,11.620000000000001,9.61,2,0,NaN
06:47:38,L232,82.62,4,"L232_3,L232_2,L232_1,L232_0",0.5775,2,15.19,8.6475,2,0,NaN
06:47:40,L232,82.62,4,"L232_3,L232_2,L232_1,L232_0",0.5275,2,13.557499999999997,7.435,2,0,NaN
06:47:42,L232,82.62,4,"L232_3,L232_2,L232_1,L232_0",0.4825,2,13.817499999999999,7.305,2,0,NaN
06:47:44,L232,82.62,4,"L232_3,L232_2,L232_1,L232_0",0.0,2,8.5575,7.2075000000000005,2,0,NaN
06:47:46,L232,82.62,4,"L232_3,L232_2,L232_1,L232_0",1.0175,2,10.6125,8.219999999999999,2,0,NaN
06:47:48,L232,82.62,4,"L232_3,L232_2,L232_1,L232_0",0.0,2,10.775,8.8825,2,0,NaN
06:47:50,L232,82.62,4,"L232_3,L232_2,L232_1,L232_0",0.5025,2,8.86,9.232500000000002,2,0,NaN
06:47:52,L232,82.62,4,"L232_3,L232_2,L232_1,L232_0",1.7325,2,8.3525,9.469999999999999,2,0,NaN
06:47:54,L232,82.62,4,"L232_3,L232_2,L232_1,L232_0",0.5775,2,11.887500000000001,9.6875,2,0,NaN
06:47:56,L232,82.62,4,"L232_3,L232_2,L232_1,L232_0",0.44,2,8.045,9.12,2,0,NaN
06:47:58,L232,82.62,4,"L232_3,L232_2,L232_1,L232_0",0.0,2,12.1125,7.9775,2,0,NaN
06:48:00,L232,82.62,4,"L232_3,L232_2,L232_1,L232_0",0.0,2,16.165,9.08,2,0,NaN
06:48:02,L232,82.62,4,"L232_3,L232_2,L232_1,L232_0",0.0,2,11.26,8.2225,2,0,NaN
06:48:04,L232,82.62,4,"L232_3,L232_2,L232_1,L232_0",0.0,2,9.47,8.059999999999999,2,0,NaN
06:48:06,L232,82.62,4,"L232_3,L232_2,L232_1,L232_0",0.0,2,12.9225,7.1325,2,0,NaN
06:48:08,L232,82.62,4,"L232_3,L232_2,L232_1,L232_0",0.5275,2,10.069999999999999,8.0225,2,0,NaN
06:48:10,L232,82.62,4,"L232_3,L232_2,L232_1,L232_0",0.5775,2,8.6175,7.794999999999999,2,0,NaN
06:48:12,L232,82.62,4,"L232_3,L232_2,L232_1,L232_0",1.0575,2,7.757500000000001,7.935,2,0,NaN
06:48:14,L232,82.62,4,"L232_3,L232_2,L232_1,L232_0",0.0,2,14.200000000000001,6.6525,2,0,NaN
06:48:16,L232,82.62,4,"L232_3,L232_2,L232_1,L232_0",0.5775,2,10.395,5.91,2,0,NaN
06:48:18,L232,82.62,4,"L232_3,L232_2,L232_1,L232_0",0.0,1,9.77,6.515000000000001,1,0,NaN
06:48:20,L232,82.62,4,"L232_3,L232_2,L232_1,L232_0",0.0,2,13.535,6.4125,2,0,NaN
06:48:22,L232,82.62,4,"L232_3,L232_2,L232_1,L232_0",0.0,2,15.125,6.7025,2,0,NaN
06:48:24,L232,82.62,4,"L232_3,L232_2,L232_1,L232_0",0.0,2,16.244999999999997,7.3425,2,0,NaN
06:48:26,L232,82.62,4,"L232_3,L232_2,L232_1,L232_0",0.0,2,9.61,6.465,2,0,NaN
06:48:28,L232,82.62,4,"L232_3,L232_2,L232_1,L232_0",1.155,2,11.6175,6.8975,2,0,NaN
06:48:30,L232,82.62,4,"L232_3,L232_2,L232_1,L232_0",0.5775,2,13.017500000000002,6.827500000000001,2,0,NaN
06:48:32,L232,82.62,4,"L232_3,L232_2,L232_1,L232_0",0.0,2,13.6325,6.0625,2,0,NaN
06:48:34,L232,82.62,4,"L232_3,L232_2,L232_1,L232_0",0.0,2,15.0425,7.0025,2,0,NaN
06:48:36,L232,82.62,4,"L232_3,L232_2,L232_1,L232_0",0.0,2,16.4075,7.3500000000000005,2,0,NaN
06:48:38,L232,82.62,4,"L232_3,L232_2,L232_1,L232_0",0.0,2,17.9775,6.5175,2,0,NaN
06:48:40,L232,82.62,4,"L232_3,L232_2,L232_1,L232_0",0.0,2,20.0,7.69,2,0,NaN
06:48:42,L232,82.62,4,"L232_3,L232_2,L232_1,L232_0",0.0,2,17.439999999999998,7.4725,2,0,NaN
06:48:44,L232,82.62,4,"L232_3,L232_2,L232_1,L232_0",0.0,2,21.39,8.57,2,0,NaN
06:48:46,L232,82.62,4,"L232_3,L232_2,L232_1,L232_0",0.0,2,17.5625,7.36,2,0,NaN
06:48:48,L232,82.62,4,"L232_3,L232_2,L232_1,L232_0",0.0,2,11.365,7.3525,2,0,NaN
06:48:50,L232,82.62,4,"L232_3,L232_2,L232_1,L232_0",0.0,2,9.15,6.6475,2,0,NaN
06:48:52,L232,82.62,4,"L232_3,L232_2,L232_1,L232_0",0.0,2,13.4225,6.94,2,0,NaN
06:48:54,L232,82.62,4,"L232_3,L232_2,L232_1,L232_0",0.0,2,12.7425,5.3375,2,0,NaN
06:48:56,L232,82.62,4,"L232_3,L232_2,L232_1,L232_0",0.0,1,9.91,5.5925,1,0,NaN
06:48:58,L232,82.62,4,"L232_3,L232_2,L232_1,L232_0",0.0,1,10.47,4.8375,1,0,NaN
06:49:00,L232,82.62,4,"L232_3,L232_2,L232_1,L232_0",0.0,2,10.43,4.23,2,0,NaN
06:49:02,L232,82.62,4,"L232_3,L232_2,L232_1,L232_0",0.0,1,10.645,6.1850000000000005,1,0,NaN
06:49:04,L232,82.62,4,"L232_3,L232_2,L232_1,L232_0",0.0,2,16.200000000000003,5.7025,2,0,NaN
06:49:06,L232,82.62,4,"L232_3,L232_2,L232_1,L232_0",0.0,1,14.165,6.4075,1,0,NaN
06:49:08,L232,82.62,4,"L232_3,L232_2,L232_1,L232_0",0.0,2,14.1675,6.155,2,0,NaN
06:49:10,L232,82.62,4,"L232_3,L232_2,L232_1,L232_0",0.0,1,11.32,4.415,1,0,NaN
06:49:12,L232,82.62,4,"L232_3,L232_2,L232_1,L232_0",0.0,1,6.824999999999999,4.195,1,0,NaN
06:49:14,L232,82.62,4,"L232_3,L232_2,L232_1,L232_0",0.0,1,10.33,3.975,1,0,NaN
06:49:16,L232,82.62,4,"L232_3,L232_2,L232_1,L232_0",0.0,1,7.6274999999999995,4.195,1,0,NaN
06:49:18,L232,82.62,4,"L232_3,L232_2,L232_1,L232_0",0.0,1,13.149999999999999,4.63,1,0,NaN
06:49:20,L232,82.62,4,"L232_3,L232_2,L232_1,L232_0",0.0,1,14.4525,4.3975,1,0,NaN
06:49:22,L232,82.62,4,"L232_3,L232_2,L232_1,L232_0",0.0,1,11.5825,5.215,1,0,NaN
06:49:24,L232,82.62,4,"L232_3,L232_2,L232_1,L232_0",0.0,1,14.635000000000002,4.325,1,0,NaN
06:49:26,L232,82.62,4,"L232_3,L232_2,L232_1,L232_0",0.0,1,11.397499999999999,3.495,1,0,NaN
06:49:28,L232,82.62,4,"L232_3,L232_2,L232_1,L232_0",0.0,1,9.004999999999999,2.6725,1,0,NaN
06:49:30,L232,82.62,4,"L232_3,L232_2,L232_1,L232_0",0.0,1,8.8725,3.375,1,0,NaN
06:49:32,L232,82.62,4,"L232_3,L232_2,L232_1,L232_0",0.0,1,8.4975,2.795,1,0,NaN
06:49:34,L232,82.62,4,"L232_3,L232_2,L232_1,L232_0",0.0,1,8.9275,4.01,1,0,NaN
06:49:36,L232,82.62,4,"L232_3,L232_2,L232_1,L232_0",0.0,1,14.3625,4.5625,1,0,NaN
06:49:38,L232,82.62,4,"L232_3,L232_2,L232_1,L232_0",0.0,2,17.22,5.82,2,0,NaN
06:49:40,L232,82.62,4,"L232_3,L232_2,L232_1,L232_0",0.0,2,16.5275,7.6025,2,0,NaN
06:49:42,L232,82.62,4,"L232_3,L232_2,L232_1,L232_0",0.0,2,20.62,8.57,2,0,NaN
06:49:44,L232,82.62,4,"L232_3,L232_2,L232_1,L232_0",0.0,2,19.445,8.0625,2,0,NaN
06:49:46,L232,82.62,4,"L232_3,L232_2,L232_1,L232_0",0.0,2,15.2775,7.08,2,0,NaN
06:49:48,L232,82.62,4,"L232_3,L232_2,L232_1,L232_0",0.0,2,15.515,6.8475,2,0,NaN
06:49:50,L232,82.62,4,"L232_3,L232_2,L232_1,L232_0",0.0,1,10.9425,4.8475,1,0,NaN
06:49:52,L232,82.62,4,"L232_3,L232_2,L232_1,L232_0",0.0,2,12.18,4.4275,2,0,NaN
06:49:54,L232,82.62,4,"L232_3,L232_2,L232_1,L232_0",0.0,1,8.87,4.195,1,0,NaN
06:49:56,L232,82.62,4,"L232_3,L232_2,L232_1,L232_0",0.0,1,10.9025,5.9375,1,0,NaN
06:49:58,L232,82.62,4,"L232_3,L232_2,L232_1,L232_0",0.0,2,12.754999999999999,8.005,2,0,NaN
06:50:00,L232,82.62,4,"L232_3,L232_2,L232_1,L232_0",0.0,2,18.45,7.63,2,0,NaN
06:50:02,L232,82.62,4,"L232_3,L232_2,L232_1,L232_0",0.0,2,19.45,8.3925,2,0,NaN
06:50:04,L232,82.62,4,"L232_3,L232_2,L232_1,L232_0",0.0,2,21.7325,8.9975,2,0,NaN
06:50:06,L232,82.62,4,"L232_3,L232_2,L232_1,L232_0",0.0,2,21.495,8.1275,2,0,NaN
06:50:08,L232,82.62,4,"L232_3,L232_2,L232_1,L232_0",0.0,2,16.8675,7.84,2,0,NaN
06:50:10,L232,82.62,4,"L232_3,L232_2,L232_1,L232_0",0.0,2,16.98,6.9174999999999995,2,0,NaN
06:50:12,L232,82.62,4,"L232_3,L232_2,L232_1,L232_0",0.0,2,17.09,5.925000000000001,2,0,NaN
06:50:14,L232,82.62,4,"L232_3,L232_2,L232_1,L232_0",0.0,1,12.362499999999999,5.775,1,0,NaN
06:50:16,L232,82.62,4,"L232_3,L232_2,L232_1,L232_0",0.0,2,14.337500000000002,6.5775,2,0,NaN
06:50:18,L232,82.62,4,"L232_3,L232_2,L232_1,L232_0",0.0,2,15.5125,6.5275,2,0,NaN
06:50:20,L232,82.62,4,"L232_3,L232_2,L232_1,L232_0",0.0,2,14.870000000000001,5.965,2,0,NaN
06:50:22,L232,82.62,4,"L232_3,L232_2,L232_1,L232_0",0.0,1,12.605,4.8950000000000005,1,0,NaN
06:50:24,L232,82.62,4,"L232_3,L232_2,L232_1,L232_0",0.0,2,14.6125,5.3075,2,0,NaN
06:50:26,L232,82.62,4,"L232_3,L232_2,L232_1,L232_0",0.0,2,15.2825,4.8925,2,0,NaN
06:50:28,L232,82.62,4,"L232_3,L232_2,L232_1,L232_0",0.0,1,14.620000000000001,5.905,1,0,NaN
06:50:30,L232,82.62,4,"L232_3,L232_2,L232_1,L232_0",0.0,2,23.410000000000004,7.194999999999999,2,0,NaN
06:50:32,L232,82.62,4,"L232_3,L232_2,L232_1,L232_0",0.0,2,20.2925,7.6875,2,0,NaN
06:50:34,L232,82.62,4,"L232_3,L232_2,L232_1,L232_0",0.0,2,21.082500000000003,7.5375000000000005,2,0,NaN
06:50:36,L232,82.62,4,"L232_3,L232_2,L232_1,L232_0",0.0,2,23.205,6.565,2,0,NaN
06:50:38,L232,82.62,4,"L232_3,L232_2,L232_1,L232_0",0.0,1,14.6,5.5925,1,0,NaN
06:50:40,L232,82.62,4,"L232_3,L232_2,L232_1,L232_0",0.0,1,14.625,4.8925,1,0,NaN
06:50:42,L232,82.62,4,"L232_3,L232_2,L232_1,L232_0",0.0,2,17.7,4.8525,2,0,NaN
06:50:44,L232,82.62,4,"L232_3,L232_2,L232_1,L232_0",0.0,2,20.595000000000002,5.3875,2,0,NaN
06:50:46,L232,82.62,4,"L232_3,L232_2,L232_1,L232_0",0.0,1,11.684999999999999,5.59,1,0,NaN
06:50:48,L232,82.62,4,"L232_3,L232_2,L232_1,L232_0",0.0,2,20.837500000000002,5.869999999999999,2,0,NaN
06:50:50,L232,82.62,4,"L232_3,L232_2,L232_1,L232_0",0.0,2,16.495,5.8025,2,0,NaN
06:50:52,L232,82.62,4,"L232_3,L232_2,L232_1,L232_0",0.0,2,18.365,6.0275,2,0,NaN
06:50:54,L232,82.62,4,"L232_3,L232_2,L232_1,L232_0",0.0,1,12.445,6.29,1,0,NaN
06:50:56,L232,82.62,4,"L232_3,L232_2,L232_1,L232_0",0.0,2,14.3725,5.2175,2,0,NaN
06:50:58,L232,82.62,4,"L232_3,L232_2,L232_1,L232_0",0.0,1,11.0325,4.6125,1,0,NaN
06:51:00,L232,82.62,4,"L232_3,L232_2,L232_1,L232_0",0.0,2,11.3375,4.4825,2,0,NaN
06:51:02,L232,82.62,4,"L232_3,L232_2,L232_1,L232_0",0.0,1,8.32,4.78,1,0,NaN
06:51:04,L232,82.62,4,"L232_3,L232_2,L232_1,L232_0",0.0,1,7.52,4.3775,1,0,NaN
06:51:06,L232,82.62,4,"L232_3,L232_2,L232_1,L232_0",0.0,2,10.350000000000001,4.625,2,0,NaN
06:51:08,L232,82.62,4,"L232_3,L232_2,L232_1,L232_0",0.0,1,8.16,4.8925,1,0,NaN
06:51:10,L232,82.62,4,"L232_3,L232_2,L232_1,L232_0",0.0,1,8.57,4.99,1,0,NaN
06:51:12,L232,82.62,4,"L232_3,L232_2,L232_1,L232_0",0.0,2,13.229999999999999,4.6225,2,0,NaN
06:51:14,L232,82.62,4,"L232_3,L232_2,L232_1,L232_0",0.0,1,8.13,4.675,1,0,NaN
06:51:16,L232,82.62,4,"L232_3,L232_2,L232_1,L232_0",0.0,2,12.14,6.1899999999999995,2,0,NaN
06:51:18,L232,82.62,4,"L232_3,L232_2,L232_1,L232_0",0.0,2,15.222500000000002,5.96,2,0,NaN
06:51:20,L232,82.62,4,"L232_3,L232_2,L232_1,L232_0",0.0,2,12.957500000000001,5.9025,2,0,NaN
06:51:22,L232,82.62,4,"L232_3,L232_2,L232_1,L232_0",0.0,2,13.965,8.3875,2,0,NaN
06:51:24,L232,82.62,4,"L232_3,L232_2,L232_1,L232_0",0.0,2,20.750000000000004,7.717499999999999,2,0,NaN
06:51:26,L232,82.62,4,"L232_3,L232_2,L232_1,L232_0",0.0,2,17.77,6.5125,2,0,NaN
06:51:28,L232,82.62,4,"L232_3,L232_2,L232_1,L232_0",0.0,2,18.1475,6.3175,2,0,NaN
06:51:30,L232,82.62,4,"L232_3,L232_2,L232_1,L232_0",0.0,2,16.93,6.29,2,0,NaN
06:51:32,L232,82.62,4,"L232_3,L232_2,L232_1,L232_0",0.0,2,20.137500000000003,6.29,2,0,NaN
06:51:34,L232,82.62,4,"L232_3,L232_2,L232_1,L232_0",0.0,1,14.045,6.29,1,0,NaN
06:51:36,L232,82.62,4,"L232_3,L232_2,L232_1,L232_0",0.0,2,14.5575,6.6025,2,0,NaN
06:51:38,L232,82.62,4,"L232_3,L232_2,L232_1,L232_0",0.0,1,14.684999999999999,6.4025,1,0,NaN
06:51:40,L232,82.62,4,"L232_3,L232_2,L232_1,L232_0",0.0,2,17.58,5.445,2,0,NaN
06:51:42,L232,82.62,4,"L232_3,L232_2,L232_1,L232_0",0.0,2,18.79,7.672499999999999,2,0,NaN
06:51:44,L232,82.62,4,"L232_3,L232_2,L232_1,L232_0",0.0,2,16.61,7.3225,2,0,NaN
06:51:46,L232,82.62,4,"L232_3,L232_2,L232_1,L232_0",0.0,2,21.384999999999998,8.7,2,0,NaN
06:51:48,L232,82.62,4,"L232_3,L232_2,L232_1,L232_0",0.0,2,21.8675,8.01,2,0,NaN
06:51:50,L232,82.62,4,"L232_3,L232_2,L232_1,L232_0",0.0,2,13.2675,6.455,2,0,NaN
06:51:52,L232,82.62,4,"L232_3,L232_2,L232_1,L232_0",0.0,2,11.610000000000001,6.2925,2,0,NaN
06:51:54,L232,82.62,4,"L232_3,L232_2,L232_1,L232_0",0.0,1,9.9825,5.125,1,0,NaN
06:51:56,L232,82.62,4,"L232_3,L232_2,L232_1,L232_0",0.0,2,19.055,8.0425,2,0,NaN
06:51:58,L232,82.62,4,"L232_3,L232_2,L232_1,L232_0",0.0,2,20.455,7.705,2,0,NaN
06:52:00,L232,82.62,4,"L232_3,L232_2,L232_1,L232_0",0.0,2,12.9375,8.82,2,0,NaN
06:52:02,L232,82.62,4,"L232_3,L232_2,L232_1,L232_0",0.48,3,18.617500000000003,9.77,3,0,NaN
06:52:04,L232,82.62,4,"L232_3,L232_2,L232_1,L232_0",0.0,2,15.645,10.7225,2,0,NaN
06:52:06,L232,82.62,4,"L232_3,L232_2,L232_1,L232_0",1.0825,3,19.84,11.205000000000002,3,0,NaN
06:52:08,L232,82.62,4,"L232_3,L232_2,L232_1,L232_0",0.5775,3,16.3725,10.700000000000001,3,0,NaN
06:52:10,L232,82.62,4,"L232_3,L232_2,L232_1,L232_0",2.31,2,15.8375,11.184999999999999,2,0,NaN
06:52:12,L232,82.62,4,"L232_3,L232_2,L232_1,L232_0",1.585,3,16.662499999999998,12.02,3,0,NaN
06:52:14,L232,82.62,4,"L232_3,L232_2,L232_1,L232_0",1.155,2,13.2675,11.182500000000001,2,0,NaN
06:52:16,L232,82.62,4,"L232_3,L232_2,L232_1,L232_0",2.8875,2,12.0025,11.842500000000001,2,0,NaN
06:52:18,L232,82.62,4,"L232_3,L232_2,L232_1,L232_0",4.62,2,8.315,12.5275,2,0,NaN
06:52:20,L232,82.62,4,"L232_3,L232_2,L232_1,L232_0",6.392500000000001,3,11.4075,14.68,3,0,NaN
06:52:22,L232,82.62,4,"L232_3,L232_2,L232_1,L232_0",9.115,3,11.885,16.775,3,0,NaN
06:52:24,L232,82.62,4,"L232_3,L232_2,L232_1,L232_0",9.9575,3,9.214999999999998,16.9325,3,0,NaN
06:52:26,L232,82.62,4,"L232_3,L232_2,L232_1,L232_0",11.59,4,9.275,17.275,4,0,NaN
06:52:28,L232,82.62,4,"L232_3,L232_2,L232_1,L232_0",10.594999999999999,4,13.4575,15.4625,4,0,NaN
06:52:30,L232,82.62,4,"L232_3,L232_2,L232_1,L232_0",4.6525,3,8.43,12.75,3,0,NaN
06:52:32,L232,82.62,4,"L232_3,L232_2,L232_1,L232_0",1.155,3,12.192499999999999,13.305,3,0,NaN
06:52:34,L232,82.62,4,"L232_3,L232_2,L232_1,L232_0",2.1550000000000002,2,8.045,11.774999999999999,2,0,NaN
06:52:36,L232,82.62,4,"L232_3,L232_2,L232_1,L232_0",1.155,3,16.630000000000003,11.7225,3,0,NaN
06:52:38,L232,82.62,4,"L232_3,L232_2,L232_1,L232_0",0.0,2,19.137500000000003,9.637500000000001,2,0,NaN
06:52:40,L232,82.62,4,"L232_3,L232_2,L232_1,L232_0",0.0,2,21.792499999999997,10.11,2,0,NaN
06:52:42,L232,82.62,4,"L232_3,L232_2,L232_1,L232_0",0.0,2,21.6525,8.0275,2,0,NaN
06:52:44,L232,82.62,4,"L232_3,L232_2,L232_1,L232_0",0.0,2,11.655000000000001,6.9875,2,0,NaN
06:52:46,L232,82.62,4,"L232_3,L232_2,L232_1,L232_0",0.0,2,8.895,6.842499999999999,2,0,NaN
06:52:48,L232,82.62,4,"L232_3,L232_2,L232_1,L232_0",0.0,2,10.9025,7.527500000000001,2,0,NaN
06:52:50,L232,82.62,4,"L232_3,L232_2,L232_1,L232_0",0.0,2,10.9975,6.5375000000000005,2,0,NaN
06:52:52,L232,82.62,4,"L232_3,L232_2,L232_1,L232_0",0.0,2,15.397499999999997,7.8125,2,0,NaN
06:52:54,L232,82.62,4,"L232_3,L232_2,L232_1,L232_0",0.0,2,13.747499999999999,9.004999999999999,2,0,NaN
06:52:56,L232,82.62,4,"L232_3,L232_2,L232_1,L232_0",0.0,2,16.939999999999998,8.100000000000001,2,0,NaN
06:52:58,L232,82.62,4,"L232_3,L232_2,L232_1,L232_0",0.0,2,13.705000000000002,7.69,2,0,NaN
06:53:00,L232,82.62,4,"L232_3,L232_2,L232_1,L232_0",0.0,2,17.014999999999997,8.325000000000001,2,0,NaN
06:53:02,L232,82.62,4,"L232_3,L232_2,L232_1,L232_0",0.0,2,15.040000000000001,6.5675,2,0,NaN
06:53:04,L232,82.62,4,"L232_3,L232_2,L232_1,L232_0",0.0,1,11.254999999999999,5.9475,1,0,NaN
06:53:06,L232,82.62,4,"L232_3,L232_2,L232_1,L232_0",0.0,2,17.5725,7.6875,2,0,NaN
06:53:08,L232,82.62,4,"L232_3,L232_2,L232_1,L232_0",0.0,2,18.55,9.412500000000001,2,0,NaN
06:53:10,L232,82.62,4,"L232_3,L232_2,L232_1,L232_0",0.0,2,22.95,10.4875,2,0,NaN
06:53:12,L232,82.62,4,"L232_3,L232_2,L232_1,L232_0",0.0,3,30.367500000000003,10.485,3,0,NaN
06:53:14,L232,82.62,4,"L232_3,L232_2,L232_1,L232_0",0.0,2,23.38,9.5875,2,0,NaN
06:53:16,L232,82.62,4,"L232_3,L232_2,L232_1,L232_0",0.0,2,25.65,7.9624999999999995,2,0,NaN
06:53:18,L232,82.62,4,"L232_3,L232_2,L232_1,L232_0",0.0,2,28.737499999999997,7.9825,2,0,NaN
06:53:20,L232,82.62,4,"L232_3,L232_2,L232_1,L232_0",0.0,2,26.435,7.745,2,0,NaN
06:53:22,L232,82.62,4,"L232_3,L232_2,L232_1,L232_0",0.0,2,20.2,8.49,2,0,NaN
06:53:24,L232,82.62,4,"L232_3,L232_2,L232_1,L232_0",0.0,2,26.010000000000005,7.0425,2,0,NaN
06:53:26,L232,82.62,4,"L232_3,L232_2,L232_1,L232_0",0.0,1,14.3,5.4075,1,0,NaN
06:53:28,L232,82.62,4,"L232_3,L232_2,L232_1,L232_0",0.0,1,14.87,4.8925,1,0,NaN
06:53:30,L232,82.62,4,"L232_3,L232_2,L232_1,L232_0",0.0,1,15.095,3.5599999999999996,1,0,NaN
06:53:32,L232,82.62,4,"L232_3,L232_2,L232_1,L232_0",0.0,1,9.075,4.195,1,0,NaN
06:53:34,L232,82.62,4,"L232_3,L232_2,L232_1,L232_0",0.0,1,14.84,3.7175000000000002,1,0,NaN
06:53:36,L232,82.62,4,"L232_3,L232_2,L232_1,L232_0",0.0,1,15.0125,4.8925,1,0,NaN
06:53:38,L232,82.62,4,"L232_3,L232_2,L232_1,L232_0",0.0,2,17.64,6.0075,2,0,NaN
06:53:40,L232,82.62,4,"L232_3,L232_2,L232_1,L232_0",0.0,2,23.18,9.025,2,0,NaN
06:53:42,L232,82.62,4,"L232_3,L232_2,L232_1,L232_0",0.0,2,23.759999999999998,8.1675,2,0,NaN
06:53:44,L232,82.62,4,"L232_3,L232_2,L232_1,L232_0",0.0,2,20.0775,8.025,2,0,NaN
06:53:46,L232,82.62,4,"L232_3,L232_2,L232_1,L232_0",0.0,2,25.015,8.0375,2,0,NaN
06:53:48,L232,82.62,4,"L232_3,L232_2,L232_1,L232_0",0.0,2,26.18,8.225000000000001,2,0,NaN
06:53:50,L232,82.62,4,"L232_3,L232_2,L232_1,L232_0",0.0,2,19.2275,8.455,2,0,NaN
06:53:52,L232,82.62,4,"L232_3,L232_2,L232_1,L232_0",0.0,2,22.942500000000003,8.9275,2,0,NaN
06:53:54,L232,82.62,4,"L232_3,L232_2,L232_1,L232_0",0.0,2,22.157500000000002,10.21,2,0,NaN
06:53:56,L232,82.62,4,"L232_3,L232_2,L232_1,L232_0",0.0,2,24.470000000000002,11.4675,2,0,NaN
06:53:58,L232,82.62,4,"L232_3,L232_2,L232_1,L232_0",0.0,2,23.19,10.129999999999999,2,0,NaN
06:54:00,L232,82.62,4,"L232_3,L232_2,L232_1,L232_0",0.0,2,19.917499999999997,9.34,2,0,NaN
06:54:02,L232,82.62,4,"L232_3,L232_2,L232_1,L232_0",0.5775,2,15.955,9.032499999999999,2,0,NaN
06:54:04,L232,82.62,4,"L232_3,L232_2,L232_1,L232_0",0.0,2,16.165,5.87,2,0,NaN
06:54:06,L232,82.62,4,"L232_3,L232_2,L232_1,L232_0",0.0,1,10.3225,5.0875,1,0,NaN
06:54:08,L232,82.62,4,"L232_3,L232_2,L232_1,L232_0",0.0,1,12.285,5.3425,1,0,NaN
06:54:10,L232,82.62,4,"L232_3,L232_2,L232_1,L232_0",0.0,1,10.615000000000002,5.1425,1,0,NaN
06:54:12,L232,82.62,4,"L232_3,L232_2,L232_1,L232_0",0.0,2,14.715,6.2525,2,0,NaN
06:54:14,L232,82.62,4,"L232_3,L232_2,L232_1,L232_0",0.0,1,12.0925,4.8925,1,0,NaN
06:54:16,L232,82.62,4,"L232_3,L232_2,L232_1,L232_0",0.0,1,12.8675,5.8325,1,0,NaN
06:54:18,L232,82.62,4,"L232_3,L232_2,L232_1,L232_0",0.0,1,12.069999999999999,4.430000000000001,1,0,NaN
06:54:20,L232,82.62,4,"L232_3,L232_2,L232_1,L232_0",0.0,1,9.26,4.66,1,0,NaN
06:54:22,L232,82.62,4,"L232_3,L232_2,L232_1,L232_0",0.0,2,13.799999999999999,4.84,2,0,NaN
06:54:24,L232,82.62,4,"L232_3,L232_2,L232_1,L232_0",0.0,1,11.4175,4.195,1,0,NaN
06:54:26,L232,82.62,4,"L232_3,L232_2,L232_1,L232_0",0.0,1,9.255,4.1850000000000005,1,0,NaN
06:54:28,L232,82.62,4,"L232_3,L232_2,L232_1,L232_0",0.0,1,6.8100000000000005,4.1925,1,0,NaN
06:54:30,L232,82.62,4,"L232_3,L232_2,L232_1,L232_0",0.0,2,16.22,4.6775,2,0,NaN
06:54:32,L232,82.62,4,"L232_3,L232_2,L232_1,L232_0",0.0,1,14.5075,6.29,1,0,NaN
06:54:34,L232,82.62,4,"L232_3,L232_2,L232_1,L232_0",0.0,2,17.884999999999998,6.29,2,0,NaN
06:54:36,L232,82.62,4,"L232_3,L232_2,L232_1,L232_0",0.0,2,17.490000000000002,5.76,2,0,NaN
06:54:38,L232,82.62,4,"L232_3,L232_2,L232_1,L232_0",0.0,2,20.42,5.9350000000000005,2,0,NaN
06:54:40,L232,82.62,4,"L232_3,L232_2,L232_1,L232_0",0.0,2,16.6925,6.2225,2,0,NaN
06:54:42,L232,82.62,4,"L232_3,L232_2,L232_1,L232_0",0.0,2,16.755,6.6475,2,0,NaN
06:54:44,L232,82.62,4,"L232_3,L232_2,L232_1,L232_0",0.0,2,15.075,6.99,2,0,NaN
06:54:46,L232,82.62,4,"L232_3,L232_2,L232_1,L232_0",0.0,2,13.862499999999997,7.1575,2,0,NaN
06:54:48,L232,82.62,4,"L232_3,L232_2,L232_1,L232_0",0.0,1,8.435,4.605,1,0,NaN
06:54:50,L232,82.62,4,"L232_3,L232_2,L232_1,L232_0",0.0,1,12.134999999999998,5.2625,1,0,NaN
06:54:52,L232,82.62,4,"L232_3,L232_2,L232_1,L232_0",0.0,2,18.637500000000003,5.985,2,0,NaN
06:54:54,L232,82.62,4,"L232_3,L232_2,L232_1,L232_0",0.0,2,15.12,7.425,2,0,NaN
06:54:56,L232,82.62,4,"L232_3,L232_2,L232_1,L232_0",0.0,2,14.96,7.5925,2,0,NaN
06:54:58,L232,82.62,4,"L232_3,L232_2,L232_1,L232_0",0.0,2,17.6375,7.17,2,0,NaN
06:55:00,L232,82.62,4,"L232_3,L232_2,L232_1,L232_0",0.0,2,17.425,6.4575,2,0,NaN
06:55:02,L232,82.62,4,"L232_3,L232_2,L232_1,L232_0",0.0,1,11.765,6.26,1,0,NaN
06:55:04,L232,82.62,4,"L232_3,L232_2,L232_1,L232_0",0.0,2,13.3825,6.1049999999999995,2,0,NaN
06:55:06,L232,82.62,4,"L232_3,L232_2,L232_1,L232_0",0.0,2,16.205,6.9125000000000005,2,0,NaN
06:55:08,L232,82.62,4,"L232_3,L232_2,L232_1,L232_0",0.0,2,13.524999999999999,6.0875,2,0,NaN
06:55:10,L232,82.62,4,"L232_3,L232_2,L232_1,L232_0",0.0,2,16.735,6.81,2,0,NaN
06:55:12,L232,82.62,4,"L232_3,L232_2,L232_1,L232_0",0.0,2,15.85,6.3025,2,0,NaN
06:55:14,L232,82.62,4,"L232_3,L232_2,L232_1,L232_0",0.0,2,18.425,6.9175,2,0,NaN
06:55:16,L232,82.62,4,"L232_3,L232_2,L232_1,L232_0",0.0,2,16.634999999999998,6.64,2,0,NaN
06:55:18,L232,82.62,4,"L232_3,L232_2,L232_1,L232_0",0.0,2,17.61,6.9875,2,0,NaN
06:55:20,L232,82.62,4,"L232_3,L232_2,L232_1,L232_0",0.0,1,14.6925,4.8925,1,0,NaN
06:55:22,L232,82.62,4,"L232_3,L232_2,L232_1,L232_0",0.0,1,14.760000000000002,5.715,1,0,NaN
06:55:24,L232,82.62,4,"L232_3,L232_2,L232_1,L232_0",0.0,2,17.3475,5.7775,2,0,NaN
06:55:26,L232,82.62,4,"L232_3,L232_2,L232_1,L232_0",0.0,1,12.760000000000002,5.5925,1,0,NaN
06:55:28,L232,82.62,4,"L232_3,L232_2,L232_1,L232_0",0.0,1,13.715,5.5925,1,0,NaN
06:55:30,L232,82.62,4,"L232_3,L232_2,L232_1,L232_0",0.0,1,13.5225,5.827500000000001,1,0,NaN
06:55:32,L232,82.62,4,"L232_3,L232_2,L232_1,L232_0",0.0,1,11.620000000000001,5.59,1,0,NaN
06:55:34,L232,82.62,4,"L232_3,L232_2,L232_1,L232_0",0.0,2,19.349999999999998,5.925,2,0,NaN
06:55:36,L232,82.62,4,"L232_3,L232_2,L232_1,L232_0",0.0,1,14.41,4.3975,1,0,NaN
06:55:38,L232,82.62,4,"L232_3,L232_2,L232_1,L232_0",0.0,1,11.74,3.895,1,0,NaN
06:55:40,L232,82.62,4,"L232_3,L232_2,L232_1,L232_0",0.0,2,15.809999999999999,5.6325,2,0,NaN
06:55:42,L232,82.62,4,"L232_3,L232_2,L232_1,L232_0",0.0,1,12.162500000000001,5.4075,1,0,NaN
06:55:44,L232,82.62,4,"L232_3,L232_2,L232_1,L232_0",0.0,1,11.1875,4.8875,1,0,NaN
06:55:46,L232,82.62,4,"L232_3,L232_2,L232_1,L232_0",0.0,1,9.712499999999999,4.6125,1,0,NaN
06:55:48,L232,82.62,4,"L232_3,L232_2,L232_1,L232_0",0.0,1,9.6375,4.4375,1,0,NaN
06:55:50,L232,82.62,4,"L232_3,L232_2,L232_1,L232_0",0.0,1,8.8,5.585,1,0,NaN
06:55:52,L232,82.62,4,"L232_3,L232_2,L232_1,L232_0",0.0,2,11.22,4.635,2,0,NaN
06:55:54,L232,82.62,4,"L232_3,L232_2,L232_1,L232_0",0.0,1,7.96,4.195,1,0,NaN
06:55:56,L232,82.62,4,"L232_3,L232_2,L232_1,L232_0",0.0,2,10.8125,5.1425,2,0,NaN
06:55:58,L232,82.62,4,"L232_3,L232_2,L232_1,L232_0",0.0,2,13.485,5.4075,2,0,NaN
06:56:00,L232,82.62,4,"L232_3,L232_2,L232_1,L232_0",0.0,1,11.34,5.5925,1,0,NaN
06:56:02,L232,82.62,4,"L232_3,L232_2,L232_1,L232_0",0.0,1,10.815,5.565,1,0,NaN
06:56:04,L232,82.62,4,"L232_3,L232_2,L232_1,L232_0",0.0,1,9.719999999999999,4.447500000000001,1,0,NaN
06:56:06,L232,82.62,4,"L232_3,L232_2,L232_1,L232_0",0.0,1,9.66,3.1725,1,0,NaN
06:56:08,L232,82.62,4,"L232_3,L232_2,L232_1,L232_0",0.0,2,14.83,4.7875,2,0,NaN
06:56:10,L232,82.62,4,"L232_3,L232_2,L232_1,L232_0",0.0,1,10.3575,5.5925,1,0,NaN
06:56:12,L232,82.62,4,"L232_3,L232_2,L232_1,L232_0",0.0,2,17.835,7.345,2,0,NaN
06:56:14,L232,82.62,4,"L232_3,L232_2,L232_1,L232_0",0.0,2,15.934999999999999,5.5775,2,0,NaN
06:56:16,L232,82.62,4,"L232_3,L232_2,L232_1,L232_0",0.0,2,18.295,6.045,2,0,NaN
06:56:18,L232,82.62,4,"L232_3,L232_2,L232_1,L232_0",0.0,2,16.89,5.745,2,0,NaN
06:56:20,L232,82.62,4,"L232_3,L232_2,L232_1,L232_0",0.0,2,18.5675,5.71,2,0,NaN
06:56:22,L232,82.62,4,"L232_3,L232_2,L232_1,L232_0",0.0,2,17.54,5.66,2,0,NaN
06:56:24,L232,82.62,4,"L232_3,L232_2,L232_1,L232_0",0.0,1,12.0,5.095000000000001,1,0,NaN
06:56:26,L232,82.62,4,"L232_3,L232_2,L232_1,L232_0",0.0,2,14.817499999999999,4.885,2,0,NaN
06:56:28,L232,82.62,4,"L232_3,L232_2,L232_1,L232_0",0.0,1,8.34,3.6775,1,0,NaN
06:56:30,L232,82.62,4,"L232_3,L232_2,L232_1,L232_0",0.0,1,7.78,4.165,1,0,NaN
06:56:32,L232,82.62,4,"L232_3,L232_2,L232_1,L232_0",0.0,1,7.55,4.01,1,0,NaN
06:56:34,L232,82.62,4,"L232_3,L232_2,L232_1,L232_0",0.0,1,9.37,5.5925,1,0,NaN
06:56:36,L232,82.62,4,"L232_3,L232_2,L232_1,L232_0",0.0,2,13.78,6.1975,2,0,NaN
06:56:38,L232,82.62,4,"L232_3,L232_2,L232_1,L232_0",0.0,2,16.11,6.695,2,0,NaN
06:56:40,L232,82.62,4,"L232_3,L232_2,L232_1,L232_0",0.0,2,17.357499999999998,6.1725,2,0,NaN
06:56:42,L232,82.62,4,"L232_3,L232_2,L232_1,L232_0",0.0,2,19.645,6.8675,2,0,NaN
06:56:44,L232,82.62,4,"L232_3,L232_2,L232_1,L232_0",0.0,1,12.595,6.2925,1,0,NaN
06:56:46,L232,82.62,4,"L232_3,L232_2,L232_1,L232_0",0.0,1,10.962499999999999,5.0424999999999995,1,0,NaN
06:56:48,L232,82.62,4,"L232_3,L232_2,L232_1,L232_0",0.0,2,10.89,3.87,2,0,NaN
06:56:50,L232,82.62,4,"L232_3,L232_2,L232_1,L232_0",0.0,1,7.324999999999999,4.255,1,0,NaN
06:56:52,L232,82.62,4,"L232_3,L232_2,L232_1,L232_0",0.0,2,13.4575,5.905,2,0,NaN
06:56:54,L232,82.62,4,"L232_3,L232_2,L232_1,L232_0",0.0,2,14.445,6.1775,2,0,NaN
06:56:56,L232,82.62,4,"L232_3,L232_2,L232_1,L232_0",0.0,2,15.145,6.99,2,0,NaN
06:56:58,L232,82.62,4,"L232_3,L232_2,L232_1,L232_0",0.0,2,15.065000000000001,6.970000000000001,2,0,NaN
06:57:00,L232,82.62,4,"L232_3,L232_2,L232_1,L232_0",0.0,2,14.605,6.1625,2,0,NaN
06:57:02,L232,82.62,4,"L232_3,L232_2,L232_1,L232_0",0.0,2,14.662499999999998,6.0025,2,0,NaN
06:57:04,L232,82.62,4,"L232_3,L232_2,L232_1,L232_0",0.0,2,12.0675,6.1850000000000005,2,0,NaN
06:57:06,L232,82.62,4,"L232_3,L232_2,L232_1,L232_0",0.0,2,14.219999999999999,7.6875,2,0,NaN
06:57:08,L232,82.62,4,"L232_3,L232_2,L232_1,L232_0",0.0,2,16.682499999999997,7.31,2,0,NaN
06:57:10,L232,82.62,4,"L232_3,L232_2,L232_1,L232_0",0.0,2,19.990000000000002,8.14,2,0,NaN
06:57:12,L232,82.62,4,"L232_3,L232_2,L232_1,L232_0",0.0,2,18.167499999999997,6.117500000000001,2,0,NaN
06:57:14,L232,82.62,4,"L232_3,L232_2,L232_1,L232_0",0.0,2,19.2775,7.78,2,0,NaN
06:57:16,L232,82.62,4,"L232_3,L232_2,L232_1,L232_0",0.0,2,21.270000000000003,8.0,2,0,NaN
06:57:18,L232,82.62,4,"L232_3,L232_2,L232_1,L232_0",0.0,2,22.3,7.92,2,0,NaN
06:57:20,L232,82.62,4,"L232_3,L232_2,L232_1,L232_0",0.0,2,17.81,7.0175,2,0,NaN
06:57:22,L232,82.62,4,"L232_3,L232_2,L232_1,L232_0",0.0,2,14.1,6.99,2,0,NaN
06:57:24,L232,82.62,4,"L232_3,L232_2,L232_1,L232_0",0.0,2,16.6625,6.7075,2,0,NaN
06:57:26,L232,82.62,4,"L232_3,L232_2,L232_1,L232_0",0.0,2,15.632499999999999,5.8525,2,0,NaN
06:57:28,L232,82.62,4,"L232_3,L232_2,L232_1,L232_0",0.0,1,13.805,5.2675,1,0,NaN
06:57:30,L232,82.62,4,"L232_3,L232_2,L232_1,L232_0",0.0,1,13.454999999999998,4.4125000000000005,1,0,NaN
06:57:32,L232,82.62,4,"L232_3,L232_2,L232_1,L232_0",0.0,2,15.015,5.7725,2,0,NaN
06:57:34,L232,82.62,4,"L232_3,L232_2,L232_1,L232_0",0.0,2,16.1,5.890000000000001,2,0,NaN
06:57:36,L232,82.62,4,"L232_3,L232_2,L232_1,L232_0",0.0,2,17.15,7.235,2,0,NaN
06:57:38,L232,82.62,4,"L232_3,L232_2,L232_1,L232_0",0.0,2,16.685,5.6850000000000005,2,0,NaN
06:57:40,L232,82.62,4,"L232_3,L232_2,L232_1,L232_0",0.0,2,18.605,4.8225,2,0,NaN
06:57:42,L232,82.62,4,"L232_3,L232_2,L232_1,L232_0",0.0,1,9.6275,4.8925,1,0,NaN
06:57:44,L232,82.62,4,"L232_3,L232_2,L232_1,L232_0",0.0,1,8.9575,4.35,1,0,NaN
06:57:46,L232,82.62,4,"L232_3,L232_2,L232_1,L232_0",0.0,1,9.11,4.595,1,0,NaN
06:57:48,L232,82.62,4,"L232_3,L232_2,L232_1,L232_0",0.0,1,8.1325,5.5925,1,0,NaN
06:57:50,L232,82.62,4,"L232_3,L232_2,L232_1,L232_0",0.0,2,19.86,8.165,2,0,NaN
06:57:52,L232,82.62,4,"L232_3,L232_2,L232_1,L232_0",0.0,2,21.557499999999997,8.445,2,0,NaN
06:57:54,L232,82.62,4,"L232_3,L232_2,L232_1,L232_0",0.0,2,20.34,8.4475,2,0,NaN
06:57:56,L232,82.62,4,"L232_3,L232_2,L232_1,L232_0",0.0,2,20.5575,8.0425,2,0,NaN
06:57:58,L232,82.62,4,"L232_3,L232_2,L232_1,L232_0",0.0,2,16.072499999999998,6.935,2,0,NaN
06:58:00,L232,82.62,4,"L232_3,L232_2,L232_1,L232_0",0.0,2,17.53,6.9775,2,0,NaN
06:58:02,L232,82.62,4,"L232_3,L232_2,L232_1,L232_0",0.0,2,18.247500000000002,8.315000000000001,2,0,NaN
06:58:04,L232,82.62,4,"L232_3,L232_2,L232_1,L232_0",0.0,2,23.945,8.5725,2,0,NaN
06:58:06,L232,82.62,4,"L232_3,L232_2,L232_1,L232_0",0.0,2,18.814999999999998,8.145,2,0,NaN
06:58:08,L232,82.62,4,"L232_3,L232_2,L232_1,L232_0",0.0,2,24.0275,8.6625,2,0,NaN
06:58:10,L232,82.62,4,"L232_3,L232_2,L232_1,L232_0",0.0,2,16.645,7.539999999999999,2,0,NaN
06:58:12,L232,82.62,4,"L232_3,L232_2,L232_1,L232_0",0.0,2,27.794999999999998,7.25,2,0,NaN
06:58:14,L232,82.62,4,"L232_3,L232_2,L232_1,L232_0",0.0,2,17.1475,6.8575,2,0,NaN
06:58:16,L232,82.62,4,"L232_3,L232_2,L232_1,L232_0",0.0,2,20.095,7.5375000000000005,2,0,NaN
06:58:18,L232,82.62,4,"L232_3,L232_2,L232_1,L232_0",0.0,2,15.342500000000001,6.9875,2,0,NaN
06:58:20,L232,82.62,4,"L232_3,L232_2,L232_1,L232_0",0.0,2,16.1475,7.4,2,0,NaN
06:58:22,L232,82.62,4,"L232_3,L232_2,L232_1,L232_0",0.0,2,21.0275,7.215000000000001,2,0,NaN
06:58:24,L232,82.62,4,"L232_3,L232_2,L232_1,L232_0",0.0,2,14.1725,6.625,2,0,NaN
06:58:26,L232,82.62,4,"L232_3,L232_2,L232_1,L232_0",0.0,2,13.0775,8.07,2,0,NaN
06:58:28,L232,82.62,4,"L232_3,L232_2,L232_1,L232_0",0.0,2,18.0525,5.875,2,0,NaN
06:58:30,L232,82.62,4,"L232_3,L232_2,L232_1,L232_0",0.0,2,13.082500000000001,6.2775,2,0,NaN
06:58:32,L232,82.62,4,"L232_3,L232_2,L232_1,L232_0",0.0,2,14.1875,7.94,2,0,NaN
06:58:34,L232,82.62,4,"L232_3,L232_2,L232_1,L232_0",0.0,2,18.542500000000004,8.665000000000001,2,0,NaN
06:58:36,L232,82.62,4,"L232_3,L232_2,L232_1,L232_0",0.0,2,15.9175,7.69,2,0,NaN
06:58:38,L232,82.62,4,"L232_3,L232_2,L232_1,L232_0",0.0,2,16.25,8.037500000000001,2,0,NaN
06:58:40,L232,82.62,4,"L232_3,L232_2,L232_1,L232_0",0.0,2,16.005000000000003,8.5975,2,0,NaN
06:58:42,L232,82.62,4,"L232_3,L232_2,L232_1,L232_0",0.0,2,16.56,8.4025,2,0,NaN
06:58:44,L232,82.62,4,"L232_3,L232_2,L232_1,L232_0",0.5775,2,9.3925,9.785,2,0,NaN
06:58:46,L232,82.62,4,"L232_3,L232_2,L232_1,L232_0",1.035,2,13.565000000000001,11.32,2,0,NaN
06:58:48,L232,82.62,4,"L232_3,L232_2,L232_1,L232_0",0.5775,2,14.445,12.1825,2,0,NaN
06:58:50,L232,82.62,4,"L232_3,L232_2,L232_1,L232_0",0.495,3,13.6725,13.372500000000002,3,0,NaN
06:58:52,L232,82.62,4,"L232_3,L232_2,L232_1,L232_0",2.6825,3,16.682499999999997,13.98,3,0,NaN
06:58:54,L232,82.62,4,"L232_3,L232_2,L232_1,L232_0",1.155,3,22.555,13.4675,3,0,NaN
06:58:56,L232,82.62,4,"L232_3,L232_2,L232_1,L232_0",0.0,3,22.41,12.705,3,0,NaN
06:58:58,L232,82.62,4,"L232_3,L232_2,L232_1,L232_0",0.0,3,18.595,12.97,3,0,NaN
06:59:00,L232,82.62,4,"L232_3,L232_2,L232_1,L232_0",0.0,3,17.2075,10.725,3,0,NaN
06:59:02,L232,82.62,4,"L232_3,L232_2,L232_1,L232_0",1.155,2,13.672500000000001,11.177500000000002,2,0,NaN
06:59:04,L232,82.62,4,"L232_3,L232_2,L232_1,L232_0",0.0,2,17.85,8.4775,2,0,NaN
06:59:06,L232,82.62,4,"L232_3,L232_2,L232_1,L232_0",0.0,2,18.3775,7.7125,2,0,NaN
06:59:08,L232,82.62,4,"L232_3,L232_2,L232_1,L232_0",0.425,2,14.235000000000001,10.1675,2,0,NaN
06:59:10,L232,82.62,4,"L232_3,L232_2,L232_1,L232_0",0.0,2,14.179999999999998,9.785,2,0,NaN
06:59:12,L232,82.62,4,"L232_3,L232_2,L232_1,L232_0",0.0,2,21.0025,8.91,2,0,NaN
06:59:14,L232,82.62,4,"L232_3,L232_2,L232_1,L232_0",0.0,2,22.665,8.969999999999999,2,0,NaN
06:59:16,L232,82.62,4,"L232_3,L232_2,L232_1,L232_0",0.0,2,20.634999999999998,9.99,2,0,NaN
06:59:18,L232,82.62,4,"L232_3,L232_2,L232_1,L232_0",0.0,2,17.919999999999998,10.395,2,0,NaN
06:59:20,L232,82.62,4,"L232_3,L232_2,L232_1,L232_0",0.0,2,21.765,10.535,2,0,NaN
06:59:22,L232,82.62,4,"L232_3,L232_2,L232_1,L232_0",0.0,3,27.91,10.365,3,0,NaN
06:59:24,L232,82.62,4,"L232_3,L232_2,L232_1,L232_0",0.0,2,21.507500000000004,9.3925,2,0,NaN
06:59:26,L232,82.62,4,"L232_3,L232_2,L232_1,L232_0",0.0,2,21.845,10.36,2,0,NaN
06:59:28,L232,82.62,4,"L232_3,L232_2,L232_1,L232_0",0.5025,3,25.54,11.39,3,0,NaN
06:59:30,L232,82.62,4,"L232_3,L232_2,L232_1,L232_0",0.5775,2,18.130000000000003,11.245,2,0,NaN
06:59:32,L232,82.62,4,"L232_3,L232_2,L232_1,L232_0",1.0325,2,17.397499999999997,11.035,2,0,NaN
06:59:34,L232,82.62,4,"L232_3,L232_2,L232_1,L232_0",1.155,2,15.315,9.795000000000002,2,0,NaN
06:59:36,L232,82.62,4,"L232_3,L232_2,L232_1,L232_0",0.5775,2,13.2075,9.2575,2,0,NaN
06:59:38,L232,82.62,4,"L232_3,L232_2,L232_1,L232_0",0.5775,2,11.520000000000001,7.825,2,0,NaN
06:59:40,L232,82.62,4,"L232_3,L232_2,L232_1,L232_0",0.45,2,14.31,5.9174999999999995,2,0,NaN
06:59:42,L232,82.62,4,"L232_3,L232_2,L232_1,L232_0",0.0,1,13.2025,5.5925,1,0,NaN
06:59:44,L232,82.62,4,"L232_3,L232_2,L232_1,L232_0",0.0,1,12.1775,5.9825,1,0,NaN
06:59:46,L232,82.62,4,"L232_3,L232_2,L232_1,L232_0",0.0,2,12.334999999999999,5.404999999999999,2,0,NaN
06:59:48,L232,82.62,4,"L232_3,L232_2,L232_1,L232_0",0.0,1,13.1725,5.415,1,0,NaN
06:59:50,L232,82.62,4,"L232_3,L232_2,L232_1,L232_0",0.0,1,14.6525,4.1925,1,0,NaN
06:59:52,L232,82.62,4,"L232_3,L232_2,L232_1,L232_0",0.0,1,14.3875,4.8575,1,0,NaN
06:59:54,L232,82.62,4,"L232_3,L232_2,L232_1,L232_0",0.0,2,20.042499999999997,6.6725,2,0,NaN
06:59:56,L232,82.62,4,"L232_3,L232_2,L232_1,L232_0",0.0,2,20.31,7.645,2,0,NaN
06:59:58,L232,82.62,4,"L232_3,L232_2,L232_1,L232_0",0.0,2,23.0,8.22,2,0,NaN
07:00:00,L232,82.62,4,"L232_3,L232_2,L232_1,L232_0",0.0,2,18.1775,7.2075,2,0,NaN
07:00:02,L232,82.62,4,"L232_3,L232_2,L232_1,L232_0",0.0,2,15.57,6.0025,2,0,NaN
07:00:04,L232,82.62,4,"L232_3,L232_2,L232_1,L232_0",0.0,2,14.855,5.2875,2,0,NaN
07:00:06,L232,82.62,4,"L232_3,L232_2,L232_1,L232_0",0.0,2,18.045,4.8025,2,0,NaN
07:00:08,L232,82.62,4,"L232_3,L232_2,L232_1,L232_0",0.0,1,10.89,4.2175,1,0,NaN
07:00:10,L232,82.62,4,"L232_3,L232_2,L232_1,L232_0",0.0,2,18.3425,6.6475,2,0,NaN
07:00:12,L232,82.62,4,"L232_3,L232_2,L232_1,L232_0",0.0,2,18.71,6.4725,2,0,NaN
07:00:14,L232,82.62,4,"L232_3,L232_2,L232_1,L232_0",0.0,2,16.515,7.045,2,0,NaN
07:00:16,L232,82.62,4,"L232_3,L232_2,L232_1,L232_0",0.0,2,16.302500000000002,5.5725,2,0,NaN
07:00:18,L232,82.62,4,"L232_3,L232_2,L232_1,L232_0",0.0,1,12.58,5.6875,1,0,NaN
07:00:20,L232,82.62,4,"L232_3,L232_2,L232_1,L232_0",0.0,2,15.432500000000001,4.5825000000000005,2,0,NaN
07:00:22,L232,82.62,4,"L232_3,L232_2,L232_1,L232_0",0.0,1,13.032499999999999,4.8950000000000005,1,0,NaN
07:00:24,L232,82.62,4,"L232_3,L232_2,L232_1,L232_0",0.0,1,13.315,5.4625,1,0,NaN
07:00:26,L232,82.62,4,"L232_3,L232_2,L232_1,L232_0",0.0,2,16.990000000000002,7.0575,2,0,NaN
07:00:28,L232,82.62,4,"L232_3,L232_2,L232_1,L232_0",0.0,2,17.575000000000003,7.01,2,0,NaN
07:00:30,L232,82.62,4,"L232_3,L232_2,L232_1,L232_0",0.0,2,15.1725,6.6875,2,0,NaN
07:00:32,L232,82.62,4,"L232_3,L232_2,L232_1,L232_0",0.0,2,11.7125,6.99,2,0,NaN
07:00:34,L232,82.62,4,"L232_3,L232_2,L232_1,L232_0",0.0,2,11.965,5.5925,2,0,NaN
07:00:36,L232,82.62,4,"L232_3,L232_2,L232_1,L232_0",0.0,1,11.385,4.51,1,0,NaN
07:00:38,L232,82.62,4,"L232_3,L232_2,L232_1,L232_0",0.0,1,9.565000000000001,3.8275,1,0,NaN
07:00:40,L232,82.62,4,"L232_3,L232_2,L232_1,L232_0",0.0,1,11.68,5.5925,1,0,NaN
07:00:42,L232,82.62,4,"L232_3,L232_2,L232_1,L232_0",0.0,2,15.485,6.99,2,0,NaN
07:00:44,L232,82.62,4,"L232_3,L232_2,L232_1,L232_0",0.0,2,22.255,8.9275,2,0,NaN
07:00:46,L232,82.62,4,"L232_3,L232_2,L232_1,L232_0",0.0,2,23.0775,8.3875,2,0,NaN
07:00:48,L232,82.62,4,"L232_3,L232_2,L232_1,L232_0",0.0,2,21.0075,7.97,2,0,NaN
07:00:50,L232,82.62,4,"L232_3,L232_2,L232_1,L232_0",0.0,2,17.52,6.1925,2,0,NaN
07:00:52,L232,82.62,4,"L232_3,L232_2,L232_1,L232_0",0.0,2,13.802500000000002,6.0725,2,0,NaN
07:00:54,L232,82.62,4,"L232_3,L232_2,L232_1,L232_0",0.0,2,13.435,6.2,2,0,NaN
07:00:56,L232,82.62,4,"L232_3,L232_2,L232_1,L232_0",0.0,2,14.27,6.53,2,0,NaN
07:00:58,L232,82.62,4,"L232_3,L232_2,L232_1,L232_0",0.0,1,11.365,6.5925,1,0,NaN
07:01:00,L232,82.62,4,"L232_3,L232_2,L232_1,L232_0",0.0,2,14.2775,6.3825,2,0,NaN
07:01:02,L232,82.62,4,"L232_3,L232_2,L232_1,L232_0",0.0,2,13.915,6.1375,2,0,NaN
07:01:04,L232,82.62,4,"L232_3,L232_2,L232_1,L232_0",0.0,2,17.552500000000002,6.992500000000001,2,0,NaN
07:01:06,L232,82.62,4,"L232_3,L232_2,L232_1,L232_0",0.0,2,18.64,8.735,2,0,NaN
07:01:08,L232,82.62,4,"L232_3,L232_2,L232_1,L232_0",0.0,2,17.6,7.577500000000001,2,0,NaN
07:01:10,L232,82.62,4,"L232_3,L232_2,L232_1,L232_0",0.0,2,18.145,5.9725,2,0,NaN
07:01:12,L232,82.62,4,"L232_3,L232_2,L232_1,L232_0",0.445,1,8.087499999999999,5.43,1,0,NaN
07:01:14,L232,82.62,4,"L232_3,L232_2,L232_1,L232_0",0.0,2,10.8675,6.1025,2,0,NaN
07:01:16,L232,82.62,4,"L232_3,L232_2,L232_1,L232_0",0.0,1,9.825,6.24,1,0,NaN
07:01:18,L232,82.62,4,"L232_3,L232_2,L232_1,L232_0",0.0,2,12.957500000000001,6.99,2,0,NaN
07:01:20,L232,82.62,4,"L232_3,L232_2,L232_1,L232_0",0.0,2,14.674999999999999,5.1025,2,0,NaN
07:01:22,L232,82.62,4,"L232_3,L232_2,L232_1,L232_0",0.0,2,17.4575,7.762499999999999,2,0,NaN
07:01:24,L232,82.62,4,"L232_3,L232_2,L232_1,L232_0",0.0,2,17.775,7.91,2,0,NaN
07:01:26,L232,82.62,4,"L232_3,L232_2,L232_1,L232_0",1.155,2,16.0125,10.322500000000002,2,0,NaN
07:01:28,L232,82.62,4,"L232_3,L232_2,L232_1,L232_0",2.03,2,16.41,12.327499999999999,2,0,NaN
07:01:30,L232,82.62,4,"L232_3,L232_2,L232_1,L232_0",3.7775,3,16.84,13.9725,3,0,NaN
07:01:32,L232,82.62,4,"L232_3,L232_2,L232_1,L232_0",4.3549999999999995,3,17.8975,13.905000000000001,3,0,NaN
07:01:34,L232,82.62,4,"L232_3,L232_2,L232_1,L232_0",4.0575,3,14.790000000000003,14.677499999999998,3,0,NaN
07:01:36,L232,82.62,4,"L232_3,L232_2,L232_1,L232_0",5.544999999999999,4,17.365,14.7625,4,0,NaN
07:01:38,L232,82.62,4,"L232_3,L232_2,L232_1,L232_0",8.715,3,14.034999999999998,14.895,3,0,NaN
07:01:40,L232,82.62,4,"L232_3,L232_2,L232_1,L232_0",8.955,3,9.182500000000001,15.13,3,0,NaN
07:01:42,L232,82.62,4,"L232_3,L232_2,L232_1,L232_0",4.42,3,14.725000000000001,13.927499999999998,3,0,NaN
07:01:44,L232,82.62,4,"L232_3,L232_2,L232_1,L232_0",1.155,3,17.26,14.387500000000001,3,0,NaN
07:01:46,L232,82.62,4,"L232_3,L232_2,L232_1,L232_0",0.0,3,20.3,10.96,3,0,NaN
07:01:48,L232,82.62,4,"L232_3,L232_2,L232_1,L232_0",0.0,2,15.352500000000001,10.0225,2,0,NaN
07:01:50,L232,82.62,4,"L232_3,L232_2,L232_1,L232_0",0.4325,2,12.15,7.96,2,0,NaN
07:01:52,L232,82.62,4,"L232_3,L232_2,L232_1,L232_0",0.9450000000000001,2,12.065,8.245000000000001,2,0,NaN
07:01:54,L232,82.62,4,"L232_3,L232_2,L232_1,L232_0",0.5775,2,12.174999999999999,7.375,2,0,NaN
07:01:56,L232,82.62,4,"L232_3,L232_2,L232_1,L232_0",0.0,2,13.9975,7.835,2,0,NaN
07:01:58,L232,82.62,4,"L232_3,L232_2,L232_1,L232_0",0.0,2,18.407500000000002,7.982500000000001,2,0,NaN
07:02:00,L232,82.62,4,"L232_3,L232_2,L232_1,L232_0",0.0,2,11.3875,7.05,2,0,NaN
07:02:02,L232,82.62,4,"L232_3,L232_2,L232_1,L232_0",0.0,2,9.8675,7.375,2,0,NaN
07:02:04,L232,82.62,4,"L232_3,L232_2,L232_1,L232_0",1.5975000000000001,2,7.5025,7.8875,2,0,NaN
07:02:06,L232,82.62,4,"L232_3,L232_2,L232_1,L232_0",0.0,2,12.53,6.710000000000001,2,0,NaN
07:02:08,L232,82.62,4,"L232_3,L232_2,L232_1,L232_0",0.0,2,10.925,6.36,2,0,NaN
07:02:10,L232,82.62,4,"L232_3,L232_2,L232_1,L232_0",0.0,2,10.5275,5.1975,2,0,NaN
07:02:12,L232,82.62,4,"L232_3,L232_2,L232_1,L232_0",0.0,1,10.190000000000001,6.0600000000000005,1,0,NaN
07:02:14,L232,82.62,4,"L232_3,L232_2,L232_1,L232_0",0.0,1,12.759999999999998,5.8875,1,0,NaN
07:02:16,L232,82.62,4,"L232_3,L232_2,L232_1,L232_0",0.0,2,16.895,5.0874999999999995,2,0,NaN
07:02:18,L232,82.62,4,"L232_3,L232_2,L232_1,L232_0",0.0,1,14.8525,4.7075000000000005,1,0,NaN
07:02:20,L232,82.62,4,"L232_3,L232_2,L232_1,L232_0",0.0,1,12.7225,5.279999999999999,1,0,NaN
07:02:22,L232,82.62,4,"L232_3,L232_2,L232_1,L232_0",0.0,2,14.33,5.2250000000000005,2,0,NaN
07:02:24,L232,82.62,4,"L232_3,L232_2,L232_1,L232_0",0.0,2,14.945,6.637500000000001,2,0,NaN
07:02:26,L232,82.62,4,"L232_3,L232_2,L232_1,L232_0",0.0,2,15.56,7.659999999999999,2,0,NaN
07:02:28,L232,82.62,4,"L232_3,L232_2,L232_1,L232_0",0.0,2,15.77,8.0225,2,0,NaN
07:02:30,L232,82.62,4,"L232_3,L232_2,L232_1,L232_0",0.0,2,18.900000000000002,7.0575,2,0,NaN
07:02:32,L232,82.62,4,"L232_3,L232_2,L232_1,L232_0",0.0,2,19.525000000000002,5.255,2,0,NaN
07:02:34,L232,82.62,4,"L232_3,L232_2,L232_1,L232_0",0.0,2,14.71,6.015000000000001,2,0,NaN
07:02:36,L232,82.62,4,"L232_3,L232_2,L232_1,L232_0",0.0,2,16.11,7.175000000000001,2,0,NaN
07:02:38,L232,82.62,4,"L232_3,L232_2,L232_1,L232_0",0.0,2,22.1825,8.51,2,0,NaN
07:02:40,L232,82.62,4,"L232_3,L232_2,L232_1,L232_0",0.0,2,15.5275,8.08,2,0,NaN
07:02:42,L232,82.62,4,"L232_3,L232_2,L232_1,L232_0",0.0,2,17.68,7.0975,2,0,NaN
07:02:44,L232,82.62,4,"L232_3,L232_2,L232_1,L232_0",0.0,2,16.375,5.5600000000000005,2,0,NaN
07:02:46,L232,82.62,4,"L232_3,L232_2,L232_1,L232_0",0.0,1,11.535,4.8425,1,0,NaN
07:02:48,L232,82.62,4,"L232_3,L232_2,L232_1,L232_0",0.0,1,8.975,5.71,1,0,NaN
07:02:50,L232,82.62,4,"L232_3,L232_2,L232_1,L232_0",0.0,2,11.615,5.93,2,0,NaN
07:02:52,L232,82.62,4,"L232_3,L232_2,L232_1,L232_0",0.0,1,9.8625,5.5925,1,0,NaN
07:02:54,L232,82.62,4,"L232_3,L232_2,L232_1,L232_0",0.0,2,10.4275,6.005,2,0,NaN
07:02:56,L232,82.62,4,"L232_3,L232_2,L232_1,L232_0",0.0,1,10.3275,5.7575,1,0,NaN
07:02:58,L232,82.62,4,"L232_3,L232_2,L232_1,L232_0",0.0,1,11.275,5.1,1,0,NaN
07:03:00,L232,82.62,4,"L232_3,L232_2,L232_1,L232_0",0.0,2,11.5925,6.735,2,0,NaN
07:03:02,L232,82.62,4,"L232_3,L232_2,L232_1,L232_0",0.0,2,15.9375,6.0525,2,0,NaN
07:03:04,L232,82.62,4,"L232_3,L232_2,L232_1,L232_0",0.0,2,13.855,7.6875,2,0,NaN
07:03:06,L232,82.62,4,"L232_3,L232_2,L232_1,L232_0",0.0,2,15.43,5.6425,2,0,NaN
07:03:08,L232,82.62,4,"L232_3,L232_2,L232_1,L232_0",0.0,1,11.5625,5.5925,1,0,NaN
07:03:10,L232,82.62,4,"L232_3,L232_2,L232_1,L232_0",0.0,2,11.6175,5.25,2,0,NaN
07:03:12,L232,82.62,4,"L232_3,L232_2,L232_1,L232_0",0.0,2,13.5425,4.1025,2,0,NaN
07:03:14,L232,82.62,4,"L232_3,L232_2,L232_1,L232_0",0.0,1,6.0975,4.1775,1,0,NaN
07:03:16,L232,82.62,4,"L232_3,L232_2,L232_1,L232_0",0.0,1,8.73,4.295,1,0,NaN
07:03:18,L232,82.62,4,"L232_3,L232_2,L232_1,L232_0",0.0,2,10.845,4.8225,2,0,NaN
07:03:20,L232,82.62,4,"L232_3,L232_2,L232_1,L232_0",0.0,1,8.64,4.195,1,0,NaN
07:03:22,L232,82.62,4,"L232_3,L232_2,L232_1,L232_0",0.0,1,11.487499999999999,4.4,1,0,NaN
07:03:24,L232,82.62,4,"L232_3,L232_2,L232_1,L232_0",0.0,2,12.78,5.1825,2,0,NaN
07:03:26,L232,82.62,4,"L232_3,L232_2,L232_1,L232_0",0.0,2,15.105,4.385,2,0,NaN
07:03:28,L232,82.62,4,"L232_3,L232_2,L232_1,L232_0",0.0,1,13.0375,5.005,1,0,NaN
07:03:30,L232,82.62,4,"L232_3,L232_2,L232_1,L232_0",0.0,1,9.72,4.8925,1,0,NaN
07:03:32,L232,82.62,4,"L232_3,L232_2,L232_1,L232_0",0.0,2,10.8375,5.532500000000001,2,0,NaN
07:03:34,L232,82.62,4,"L232_3,L232_2,L232_1,L232_0",0.0,1,11.205,5.1375,1,0,NaN
07:03:36,L232,82.62,4,"L232_3,L232_2,L232_1,L232_0",0.0,1,11.055,5.5925,1,0,NaN
07:03:38,L232,82.62,4,"L232_3,L232_2,L232_1,L232_0",0.0,2,16.564999999999998,6.7325,2,0,NaN
07:03:40,L232,82.62,4,"L232_3,L232_2,L232_1,L232_0",0.0,2,15.0,6.63,2,0,NaN
07:03:42,L232,82.62,4,"L232_3,L232_2,L232_1,L232_0",0.0,2,15.2425,6.5525,2,0,NaN
07:03:44,L232,82.62,4,"L232_3,L232_2,L232_1,L232_0",0.0,2,13.254999999999999,7.5725,2,0,NaN
07:03:46,L232,82.62,4,"L232_3,L232_2,L232_1,L232_0",0.0,2,15.0925,6.8325,2,0,NaN
07:03:48,L232,82.62,4,"L232_3,L232_2,L232_1,L232_0",0.0,2,12.3525,6.427499999999999,2,0,NaN
07:03:50,L232,82.62,4,"L232_3,L232_2,L232_1,L232_0",0.0,2,13.6725,5.9325,2,0,NaN
07:03:52,L232,82.62,4,"L232_3,L232_2,L232_1,L232_0",0.0,1,11.215,5.465,1,0,NaN
07:03:54,L232,82.62,4,"L232_3,L232_2,L232_1,L232_0",0.0,2,12.27,5.345,2,0,NaN
07:03:56,L232,82.62,4,"L232_3,L232_2,L232_1,L232_0",0.0,1,10.549999999999999,5.155,1,0,NaN
07:03:58,L232,82.62,4,"L232_3,L232_2,L232_1,L232_0",0.0,2,13.755,5.0925,2,0,NaN
07:04:00,L232,82.62,4,"L232_3,L232_2,L232_1,L232_0",0.0,2,14.752500000000001,6.555,2,0,NaN
07:04:02,L232,82.62,4,"L232_3,L232_2,L232_1,L232_0",0.0,2,18.1975,7.39,2,0,NaN
07:04:04,L232,82.62,4,"L232_3,L232_2,L232_1,L232_0",0.0,2,20.6325,9.9225,2,0,NaN
07:04:06,L232,82.62,4,"L232_3,L232_2,L232_1,L232_0",0.0,2,24.375,10.745000000000001,2,0,NaN
07:04:08,L232,82.62,4,"L232_3,L232_2,L232_1,L232_0",0.0,2,21.9675,10.2025,2,0,NaN
07:04:10,L232,82.62,4,"L232_3,L232_2,L232_1,L232_0",0.0,3,24.2225,12.235000000000001,3,0,NaN
07:04:12,L232,82.62,4,"L232_3,L232_2,L232_1,L232_0",0.0,2,18.31,10.0025,2,0,NaN
07:04:14,L232,82.62,4,"L232_3,L232_2,L232_1,L232_0",0.0,2,19.749999999999996,10.2025,2,0,NaN
07:04:16,L232,82.62,4,"L232_3,L232_2,L232_1,L232_0",0.5775,2,12.485,9.517500000000002,2,0,NaN
07:04:18,L232,82.62,4,"L232_3,L232_2,L232_1,L232_0",0.4575,3,16.442500000000003,9.08,3,0,NaN
07:04:20,L232,82.62,4,"L232_3,L232_2,L232_1,L232_0",0.5775,2,16.41,9.785,2,0,NaN
07:04:22,L232,82.62,4,"L232_3,L232_2,L232_1,L232_0",0.0,2,19.567499999999995,8.215,2,0,NaN
07:04:24,L232,82.62,4,"L232_3,L232_2,L232_1,L232_0",0.0,2,16.39,9.635000000000002,2,0,NaN
07:04:26,L232,82.62,4,"L232_3,L232_2,L232_1,L232_0",0.0,2,19.1725,7.965,2,0,NaN
07:04:28,L232,82.62,4,"L232_3,L232_2,L232_1,L232_0",0.0,2,15.8475,10.3525,2,0,NaN
07:04:30,L232,82.62,4,"L232_3,L232_2,L232_1,L232_0",0.0,2,19.087500000000002,8.54,2,0,NaN
07:04:32,L232,82.62,4,"L232_3,L232_2,L232_1,L232_0",0.0,2,20.0175,9.465,2,0,NaN
07:04:34,L232,82.62,4,"L232_3,L232_2,L232_1,L232_0",0.0,2,21.557499999999997,8.215,2,0,NaN
07:04:36,L232,82.62,4,"L232_3,L232_2,L232_1,L232_0",0.0,2,21.1625,7.0875,2,0,NaN
07:04:38,L232,82.62,4,"L232_3,L232_2,L232_1,L232_0",0.0,2,15.8675,8.0275,2,0,NaN
07:04:40,L232,82.62,4,"L232_3,L232_2,L232_1,L232_0",0.0,2,17.265,7.9175,2,0,NaN
07:04:42,L232,82.62,4,"L232_3,L232_2,L232_1,L232_0",0.0,2,15.182500000000001,8.8825,2,0,NaN
07:04:44,L232,82.62,4,"L232_3,L232_2,L232_1,L232_0",0.0,2,22.4225,10.165,2,0,NaN
07:04:46,L232,82.62,4,"L232_3,L232_2,L232_1,L232_0",0.0,2,22.805,10.485,2,0,NaN
07:04:48,L232,82.62,4,"L232_3,L232_2,L232_1,L232_0",0.0,2,25.715,8.557500000000001,2,0,NaN
07:04:50,L232,82.62,4,"L232_3,L232_2,L232_1,L232_0",0.0,2,17.72,8.39,2,0,NaN
07:04:52,L232,82.62,4,"L232_3,L232_2,L232_1,L232_0",0.0,2,15.1875,8.0625,2,0,NaN
07:04:54,L232,82.62,4,"L232_3,L232_2,L232_1,L232_0",0.425,2,14.6375,7.095,2,0,NaN
07:04:56,L232,82.62,4,"L232_3,L232_2,L232_1,L232_0",0.0,2,15.345,6.99,2,0,NaN
07:04:58,L232,82.62,4,"L232_3,L232_2,L232_1,L232_0",0.0,2,18.695,6.5675,2,0,NaN
07:05:00,L232,82.62,4,"L232_3,L232_2,L232_1,L232_0",0.0,2,19.457500000000003,6.675,2,0,NaN
07:05:02,L232,82.62,4,"L232_3,L232_2,L232_1,L232_0",0.0,2,16.68,6.0275,2,0,NaN
07:05:04,L232,82.62,4,"L232_3,L232_2,L232_1,L232_0",0.0,2,20.174999999999997,6.2925,2,0,NaN
07:05:06,L232,82.62,4,"L232_3,L232_2,L232_1,L232_0",0.0,2,17.845,6.5975,2,0,NaN
07:05:08,L232,82.62,4,"L232_3,L232_2,L232_1,L232_0",0.0,2,20.099999999999998,5.5925,2,0,NaN
07:05:10,L232,82.62,4,"L232_3,L232_2,L232_1,L232_0",0.0,2,20.7625,5.0975,2,0,NaN
07:05:12,L232,82.62,4,"L232_3,L232_2,L232_1,L232_0",0.0,2,17.34,6.99,2,0,NaN
07:05:14,L232,82.62,4,"L232_3,L232_2,L232_1,L232_0",0.0,2,19.57,7.71,2,0,NaN
07:05:16,L232,82.62,4,"L232_3,L232_2,L232_1,L232_0",0.0,2,19.892500000000002,6.7525,2,0,NaN
07:05:18,L232,82.62,4,"L232_3,L232_2,L232_1,L232_0",0.0,2,18.549999999999997,6.99,2,0,NaN
07:05:20,L232,82.62,4,"L232_3,L232_2,L232_1,L232_0",0.0,2,15.9675,7.04,2,0,NaN
07:05:22,L232,82.62,4,"L232_3,L232_2,L232_1,L232_0",0.0,2,19.7875,8.3875,2,0,NaN
07:05:24,L232,82.62,4,"L232_3,L232_2,L232_1,L232_0",0.0,2,16.6425,8.3975,2,0,NaN
07:05:26,L232,82.62,4,"L232_3,L232_2,L232_1,L232_0",0.0,2,18.6675,8.655,2,0,NaN
07:05:28,L232,82.62,4,"L232_3,L232_2,L232_1,L232_0",0.0,2,16.135,5.5925,2,0,NaN
07:05:30,L232,82.62,4,"L232_3,L232_2,L232_1,L232_0",0.0,2,18.605,6.05,2,0,NaN
07:05:32,L232,82.62,4,"L232_3,L232_2,L232_1,L232_0",0.0,1,14.067499999999999,5.3100000000000005,1,0,NaN
07:05:34,L232,82.62,4,"L232_3,L232_2,L232_1,L232_0",0.0,2,17.3525,6.12,2,0,NaN
07:05:36,L232,82.62,4,"L232_3,L232_2,L232_1,L232_0",0.0,1,14.8425,5.5975,1,0,NaN
07:05:38,L232,82.62,4,"L232_3,L232_2,L232_1,L232_0",0.0,1,14.245000000000001,5.42,1,0,NaN
07:05:40,L232,82.62,4,"L232_3,L232_2,L232_1,L232_0",0.0,2,14.895,6.255,2,0,NaN
07:05:42,L232,82.62,4,"L232_3,L232_2,L232_1,L232_0",0.0,2,14.117500000000001,5.7749999999999995,2,0,NaN
07:05:44,L232,82.62,4,"L232_3,L232_2,L232_1,L232_0",0.0,2,14.947499999999998,5.98,2,0,NaN
07:05:46,L232,82.62,4,"L232_3,L232_2,L232_1,L232_0",0.0,1,11.32,6.29,1,0,NaN
07:05:48,L232,82.62,4,"L232_3,L232_2,L232_1,L232_0",0.0,2,15.0025,6.57,2,0,NaN
07:05:50,L232,82.62,4,"L232_3,L232_2,L232_1,L232_0",0.0,2,13.375,6.02,2,0,NaN
07:05:52,L232,82.62,4,"L232_3,L232_2,L232_1,L232_0",0.0,1,11.094999999999999,4.8425,1,0,NaN
07:05:54,L232,82.62,4,"L232_3,L232_2,L232_1,L232_0",0.0,1,7.637500000000001,4.37,1,0,NaN
07:05:56,L232,82.62,4,"L232_3,L232_2,L232_1,L232_0",0.0,2,7.125,4.4325,2,0,NaN
07:05:58,L232,82.62,4,"L232_3,L232_2,L232_1,L232_0",0.0,1,6.8175,4.255,1,0,NaN
07:06:00,L232,82.62,4,"L232_3,L232_2,L232_1,L232_0",0.0,1,9.1125,4.5825,1,0,NaN
07:06:02,L232,82.62,4,"L232_3,L232_2,L232_1,L232_0",0.0,1,7.5,4.255,1,0,NaN
07:06:04,L232,82.62,4,"L232_3,L232_2,L232_1,L232_0",0.0,1,8.682500000000001,5.282500000000001,1,0,NaN
07:06:06,L232,82.62,4,"L232_3,L232_2,L232_1,L232_0",0.0,2,13.855,5.9925,2,0,NaN
07:06:08,L232,82.62,4,"L232_3,L232_2,L232_1,L232_0",0.0,2,10.985,7.8549999999999995,2,0,NaN
07:06:10,L232,82.62,4,"L232_3,L232_2,L232_1,L232_0",0.0,2,16.8475,8.775,2,0,NaN
07:06:12,L232,82.62,4,"L232_3,L232_2,L232_1,L232_0",0.0,2,16.85,7.89,2,0,NaN
07:06:14,L232,82.62,4,"L232_3,L232_2,L232_1,L232_0",0.0,2,19.03,7.4075,2,0,NaN
07:06:16,L232,82.62,4,"L232_3,L232_2,L232_1,L232_0",0.0,2,14.7525,7.0275,2,0,NaN
07:06:18,L232,82.62,4,"L232_3,L232_2,L232_1,L232_0",0.5725,2,11.0275,9.0925,2,0,NaN
07:06:20,L232,82.62,4,"L232_3,L232_2,L232_1,L232_0",1.7075,2,9.51,9.875,2,0,NaN
07:06:22,L232,82.62,4,"L232_3,L232_2,L232_1,L232_0",4.04,2,7.76,10.825,2,0,NaN
07:06:24,L232,82.62,4,"L232_3,L232_2,L232_1,L232_0",5.1825,3,9.972499999999998,11.045000000000002,3,0,NaN
07:06:26,L232,82.62,4,"L232_3,L232_2,L232_1,L232_0",5.1825,2,5.635,11.1475,2,0,NaN
07:06:28,L232,82.62,4,"L232_3,L232_2,L232_1,L232_0",6.9675,3,9.379999999999999,13.2225,3,0,NaN
07:06:30,L232,82.62,4,"L232_3,L232_2,L232_1,L232_0",7.8374999999999995,3,10.172500000000001,13.395,3,0,NaN
07:06:32,L232,82.62,4,"L232_3,L232_2,L232_1,L232_0",8.7125,3,9.280000000000001,15.2725,3,0,NaN
07:06:34,L232,82.62,4,"L232_3,L232_2,L232_1,L232_0",9.6,3,9.832499999999998,15.07,3,0,NaN
07:06:36,L232,82.62,4,"L232_3,L232_2,L232_1,L232_0",12.372499999999999,4,9.485,16.7525,4,0,NaN
07:06:38,L232,82.62,4,"L232_3,L232_2,L232_1,L232_0",9.655,4,12.374999999999998,17.695,4,0,NaN
07:06:40,L232,82.62,4,"L232_3,L232_2,L232_1,L232_0",7.64,4,13.685,19.012500000000003,4,0,NaN
07:06:42,L232,82.62,4,"L232_3,L232_2,L232_1,L232_0",4.63,4,15.02,14.8275,4,0,NaN
07:06:44,L232,82.62,4,"L232_3,L232_2,L232_1,L232_0",1.155,3,13.9825,15.0475,3,0,NaN
07:06:46,L232,82.62,4,"L232_3,L232_2,L232_1,L232_0",2.23,3,14.6025,14.0075,3,0,NaN
07:06:48,L232,82.62,4,"L232_3,L232_2,L232_1,L232_0",2.7550000000000003,2,9.43,12.58,2,0,NaN
07:06:50,L232,82.62,4,"L232_3,L232_2,L232_1,L232_0",1.08,3,13.3325,10.790000000000001,3,0,NaN
07:06:52,L232,82.62,4,"L232_3,L232_2,L232_1,L232_0",0.0,2,12.774999999999999,10.2925,2,0,NaN
07:06:54,L232,82.62,4,"L232_3,L232_2,L232_1,L232_0",0.5775,2,11.1475,9.315,2,0,NaN
07:06:56,L232,82.62,4,"L232_3,L232_2,L232_1,L232_0",0.0,2,15.282499999999999,9.165000000000001,2,0,NaN
07:06:58,L232,82.62,4,"L232_3,L232_2,L232_1,L232_0",0.0,2,12.037500000000001,8.1325,2,0,NaN
07:07:00,L232,82.62,4,"L232_3,L232_2,L232_1,L232_0",0.0,2,18.2,9.135,2,0,NaN
07:07:02,L232,82.62,4,"L232_3,L232_2,L232_1,L232_0",0.0,3,21.479999999999997,11.057500000000001,3,0,NaN
07:07:04,L232,82.62,4,"L232_3,L232_2,L232_1,L232_0",0.0,3,24.502499999999998,11.45,3,0,NaN
07:07:06,L232,82.62,4,"L232_3,L232_2,L232_1,L232_0",0.0,3,25.005,11.712500000000002,3,0,NaN
07:07:08,L232,82.62,4,"L232_3,L232_2,L232_1,L232_0",0.0,2,23.110000000000003,10.785,2,0,NaN
07:07:10,L232,82.62,4,"L232_3,L232_2,L232_1,L232_0",0.0,2,18.84,7.82,2,0,NaN
07:07:12,L232,82.62,4,"L232_3,L232_2,L232_1,L232_0",0.0,2,16.88,7.69,2,0,NaN
07:07:14,L232,82.62,4,"L232_3,L232_2,L232_1,L232_0",0.0,2,15.115,7.01,2,0,NaN
07:07:16,L232,82.62,4,"L232_3,L232_2,L232_1,L232_0",0.0,2,13.825000000000001,7.0600000000000005,2,0,NaN
07:07:18,L232,82.62,4,"L232_3,L232_2,L232_1,L232_0",0.0,2,13.35,7.4125,2,0,NaN
07:07:20,L232,82.62,4,"L232_3,L232_2,L232_1,L232_0",0.0,2,15.265000000000002,6.035,2,0,NaN
07:07:22,L232,82.62,4,"L232_3,L232_2,L232_1,L232_0",0.0,1,7.655,5.5200000000000005,1,0,NaN
07:07:24,L232,82.62,4,"L232_3,L232_2,L232_1,L232_0",0.0,2,9.75,5.82,2,0,NaN
07:07:26,L232,82.62,4,"L232_3,L232_2,L232_1,L232_0",0.0,1,7.2425,5.5925,1,0,NaN
07:07:28,L232,82.62,4,"L232_3,L232_2,L232_1,L232_0",0.0,2,11.807500000000001,6.8025,2,0,NaN
07:07:30,L232,82.62,4,"L232_3,L232_2,L232_1,L232_0",0.0,1,10.790000000000001,6.567500000000001,1,0,NaN
07:07:32,L232,82.62,4,"L232_3,L232_2,L232_1,L232_0",0.0,2,17.05,8.4625,2,0,NaN
07:07:34,L232,82.62,4,"L232_3,L232_2,L232_1,L232_0",0.0,2,19.8675,8.52,2,0,NaN
07:07:36,L232,82.62,4,"L232_3,L232_2,L232_1,L232_0",0.0,2,17.4775,8.307500000000001,2,0,NaN
07:07:38,L232,82.62,4,"L232_3,L232_2,L232_1,L232_0",0.0,2,16.435000000000002,7.355,2,0,NaN
07:07:40,L232,82.62,4,"L232_3,L232_2,L232_1,L232_0",0.0,2,13.8225,5.9475,2,0,NaN
07:07:42,L232,82.62,4,"L232_3,L232_2,L232_1,L232_0",0.0,2,13.594999999999999,4.2875000000000005,2,0,NaN
07:07:44,L232,82.62,4,"L232_3,L232_2,L232_1,L232_0",0.0,1,7.81,4.6025,1,0,NaN
07:07:46,L232,82.62,4,"L232_3,L232_2,L232_1,L232_0",0.0,2,13.52,6.757499999999999,2,0,NaN
07:07:48,L232,82.62,4,"L232_3,L232_2,L232_1,L232_0",0.0,2,15.997499999999999,7.69,2,0,NaN
07:07:50,L232,82.62,4,"L232_3,L232_2,L232_1,L232_0",0.0,2,20.115000000000002,9.4225,2,0,NaN
07:07:52,L232,82.62,4,"L232_3,L232_2,L232_1,L232_0",0.0,2,24.237499999999997,9.1075,2,0,NaN
07:07:54,L232,82.62,4,"L232_3,L232_2,L232_1,L232_0",0.0,2,23.535,6.9624999999999995,2,0,NaN
07:07:56,L232,82.62,4,"L232_3,L232_2,L232_1,L232_0",0.0,2,18.240000000000002,7.7924999999999995,2,0,NaN
07:07:58,L232,82.62,4,"L232_3,L232_2,L232_1,L232_0",0.0,2,25.575,7.785,2,0,NaN
07:08:00,L232,82.62,4,"L232_3,L232_2,L232_1,L232_0",0.0,2,22.442500000000003,8.5875,2,0,NaN
07:08:02,L232,82.62,4,"L232_3,L232_2,L232_1,L232_0",0.0,2,17.0025,8.86,2,0,NaN
07:08:04,L232,82.62,4,"L232_3,L232_2,L232_1,L232_0",0.0,2,15.4175,6.970000000000001,2,0,NaN
07:08:06,L232,82.62,4,"L232_3,L232_2,L232_1,L232_0",0.0,2,14.15,5.175,2,0,NaN
07:08:08,L232,82.62,4,"L232_3,L232_2,L232_1,L232_0",0.0,1,10.114999999999998,6.8125,1,0,NaN
07:08:10,L232,82.62,4,"L232_3,L232_2,L232_1,L232_0",0.0,2,15.7575,6.8325000000000005,2,0,NaN
07:08:12,L232,82.62,4,"L232_3,L232_2,L232_1,L232_0",0.0,2,12.184999999999999,6.3525,2,0,NaN
07:08:14,L232,82.62,4,"L232_3,L232_2,L232_1,L232_0",0.0,2,14.5875,6.7124999999999995,2,0,NaN
07:08:16,L232,82.62,4,"L232_3,L232_2,L232_1,L232_0",0.0,1,11.9875,5.6274999999999995,1,0,NaN
07:08:18,L232,82.62,4,"L232_3,L232_2,L232_1,L232_0",0.0,2,12.7925,4.46,2,0,NaN
07:08:20,L232,82.62,4,"L232_3,L232_2,L232_1,L232_0",0.0,1,8.1425,4.8950000000000005,1,0,NaN
07:08:22,L232,82.62,4,"L232_3,L232_2,L232_1,L232_0",0.0,2,12.795000000000002,5.985,2,0,NaN
07:08:24,L232,82.62,4,"L232_3,L232_2,L232_1,L232_0",0.0,1,12.2925,5.5925,1,0,NaN
07:08:26,L232,82.62,4,"L232_3,L232_2,L232_1,L232_0",0.0,2,14.98,6.7225,2,0,NaN
07:08:28,L232,82.62,4,"L232_3,L232_2,L232_1,L232_0",0.0,2,20.975,7.03,2,0,NaN
07:08:30,L232,82.62,4,"L232_3,L232_2,L232_1,L232_0",0.0,2,16.8125,5.425,2,0,NaN
07:08:32,L232,82.62,4,"L232_3,L232_2,L232_1,L232_0",0.0,1,13.6175,5.8475,1,0,NaN
07:08:34,L232,82.62,4,"L232_3,L232_2,L232_1,L232_0",0.0,2,16.0475,5.765,2,0,NaN
07:08:36,L232,82.62,4,"L232_3,L232_2,L232_1,L232_0",0.0,2,15.0425,6.3725,2,0,NaN
07:08:38,L232,82.62,4,"L232_3,L232_2,L232_1,L232_0",0.0,2,15.837500000000002,6.36,2,0,NaN
07:08:40,L232,82.62,4,"L232_3,L232_2,L232_1,L232_0",0.0,2,13.260000000000002,6.9525,2,0,NaN
07:08:42,L232,82.62,4,"L232_3,L232_2,L232_1,L232_0",0.0,2,17.225,6.2299999999999995,2,0,NaN
07:08:44,L232,82.62,4,"L232_3,L232_2,L232_1,L232_0",0.0,2,18.375,6.7700000000000005,2,0,NaN
07:08:46,L232,82.62,4,"L232_3,L232_2,L232_1,L232_0",0.0,2,16.67,5.7725,2,0,NaN
07:08:48,L232,82.62,4,"L232_3,L232_2,L232_1,L232_0",0.0,2,17.515,7.69,2,0,NaN
07:08:50,L232,82.62,4,"L232_3,L232_2,L232_1,L232_0",0.0,2,23.025,8.4025,2,0,NaN
07:08:52,L232,82.62,4,"L232_3,L232_2,L232_1,L232_0",0.0,2,25.419999999999998,9.085,2,0,NaN
07:08:54,L232,82.62,4,"L232_3,L232_2,L232_1,L232_0",0.0,2,19.380000000000003,8.4725,2,0,NaN
07:08:56,L232,82.62,4,"L232_3,L232_2,L232_1,L232_0",0.0,2,15.965,8.195,2,0,NaN
07:08:58,L232,82.62,4,"L232_3,L232_2,L232_1,L232_0",0.0,2,11.92,5.702500000000001,2,0,NaN
07:09:00,L232,82.62,4,"L232_3,L232_2,L232_1,L232_0",0.44,1,8.522499999999999,6.365,1,0,NaN
07:09:02,L232,82.62,4,"L232_3,L232_2,L232_1,L232_0",0.5775,2,9.35,6.5175,2,0,NaN
07:09:04,L232,82.62,4,"L232_3,L232_2,L232_1,L232_0",0.0,2,13.462499999999999,6.3525,2,0,NaN
07:09:06,L232,82.62,4,"L232_3,L232_2,L232_1,L232_0",0.0,1,12.49,5.99,1,0,NaN
07:09:08,L232,82.62,4,"L232_3,L232_2,L232_1,L232_0",0.0,1,14.075,5.5925,1,0,NaN
07:09:10,L232,82.62,4,"L232_3,L232_2,L232_1,L232_0",0.0,1,13.4775,5.59,1,0,NaN
07:09:12,L232,82.62,4,"L232_3,L232_2,L232_1,L232_0",0.0,1,10.6975,6.2925,1,0,NaN
07:09:14,L232,82.62,4,"L232_3,L232_2,L232_1,L232_0",0.0,2,9.6925,6.29,2,0,NaN
07:09:16,L232,82.62,4,"L232_3,L232_2,L232_1,L232_0",0.0,2,11.977500000000001,7.2425,2,0,NaN
07:09:18,L232,82.62,4,"L232_3,L232_2,L232_1,L232_0",0.0,2,11.8925,7.9475,2,0,NaN
07:09:20,L232,82.62,4,"L232_3,L232_2,L232_1,L232_0",0.0,2,16.8925,8.0275,2,0,NaN
07:09:22,L232,82.62,4,"L232_3,L232_2,L232_1,L232_0",0.5775,2,16.014999999999997,8.342500000000001,2,0,NaN
07:09:24,L232,82.62,4,"L232_3,L232_2,L232_1,L232_0",0.0,2,18.3875,8.765,2,0,NaN
07:09:26,L232,82.62,4,"L232_3,L232_2,L232_1,L232_0",0.0,3,17.5225,9.585,3,0,NaN
07:09:28,L232,82.62,4,"L232_3,L232_2,L232_1,L232_0",0.0,2,14.5475,9.684999999999999,2,0,NaN
07:09:30,L232,82.62,4,"L232_3,L232_2,L232_1,L232_0",0.0,2,13.979999999999999,8.485,2,0,NaN
07:09:32,L232,82.62,4,"L232_3,L232_2,L232_1,L232_0",0.0,2,11.2025,8.057500000000001,2,0,NaN
07:09:34,L232,82.62,4,"L232_3,L232_2,L232_1,L232_0",1.155,2,9.6075,8.795,2,0,NaN
07:09:36,L232,82.62,4,"L232_3,L232_2,L232_1,L232_0",2.31,2,8.955000000000002,10.485,2,0,NaN
07:09:38,L232,82.62,4,"L232_3,L232_2,L232_1,L232_0",3.465,2,10.03,11.879999999999999,2,0,NaN
07:09:40,L232,82.62,4,"L232_3,L232_2,L232_1,L232_0",5.2175,3,14.14,14.265,3,0,NaN
07:09:42,L232,82.62,4,"L232_3,L232_2,L232_1,L232_0",7.1450000000000005,3,14.14,15.1525,3,0,NaN
07:09:44,L232,82.62,4,"L232_3,L232_2,L232_1,L232_0",3.2575000000000003,3,18.86,12.780000000000001,3,0,NaN
07:09:46,L232,82.62,4,"L232_3,L232_2,L232_1,L232_0",0.0,3,20.0,12.907499999999999,3,0,NaN
07:09:48,L232,82.62,4,"L232_3,L232_2,L232_1,L232_0",0.0,2,17.6275,9.7875,2,0,NaN
07:09:50,L232,82.62,4,"L232_3,L232_2,L232_1,L232_0",0.0,2,20.2525,8.5275,2,0,NaN
07:09:52,L232,82.62,4,"L232_3,L232_2,L232_1,L232_0",0.0,2,17.16,7.8525,2,0,NaN
07:09:54,L232,82.62,4,"L232_3,L232_2,L232_1,L232_0",0.0,2,15.0975,4.735,2,0,NaN
07:09:56,L232,82.62,4,"L232_3,L232_2,L232_1,L232_0",0.0,1,12.775,5.2825,1,0,NaN
07:09:58,L232,82.62,4,"L232_3,L232_2,L232_1,L232_0",0.0,2,14.66,5.5925,2,0,NaN
07:10:00,L232,82.62,4,"L232_3,L232_2,L232_1,L232_0",0.0,1,11.2025,5.3774999999999995,1,0,NaN
07:10:02,L232,82.62,4,"L232_3,L232_2,L232_1,L232_0",0.0,2,11.61,4.545,2,0,NaN
07:10:04,L232,82.62,4,"L232_3,L232_2,L232_1,L232_0",0.0,2,13.055,5.362500000000001,2,0,NaN
07:10:06,L232,82.62,4,"L232_3,L232_2,L232_1,L232_0",0.0,2,13.565000000000001,7.545,2,0,NaN
07:10:08,L232,82.62,4,"L232_3,L232_2,L232_1,L232_0",0.0,2,13.505,7.2299999999999995,2,0,NaN
07:10:10,L232,82.62,4,"L232_3,L232_2,L232_1,L232_0",0.0,2,19.11,8.285,2,0,NaN
07:10:12,L232,82.62,4,"L232_3,L232_2,L232_1,L232_0",0.0,2,12.35,6.7775,2,0,NaN
07:10:14,L232,82.62,4,"L232_3,L232_2,L232_1,L232_0",0.0,2,20.802500000000002,9.195,2,0,NaN
07:10:16,L232,82.62,4,"L232_3,L232_2,L232_1,L232_0",0.0,2,17.2075,9.482500000000002,2,0,NaN
07:10:18,L232,82.62,4,"L232_3,L232_2,L232_1,L232_0",0.0,2,11.2575,8.51,2,0,NaN
07:10:20,L232,82.62,4,"L232_3,L232_2,L232_1,L232_0",0.0,3,23.2575,10.895000000000001,3,0,NaN
07:10:22,L232,82.62,4,"L232_3,L232_2,L232_1,L232_0",0.0,3,20.447499999999998,10.690000000000001,3,0,NaN
07:10:24,L232,82.62,4,"L232_3,L232_2,L232_1,L232_0",0.0,3,26.237500000000004,10.22,3,0,NaN
07:10:26,L232,82.62,4,"L232_3,L232_2,L232_1,L232_0",0.0,2,26.32,10.0825,2,0,NaN
07:10:28,L232,82.62,4,"L232_3,L232_2,L232_1,L232_0",0.0,2,28.237499999999997,7.645,2,0,NaN
07:10:30,L232,82.62,4,"L232_3,L232_2,L232_1,L232_0",0.0,2,28.525,10.4825,2,0,NaN
07:10:32,L232,82.62,4,"L232_3,L232_2,L232_1,L232_0",0.0,2,26.825000000000003,11.247499999999999,2,0,NaN
07:10:34,L232,82.62,4,"L232_3,L232_2,L232_1,L232_0",0.0,2,22.2725,10.7375,2,0,NaN
07:10:36,L232,82.62,4,"L232_3,L232_2,L232_1,L232_0",0.0,3,25.88,10.015,3,0,NaN
07:10:38,L232,82.62,4,"L232_3,L232_2,L232_1,L232_0",0.0,2,19.395,7.775,2,0,NaN
07:10:40,L232,82.62,4,"L232_3,L232_2,L232_1,L232_0",0.0,2,15.6625,6.715,2,0,NaN
07:10:42,L232,82.62,4,"L232_3,L232_2,L232_1,L232_0",0.0,2,19.5625,4.82,2,0,NaN
07:10:44,L232,82.62,4,"L232_3,L232_2,L232_1,L232_0",0.0,1,11.5275,4.02,1,0,NaN
07:10:46,L232,82.62,4,"L232_3,L232_2,L232_1,L232_0",0.0,1,14.8675,4.35,1,0,NaN
07:10:48,L232,82.62,4,"L232_3,L232_2,L232_1,L232_0",0.0,1,11.9,2.8625,1,0,NaN
07:10:50,L232,82.62,4,"L232_3,L232_2,L232_1,L232_0",0.0,1,11.695,4.2275,1,0,NaN
07:10:52,L232,82.62,4,"L232_3,L232_2,L232_1,L232_0",0.0,2,17.47,5.785,2,0,NaN
07:10:54,L232,82.62,4,"L232_3,L232_2,L232_1,L232_0",0.0,2,19.655,7.6674999999999995,2,0,NaN
07:10:56,L232,82.62,4,"L232_3,L232_2,L232_1,L232_0",0.0,2,23.535,8.265,2,0,NaN
07:10:58,L232,82.62,4,"L232_3,L232_2,L232_1,L232_0",0.0,2,18.8425,6.2250000000000005,2,0,NaN
07:11:00,L232,82.62,4,"L232_3,L232_2,L232_1,L232_0",0.0,2,18.8825,7.675,2,0,NaN
07:11:02,L232,82.62,4,"L232_3,L232_2,L232_1,L232_0",0.0,2,18.705,9.1075,2,0,NaN
07:11:04,L232,82.62,4,"L232_3,L232_2,L232_1,L232_0",0.0,2,19.8275,10.1125,2,0,NaN
07:11:06,L232,82.62,4,"L232_3,L232_2,L232_1,L232_0",0.0,2,22.435,9.612499999999999,2,0,NaN
07:11:08,L232,82.62,4,"L232_3,L232_2,L232_1,L232_0",0.0,2,15.695,7.652500000000001,2,0,NaN
07:11:10,L232,82.62,4,"L232_3,L232_2,L232_1,L232_0",0.0,2,10.862499999999999,6.9025,2,0,NaN
07:11:12,L232,82.62,4,"L232_3,L232_2,L232_1,L232_0",0.0,2,12.0275,6.29,2,0,NaN
07:11:14,L232,82.62,4,"L232_3,L232_2,L232_1,L232_0",0.0,2,13.4025,5.575,2,0,NaN
07:11:16,L232,82.62,4,"L232_3,L232_2,L232_1,L232_0",0.0,1,9.7375,5.2675,1,0,NaN
07:11:18,L232,82.62,4,"L232_3,L232_2,L232_1,L232_0",0.0,2,10.16,4.8925,2,0,NaN
07:11:20,L232,82.62,4,"L232_3,L232_2,L232_1,L232_0",0.0,1,10.32,5.7675,1,0,NaN
07:11:22,L232,82.62,4,"L232_3,L232_2,L232_1,L232_0",0.0,2,14.690000000000001,4.932499999999999,2,0,NaN
07:11:24,L232,82.62,4,"L232_3,L232_2,L232_1,L232_0",0.0,2,12.7175,5.5925,2,0,NaN
07:11:26,L232,82.62,4,"L232_3,L232_2,L232_1,L232_0",0.0,2,17.157500000000002,7.8075,2,0,NaN
07:11:28,L232,82.62,4,"L232_3,L232_2,L232_1,L232_0",0.0,2,21.805,6.4875,2,0,NaN
07:11:30,L232,82.62,4,"L232_3,L232_2,L232_1,L232_0",0.0,2,17.605,6.385000000000001,2,0,NaN
07:11:32,L232,82.62,4,"L232_3,L232_2,L232_1,L232_0",0.0,2,23.0975,7.7725,2,0,NaN
07:11:34,L232,82.62,4,"L232_3,L232_2,L232_1,L232_0",0.0,2,22.9575,9.035,2,0,NaN
07:11:36,L232,82.62,4,"L232_3,L232_2,L232_1,L232_0",0.0,2,26.347500000000004,9.21,2,0,NaN
07:11:38,L232,82.62,4,"L232_3,L232_2,L232_1,L232_0",0.0,2,26.380000000000003,7.39,2,0,NaN
07:11:40,L232,82.62,4,"L232_3,L232_2,L232_1,L232_0",0.0,2,21.2225,8.3025,2,0,NaN
07:11:42,L232,82.62,4,"L232_3,L232_2,L232_1,L232_0",0.0,2,17.32,7.640000000000001,2,0,NaN
07:11:44,L232,82.62,4,"L232_3,L232_2,L232_1,L232_0",0.0,2,17.747500000000002,6.99,2,0,NaN
07:11:46,L232,82.62,4,"L232_3,L232_2,L232_1,L232_0",0.0,2,17.8575,7.0975,2,0,NaN
07:11:48,L232,82.62,4,"L232_3,L232_2,L232_1,L232_0",0.42,2,15.745000000000001,6.5825,2,0,NaN
07:11:50,L232,82.62,4,"L232_3,L232_2,L232_1,L232_0",0.0,1,14.662500000000001,5.5925,1,0,NaN
07:11:52,L232,82.62,4,"L232_3,L232_2,L232_1,L232_0",0.0,1,14.7675,5.015000000000001,1,0,NaN
07:11:54,L232,82.62,4,"L232_3,L232_2,L232_1,L232_0",0.0,1,9.97,4.8175,1,0,NaN
07:11:56,L232,82.62,4,"L232_3,L232_2,L232_1,L232_0",0.0,1,10.37,4.195,1,0,NaN
07:11:58,L232,82.62,4,"L232_3,L232_2,L232_1,L232_0",0.0,2,15.72,5.6925,2,0,NaN
07:12:00,L232,82.62,4,"L232_3,L232_2,L232_1,L232_0",0.0,1,10.99,4.195,1,0,NaN
07:12:02,L232,82.62,4,"L232_3,L232_2,L232_1,L232_0",0.0,2,16.93,6.205,2,0,NaN
07:12:04,L232,82.62,4,"L232_3,L232_2,L232_1,L232_0",0.0,2,23.59,7.735,2,0,NaN
07:12:06,L232,82.62,4,"L232_3,L232_2,L232_1,L232_0",0.0,2,20.4275,7.9675,2,0,NaN
07:12:08,L232,82.62,4,"L232_3,L232_2,L232_1,L232_0",0.0,2,26.53,9.787500000000001,2,0,NaN
07:12:10,L232,82.62,4,"L232_3,L232_2,L232_1,L232_0",0.0,2,25.865,10.087500000000002,2,0,NaN
07:12:12,L232,82.62,4,"L232_3,L232_2,L232_1,L232_0",0.0,2,28.012499999999996,10.905,2,0,NaN
07:12:14,L232,82.62,4,"L232_3,L232_2,L232_1,L232_0",0.0,3,25.7825,12.170000000000002,3,0,NaN
07:12:16,L232,82.62,4,"L232_3,L232_2,L232_1,L232_0",0.0,3,23.394999999999996,12.34,3,0,NaN
07:12:18,L232,82.62,4,"L232_3,L232_2,L232_1,L232_0",0.0,3,19.675,11.879999999999999,3,0,NaN
07:12:20,L232,82.62,4,"L232_3,L232_2,L232_1,L232_0",0.5775,2,13.849999999999998,11.6475,2,0,NaN
07:12:22,L232,82.62,4,"L232_3,L232_2,L232_1,L232_0",0.0,3,15.132500000000002,11.86,3,0,NaN
07:12:24,L232,82.62,4,"L232_3,L232_2,L232_1,L232_0",0.0,2,16.34,10.6675,2,0,NaN
07:12:26,L232,82.62,4,"L232_3,L232_2,L232_1,L232_0",0.0,2,19.425,9.32,2,0,NaN
07:12:28,L232,82.62,4,"L232_3,L232_2,L232_1,L232_0",0.0,2,20.865,10.0925,2,0,NaN
07:12:30,L232,82.62,4,"L232_3,L232_2,L232_1,L232_0",0.0,2,18.365000000000002,10.125,2,0,NaN
07:12:32,L232,82.62,4,"L232_3,L232_2,L232_1,L232_0",0.4475,2,11.5725,8.23,2,0,NaN
07:12:34,L232,82.62,4,"L232_3,L232_2,L232_1,L232_0",0.5775,2,14.86,10.615,2,0,NaN
07:12:36,L232,82.62,4,"L232_3,L232_2,L232_1,L232_0",0.0,2,16.1675,11.867500000000001,2,0,NaN
07:12:38,L232,82.62,4,"L232_3,L232_2,L232_1,L232_0",0.5775,2,17.2125,11.585,2,0,NaN
07:12:40,L232,82.62,4,"L232_3,L232_2,L232_1,L232_0",0.0,3,19.065000000000005,9.272499999999999,3,0,NaN
07:12:42,L232,82.62,4,"L232_3,L232_2,L232_1,L232_0",0.0,2,13.969999999999999,8.912500000000001,2,0,NaN
07:12:44,L232,82.62,4,"L232_3,L232_2,L232_1,L232_0",0.0,2,12.662500000000001,8.995000000000001,2,0,NaN
07:12:46,L232,82.62,4,"L232_3,L232_2,L232_1,L232_0",0.0,2,11.615,7.955,2,0,NaN
07:12:48,L232,82.62,4,"L232_3,L232_2,L232_1,L232_0",0.0,2,13.820000000000002,8.565000000000001,2,0,NaN
07:12:50,L232,82.62,4,"L232_3,L232_2,L232_1,L232_0",0.0,2,19.69,10.485,2,0,NaN
07:12:52,L232,82.62,4,"L232_3,L232_2,L232_1,L232_0",0.47,2,20.832500000000003,13.302500000000002,2,0,NaN
07:12:54,L232,82.62,4,"L232_3,L232_2,L232_1,L232_0",0.0,3,22.3675,12.722499999999998,3,0,NaN
07:12:56,L232,82.62,4,"L232_3,L232_2,L232_1,L232_0",0.0,2,16.715,10.25,2,0,NaN
07:12:58,L232,82.62,4,"L232_3,L232_2,L232_1,L232_0",0.0,2,16.6025,7.38,2,0,NaN
07:13:00,L232,82.62,4,"L232_3,L232_2,L232_1,L232_0",0.0,2,18.03,6.842499999999999,2,0,NaN
07:13:02,L232,82.62,4,"L232_3,L232_2,L232_1,L232_0",0.0,2,13.0775,6.5575,2,0,NaN
07:13:04,L232,82.62,4,"L232_3,L232_2,L232_1,L232_0",0.0,1,12.469999999999999,4.717499999999999,1,0,NaN
07:13:06,L232,82.62,4,"L232_3,L232_2,L232_1,L232_0",0.0,2,16.7775,4.1,2,0,NaN
07:13:08,L232,82.62,4,"L232_3,L232_2,L232_1,L232_0",0.0,1,14.5275,5.7975,1,0,NaN
07:13:10,L232,82.62,4,"L232_3,L232_2,L232_1,L232_0",0.0,2,17.5625,6.1475,2,0,NaN
07:13:12,L232,82.62,4,"L232_3,L232_2,L232_1,L232_0",0.0,2,19.4725,7.095,2,0,NaN
07:13:14,L232,82.62,4,"L232_3,L232_2,L232_1,L232_0",0.0,2,16.3575,4.9575000000000005,2,0,NaN
07:13:16,L232,82.62,4,"L232_3,L232_2,L232_1,L232_0",0.0,1,10.0675,5.407500000000001,1,0,NaN
07:13:18,L232,82.62,4,"L232_3,L232_2,L232_1,L232_0",0.0,2,16.92,6.2925,2,0,NaN
07:13:20,L232,82.62,4,"L232_3,L232_2,L232_1,L232_0",0.0,2,19.425,6.55,2,0,NaN
07:13:22,L232,82.62,4,"L232_3,L232_2,L232_1,L232_0",0.0,2,13.670000000000002,6.9325,2,0,NaN
07:13:24,L232,82.62,4,"L232_3,L232_2,L232_1,L232_0",0.0,2,12.66,7.65,2,0,NaN
07:13:26,L232,82.62,4,"L232_3,L232_2,L232_1,L232_0",0.0,2,15.65,7.8125,2,0,NaN
07:13:28,L232,82.62,4,"L232_3,L232_2,L232_1,L232_0",0.0,2,21.607499999999998,8.4025,2,0,NaN
07:13:30,L232,82.62,4,"L232_3,L232_2,L232_1,L232_0",0.0,2,25.88,9.5175,2,0,NaN
07:13:32,L232,82.62,4,"L232_3,L232_2,L232_1,L232_0",0.0,2,21.78,9.752500000000001,2,0,NaN
07:13:34,L232,82.62,4,"L232_3,L232_2,L232_1,L232_0",0.455,2,19.395000000000003,11.0375,2,0,NaN
07:13:36,L232,82.62,4,"L232_3,L232_2,L232_1,L232_0",0.0,3,20.7325,13.045000000000002,3,0,NaN
07:13:38,L232,82.62,4,"L232_3,L232_2,L232_1,L232_0",1.065,2,16.330000000000002,13.73,2,0,NaN
07:13:40,L232,82.62,4,"L232_3,L232_2,L232_1,L232_0",1.7325,3,14.7675,10.9875,3,0,NaN
07:13:42,L232,82.62,4,"L232_3,L232_2,L232_1,L232_0",1.155,2,11.805,11.502500000000001,2,0,NaN
07:13:44,L232,82.62,4,"L232_3,L232_2,L232_1,L232_0",3.245,3,13.742500000000001,11.990000000000002,3,0,NaN
07:13:46,L232,82.62,4,"L232_3,L232_2,L232_1,L232_0",7.0200000000000005,2,7.507499999999999,11.885000000000002,2,0,NaN
07:13:48,L232,82.62,4,"L232_3,L232_2,L232_1,L232_0",6.9750000000000005,2,9.09,12.780000000000001,2,0,NaN
07:13:50,L232,82.62,4,"L232_3,L232_2,L232_1,L232_0",6.965000000000001,3,11.4525,14.03,3,0,NaN
07:13:52,L232,82.62,4,"L232_3,L232_2,L232_1,L232_0",8.7625,3,7.532500000000001,15.2675,3,0,NaN
07:13:54,L232,82.62,4,"L232_3,L232_2,L232_1,L232_0",10.807500000000001,3,6.927499999999999,15.067499999999999,3,0,NaN
07:13:56,L232,82.62,4,"L232_3,L232_2,L232_1,L232_0",7.1625,3,7.455,14.387500000000001,3,0,NaN
07:13:58,L232,82.62,4,"L232_3,L232_2,L232_1,L232_0",2.03,4,13.2425,15.1125,4,0,NaN
07:14:00,L232,82.62,4,"L232_3,L232_2,L232_1,L232_0",0.5775,3,16.6525,13.3225,3,0,NaN
07:14:02,L232,82.62,4,"L232_3,L232_2,L232_1,L232_0",0.0,3,19.562499999999996,13.895000000000001,3,0,NaN
07:14:04,L232,82.62,4,"L232_3,L232_2,L232_1,L232_0",2.1325000000000003,3,16.72,12.820000000000002,3,0,NaN
07:14:06,L232,82.62,4,"L232_3,L232_2,L232_1,L232_0",0.0,2,16.355,10.107500000000002,2,0,NaN
07:14:08,L232,82.62,4,"L232_3,L232_2,L232_1,L232_0",0.0,2,12.6125,9.594999999999999,2,0,NaN
07:14:10,L232,82.62,4,"L232_3,L232_2,L232_1,L232_0",1.7325,2,10.755,10.7925,2,0,NaN
07:14:12,L232,82.62,4,"L232_3,L232_2,L232_1,L232_0",1.565,2,14.462499999999999,10.0125,2,0,NaN
07:14:14,L232,82.62,4,"L232_3,L232_2,L232_1,L232_0",0.5775,2,17.747500000000002,10.235,2,0,NaN
07:14:16,L232,82.62,4,"L232_3,L232_2,L232_1,L232_0",0.0,2,16.7325,10.717500000000001,2,0,NaN
07:14:18,L232,82.62,4,"L232_3,L232_2,L232_1,L232_0",0.0,2,14.66,10.395,2,0,NaN
07:14:20,L232,82.62,4,"L232_3,L232_2,L232_1,L232_0",0.4225,2,15.822500000000002,8.9525,2,0,NaN
07:14:22,L232,82.62,4,"L232_3,L232_2,L232_1,L232_0",0.0,2,19.35,8.8975,2,0,NaN
07:14:24,L232,82.62,4,"L232_3,L232_2,L232_1,L232_0",0.0,2,17.5725,7.4425,2,0,NaN
07:14:26,L232,82.62,4,"L232_3,L232_2,L232_1,L232_0",0.0,2,17.2675,8.855,2,0,NaN
07:14:28,L232,82.62,4,"L232_3,L232_2,L232_1,L232_0",0.0,2,16.475,6.4625,2,0,NaN
07:14:30,L232,82.62,4,"L232_3,L232_2,L232_1,L232_0",0.0,2,9.415,7.2725,2,0,NaN
07:14:32,L232,82.62,4,"L232_3,L232_2,L232_1,L232_0",0.0,2,16.8775,8.225000000000001,2,0,NaN
07:14:34,L232,82.62,4,"L232_3,L232_2,L232_1,L232_0",0.0,2,14.309999999999999,8.932500000000001,2,0,NaN
07:14:36,L232,82.62,4,"L232_3,L232_2,L232_1,L232_0",0.0,2,16.5375,7.1375,2,0,NaN
07:14:38,L232,82.62,4,"L232_3,L232_2,L232_1,L232_0",0.0,2,18.86,7.390000000000001,2,0,NaN
07:14:40,L232,82.62,4,"L232_3,L232_2,L232_1,L232_0",0.0,2,17.8825,8.1875,2,0,NaN
07:14:42,L232,82.62,4,"L232_3,L232_2,L232_1,L232_0",0.0,2,19.472499999999997,7.5675,2,0,NaN
07:14:44,L232,82.62,4,"L232_3,L232_2,L232_1,L232_0",0.0,2,14.579999999999998,6.29,2,0,NaN
07:14:46,L232,82.62,4,"L232_3,L232_2,L232_1,L232_0",0.0,2,16.7775,7.5075,2,0,NaN
07:14:48,L232,82.62,4,"L232_3,L232_2,L232_1,L232_0",0.0,2,20.42,7.9975,2,0,NaN
07:14:50,L232,82.62,4,"L232_3,L232_2,L232_1,L232_0",0.0,2,21.515,9.0875,2,0,NaN
07:14:52,L232,82.62,4,"L232_3,L232_2,L232_1,L232_0",0.0,2,25.1625,8.91,2,0,NaN
07:14:54,L232,82.62,4,"L232_3,L232_2,L232_1,L232_0",0.0,2,22.4275,8.7275,2,0,NaN
07:14:56,L232,82.62,4,"L232_3,L232_2,L232_1,L232_0",0.0,2,17.049999999999997,5.444999999999999,2,0,NaN
07:14:58,L232,82.62,4,"L232_3,L232_2,L232_1,L232_0",0.0,2,16.035,6.99,2,0,NaN
07:15:00,L232,82.62,4,"L232_3,L232_2,L232_1,L232_0",0.0,2,19.93,8.925,2,0,NaN
07:15:02,L232,82.62,4,"L232_3,L232_2,L232_1,L232_0",0.0,2,19.6475,9.485,2,0,NaN
07:15:04,L232,82.62,4,"L232_3,L232_2,L232_1,L232_0",0.0,2,27.157499999999995,11.254999999999999,2,0,NaN
07:15:06,L232,82.62,4,"L232_3,L232_2,L232_1,L232_0",0.0,2,26.727500000000003,10.0225,2,0,NaN
07:15:08,L232,82.62,4,"L232_3,L232_2,L232_1,L232_0",0.0,2,26.52,10.485,2,0,NaN
07:15:10,L232,82.62,4,"L232_3,L232_2,L232_1,L232_0",0.0,2,25.924999999999997,10.807500000000001,2,0,NaN
07:15:12,L232,82.62,4,"L232_3,L232_2,L232_1,L232_0",0.0,2,20.635,10.375,2,0,NaN
07:15:14,L232,82.62,4,"L232_3,L232_2,L232_1,L232_0",0.46,2,22.640000000000004,10.375,2,0,NaN
07:15:16,L232,82.62,4,"L232_3,L232_2,L232_1,L232_0",0.0,2,19.389999999999997,10.6775,2,0,NaN
07:15:18,L232,82.62,4,"L232_3,L232_2,L232_1,L232_0",0.4775,2,16.37,9.432500000000001,2,0,NaN
07:15:20,L232,82.62,4,"L232_3,L232_2,L232_1,L232_0",0.5775,2,13.4925,9.0425,2,0,NaN
07:15:22,L232,82.62,4,"L232_3,L232_2,L232_1,L232_0",0.0,2,11.985,6.5725,2,0,NaN
07:15:24,L232,82.62,4,"L232_3,L232_2,L232_1,L232_0",0.0,1,8.927499999999998,6.0025,1,0,NaN
07:15:26,L232,82.62,4,"L232_3,L232_2,L232_1,L232_0",1.155,2,10.6075,6.9875,2,0,NaN
07:15:28,L232,82.62,4,"L232_3,L232_2,L232_1,L232_0",0.0,2,15.375,7.4350000000000005,2,0,NaN
07:15:30,L232,82.62,4,"L232_3,L232_2,L232_1,L232_0",0.5775,1,9.77,6.99,1,0,NaN
07:15:32,L232,82.62,4,"L232_3,L232_2,L232_1,L232_0",0.0,2,12.212499999999999,6.85,2,0,NaN
07:15:34,L232,82.62,4,"L232_3,L232_2,L232_1,L232_0",0.0,2,9.497499999999999,5.8825,2,0,NaN
07:15:36,L232,82.62,4,"L232_3,L232_2,L232_1,L232_0",0.0,1,9.31,6.51,1,0,NaN
07:15:38,L232,82.62,4,"L232_3,L232_2,L232_1,L232_0",0.0,2,12.67,5.8325,2,0,NaN
07:15:40,L232,82.62,4,"L232_3,L232_2,L232_1,L232_0",0.0,2,8.0625,6.885,2,0,NaN
07:15:42,L232,82.62,4,"L232_3,L232_2,L232_1,L232_0",0.0,2,9.4775,7.39,2,0,NaN
07:15:44,L232,82.62,4,"L232_3,L232_2,L232_1,L232_0",0.0,2,13.1975,7.29,2,0,NaN
07:15:46,L232,82.62,4,"L232_3,L232_2,L232_1,L232_0",0.0,2,10.7075,6.3125,2,0,NaN
07:15:48,L232,82.62,4,"L232_3,L232_2,L232_1,L232_0",0.0,2,11.215,5.1899999999999995,2,0,NaN
07:15:50,L232,82.62,4,"L232_3,L232_2,L232_1,L232_0",0.0,1,8.1675,5.7475,1,0,NaN
07:15:52,L232,82.62,4,"L232_3,L232_2,L232_1,L232_0",0.0,2,14.207500000000001,7.39,2,0,NaN
07:15:54,L232,82.62,4,"L232_3,L232_2,L232_1,L232_0",0.0,2,15.057500000000001,7.1375,2,0,NaN
07:15:56,L232,82.62,4,"L232_3,L232_2,L232_1,L232_0",0.0,2,17.8675,7.640000000000001,2,0,NaN
07:15:58,L232,82.62,4,"L232_3,L232_2,L232_1,L232_0",0.0,2,15.2625,8.08,2,0,NaN
07:16:00,L232,82.62,4,"L232_3,L232_2,L232_1,L232_0",0.0,2,23.5725,7.46,2,0,NaN
07:16:02,L232,82.62,4,"L232_3,L232_2,L232_1,L232_0",0.0,2,15.895,7.47,2,0,NaN
07:16:04,L232,82.62,4,"L232_3,L232_2,L232_1,L232_0",0.0,2,18.700000000000003,8.3725,2,0,NaN
07:16:06,L232,82.62,4,"L232_3,L232_2,L232_1,L232_0",0.0,2,20.822499999999998,6.67,2,0,NaN
07:16:08,L232,82.62,4,"L232_3,L232_2,L232_1,L232_0",0.0,2,22.5225,7.8825,2,0,NaN
07:16:10,L232,82.62,4,"L232_3,L232_2,L232_1,L232_0",0.0,2,23.775,10.0225,2,0,NaN
07:16:12,L232,82.62,4,"L232_3,L232_2,L232_1,L232_0",0.0,2,16.91,10.8475,2,0,NaN
07:16:14,L232,82.62,4,"L232_3,L232_2,L232_1,L232_0",0.0,2,17.064999999999998,10.254999999999999,2,0,NaN
07:16:16,L232,82.62,4,"L232_3,L232_2,L232_1,L232_0",0.0,2,13.84,10.592500000000001,2,0,NaN
07:16:18,L232,82.62,4,"L232_3,L232_2,L232_1,L232_0",0.5775,2,15.3975,11.1825,2,0,NaN
07:16:20,L232,82.62,4,"L232_3,L232_2,L232_1,L232_0",0.9525,3,16.155,9.865,3,0,NaN
07:16:22,L232,82.62,4,"L232_3,L232_2,L232_1,L232_0",0.0,2,12.809999999999999,9.085,2,0,NaN
07:16:24,L232,82.62,4,"L232_3,L232_2,L232_1,L232_0",1.7325,2,10.1625,10.7225,2,0,NaN
07:16:26,L232,82.62,4,"L232_3,L232_2,L232_1,L232_0",1.5825,2,13.55,11.275000000000002,2,0,NaN
07:16:28,L232,82.62,4,"L232_3,L232_2,L232_1,L232_0",0.5775,2,15.56,10.052500000000002,2,0,NaN
07:16:30,L232,82.62,4,"L232_3,L232_2,L232_1,L232_0",0.0,2,13.93,9.385,2,0,NaN
07:16:32,L232,82.62,4,"L232_3,L232_2,L232_1,L232_0",1.7325,2,15.0775,10.285,2,0,NaN
07:16:34,L232,82.62,4,"L232_3,L232_2,L232_1,L232_0",1.155,2,13.79,10.64,2,0,NaN
07:16:36,L232,82.62,4,"L232_3,L232_2,L232_1,L232_0",2.905,3,16.1575,12.0675,3,0,NaN
07:16:38,L232,82.62,4,"L232_3,L232_2,L232_1,L232_0",3.48,3,17.135,13.180000000000003,3,0,NaN
07:16:40,L232,82.62,4,"L232_3,L232_2,L232_1,L232_0",3.48,2,13.0625,12.580000000000002,2,0,NaN
07:16:42,L232,82.62,4,"L232_3,L232_2,L232_1,L232_0",3.795,2,10.28,12.517499999999998,2,0,NaN
07:16:44,L232,82.62,4,"L232_3,L232_2,L232_1,L232_0",4.6575,2,8.9575,10.38,2,0,NaN
07:16:46,L232,82.62,4,"L232_3,L232_2,L232_1,L232_0",4.6525,2,10.785,10.2925,2,0,NaN
07:16:48,L232,82.62,4,"L232_3,L232_2,L232_1,L232_0",4.65,2,9.0725,10.18,2,0,NaN
07:16:50,L232,82.62,4,"L232_3,L232_2,L232_1,L232_0",4.65,2,11.754999999999999,11.305,2,0,NaN
07:16:52,L232,82.62,4,"L232_3,L232_2,L232_1,L232_0",4.65,2,13.3275,10.809999999999999,2,0,NaN
07:16:54,L232,82.62,4,"L232_3,L232_2,L232_1,L232_0",5.525,3,18.215,12.51,3,0,NaN
07:16:56,L232,82.62,4,"L232_3,L232_2,L232_1,L232_0",6.4,3,22.2375,15.004999999999999,3,0,NaN
07:16:58,L232,82.62,4,"L232_3,L232_2,L232_1,L232_0",6.3975,3,16.265,13.9725,3,0,NaN
07:17:00,L232,82.62,4,"L232_3,L232_2,L232_1,L232_0",7.32,3,15.415,15.9875,3,0,NaN
07:17:02,L232,82.62,4,"L232_3,L232_2,L232_1,L232_0",10.07,4,16.9825,17.355,4,0,NaN
07:17:04,L232,82.62,4,"L232_3,L232_2,L232_1,L232_0",9.895,4,16.92,17.272499999999997,4,0,NaN
07:17:06,L232,82.62,4,"L232_3,L232_2,L232_1,L232_0",10.7675,3,10.83,17.650000000000002,3,0,NaN
07:17:08,L232,82.62,4,"L232_3,L232_2,L232_1,L232_0",11.6425,4,17.0975,18.324999999999996,4,0,NaN
07:17:10,L232,82.62,4,"L232_3,L232_2,L232_1,L232_0",13.4075,4,10.48,18.4325,4,0,NaN
07:17:12,L232,82.62,4,"L232_3,L232_2,L232_1,L232_0",14.285,4,12.724999999999998,20.1475,4,0,NaN
07:17:14,L232,82.62,4,"L232_3,L232_2,L232_1,L232_0",16.935,4,10.0275,19.5725,4,0,NaN
07:17:16,L232,82.62,4,"L232_3,L232_2,L232_1,L232_0",16.885,4,15.885,20.62,4,0,NaN
07:17:18,L232,82.62,4,"L232_3,L232_2,L232_1,L232_0",16.885,4,17.065,20.4075,4,0,NaN
07:17:20,L232,82.62,4,"L232_3,L232_2,L232_1,L232_0",16.885,4,12.0275,20.8875,4,0,NaN
07:17:22,L232,82.62,4,"L232_3,L232_2,L232_1,L232_0",17.76,4,10.6875,20.979999999999997,4,0,NaN
07:17:24,L232,82.62,4,"L232_3,L232_2,L232_1,L232_0",18.6325,4,12.635000000000002,20.9775,4,0,NaN
07:17:26,L232,82.62,4,"L232_3,L232_2,L232_1,L232_0",18.6325,4,9.01,20.8275,4,0,NaN
07:17:28,L232,82.62,4,"L232_3,L232_2,L232_1,L232_0",20.3475,4,9.86,20.915,4,0,NaN
07:17:30,L232,82.62,4,"L232_3,L232_2,L232_1,L232_0",20.3475,4,9.68,20.4875,4,0,NaN
07:17:32,L232,82.62,4,"L232_3,L232_2,L232_1,L232_0",20.3475,4,6.959999999999999,20.9325,4,0,NaN
07:17:34,L232,82.62,4,"L232_3,L232_2,L232_1,L232_0",20.3475,4,9.36,21.1175,4,0,NaN
07:17:36,L232,82.62,4,"L232_3,L232_2,L232_1,L232_0",14.2625,4,12.290000000000001,22.310000000000002,4,0,NaN
07:17:38,L232,82.62,4,"L232_3,L232_2,L232_1,L232_0",8.145,4,16.12,23.825,4,0,NaN
07:17:40,L232,82.62,4,"L232_3,L232_2,L232_1,L232_0",11.61,5,19.7975,24.4275,5,0,NaN
07:17:42,L232,82.62,4,"L232_3,L232_2,L232_1,L232_0",16.8525,4,14.132499999999999,23.695,4,0,NaN
07:17:44,L232,82.62,4,"L232_3,L232_2,L232_1,L232_0",20.3475,4,10.9475,21.4825,4,0,NaN
07:17:46,L232,82.62,4,"L232_3,L232_2,L232_1,L232_0",20.3475,4,7.73,20.9875,4,0,NaN
07:17:48,L232,82.62,4,"L232_3,L232_2,L232_1,L232_0",20.3475,4,7.414999999999999,20.7425,4,0,NaN
07:17:50,L232,82.62,4,"L232_3,L232_2,L232_1,L232_0",17.7425,4,12.3375,21.2275,4,0,NaN
07:17:52,L232,82.62,4,"L232_3,L232_2,L232_1,L232_0",11.6425,4,14.83,23.340000000000003,4,0,NaN
07:17:54,L232,82.62,4,"L232_3,L232_2,L232_1,L232_0",10.7525,5,19.28,23.5575,5,0,NaN
07:17:56,L232,82.62,4,"L232_3,L232_2,L232_1,L232_0",7.2725,5,20.6,24.142500000000002,5,0,NaN
07:17:58,L232,82.62,4,"L232_3,L232_2,L232_1,L232_0",9.005,4,15.3675,24.155,4,0,NaN
07:18:00,L232,82.62,4,"L232_3,L232_2,L232_1,L232_0",9.005,5,17.9525,24.057499999999997,5,0,NaN
07:18:02,L232,82.62,4,"L232_3,L232_2,L232_1,L232_0",7.2725,5,14.76,25.4325,5,0,NaN
07:18:04,L232,82.62,4,"L232_3,L232_2,L232_1,L232_0",10.735,5,17.075,25.79,5,0,NaN
07:18:06,L232,82.62,4,"L232_3,L232_2,L232_1,L232_0",16.5575,5,12.030000000000001,25.16,5,0,NaN
07:18:08,L232,82.62,4,"L232_3,L232_2,L232_1,L232_0",16.572499999999998,5,11.172500000000001,26.457500000000003,5,0,NaN
07:18:10,L232,82.62,4,"L232_3,L232_2,L232_1,L232_0",11.7825,5,11.175,25.755,5,0,NaN
07:18:12,L232,82.62,4,"L232_3,L232_2,L232_1,L232_0",14.2325,5,10.504999999999999,24.645,5,0,NaN
07:18:14,L232,82.62,4,"L232_3,L232_2,L232_1,L232_0",11.6425,4,6.8925,22.407500000000002,4,0,NaN
07:18:16,L232,82.62,4,"L232_3,L232_2,L232_1,L232_0",10.735,4,6.897499999999999,20.6775,4,0,NaN
07:18:18,L232,82.62,4,"L232_3,L232_2,L232_1,L232_0",10.7675,4,5.495,19.5325,4,0,NaN
07:18:20,L232,82.62,4,"L232_3,L232_2,L232_1,L232_0",10.7525,4,4.7250000000000005,18.48,4,0,NaN
07:18:22,L232,82.62,4,"L232_3,L232_2,L232_1,L232_0",16.8525,3,2.9575,18.135,3,0,NaN
07:18:24,L232,82.62,4,"L232_3,L232_2,L232_1,L232_0",20.3475,3,1.365,16.7375,3,0,NaN
07:18:26,L232,82.62,4,"L232_3,L232_2,L232_1,L232_0",20.3475,3,0.0,16.7375,3,0,NaN
07:18:28,L232,82.62,4,"L232_3,L232_2,L232_1,L232_0",17.7425,3,1.5925,17.435,3,0,NaN
07:18:30,L232,82.62,4,"L232_3,L232_2,L232_1,L232_0",11.6425,3,2.86,18.135,3,0,NaN
07:18:32,L232,82.62,4,"L232_3,L232_2,L232_1,L232_0",8.145,4,5.845,19.5325,4,0,NaN
07:18:34,L232,82.62,4,"L232_3,L232_2,L232_1,L232_0",10.735,4,5.6000000000000005,18.835,4,0,NaN
07:18:36,L232,82.62,4,"L232_3,L232_2,L232_1,L232_0",16.8525,3,2.9575,18.135,3,0,NaN
07:18:38,L232,82.62,4,"L232_3,L232_2,L232_1,L232_0",20.3475,3,1.3325,16.7375,3,0,NaN
07:18:40,L232,82.62,4,"L232_3,L232_2,L232_1,L232_0",20.3475,3,0.0,16.7375,3,0,NaN
07:18:42,L232,82.62,4,"L232_3,L232_2,L232_1,L232_0",20.3475,3,0.0,16.7375,3,0,NaN
07:18:44,L232,82.62,4,"L232_3,L232_2,L232_1,L232_0",20.3475,3,0.0,16.7375,3,0,NaN
07:18:46,L232,82.62,4,"L232_3,L232_2,L232_1,L232_0",14.2625,3,2.8925,18.135,3,0,NaN
07:18:48,L232,82.62,4,"L232_3,L232_2,L232_1,L232_0",9.02,4,6.1875,19.5325,4,0,NaN
07:18:50,L232,82.62,4,"L232_3,L232_2,L232_1,L232_0",9.005,4,8.785,20.93,4,0,NaN
07:18:52,L232,82.62,4,"L232_3,L232_2,L232_1,L232_0",14.2325,4,7.455,19.532500000000002,4,0,NaN
07:18:54,L232,82.62,4,"L232_3,L232_2,L232_1,L232_0",13.39,4,8.2975,19.5825,4,0,NaN
07:18:56,L232,82.62,4,"L232_3,L232_2,L232_1,L232_0",9.02,4,5.81,19.5325,4,0,NaN
07:18:58,L232,82.62,4,"L232_3,L232_2,L232_1,L232_0",11.61,4,6.055,19.5325,4,0,NaN
07:19:00,L232,82.62,4,"L232_3,L232_2,L232_1,L232_0",16.8525,4,4.34,18.135,4,0,NaN
07:19:02,L232,82.62,4,"L232_3,L232_2,L232_1,L232_0",17.7425,4,2.835,17.435,4,0,NaN
07:19:04,L232,82.62,4,"L232_3,L232_2,L232_1,L232_0",11.6425,4,5.984999999999999,19.5325,4,0,NaN
07:19:06,L232,82.62,4,"L232_3,L232_2,L232_1,L232_0",11.61,4,5.81,19.5325,4,0,NaN
07:19:08,L232,82.62,4,"L232_3,L232_2,L232_1,L232_0",16.8525,4,5.495,18.835,4,0,NaN
07:19:10,L232,82.62,4,"L232_3,L232_2,L232_1,L232_0",20.3475,3,1.365,16.8225,3,0,NaN
07:19:12,L232,82.62,4,"L232_3,L232_2,L232_1,L232_0",14.2625,3,2.99,18.135,3,0,NaN
07:19:14,L232,82.62,4,"L232_3,L232_2,L232_1,L232_0",11.625,3,2.9575,18.135,3,0,NaN
07:19:16,L232,82.62,4,"L232_3,L232_2,L232_1,L232_0",16.8525,3,3.0225,18.135,3,0,NaN
07:19:18,L232,82.62,4,"L232_3,L232_2,L232_1,L232_0",20.3475,3,1.105,16.7375,3,0,NaN
07:19:20,L232,82.62,4,"L232_3,L232_2,L232_1,L232_0",15.1375,3,2.9575,18.135,3,0,NaN
07:19:22,L232,82.62,4,"L232_3,L232_2,L232_1,L232_0",11.625,3,2.99,18.135,3,0,NaN
07:19:24,L232,82.62,4,"L232_3,L232_2,L232_1,L232_0",16.8525,3,2.9575,18.135,3,0,NaN
07:19:26,L232,82.62,4,"L232_3,L232_2,L232_1,L232_0",20.3475,3,1.2025,16.7375,3,0,NaN
07:19:28,L232,82.62,4,"L232_3,L232_2,L232_1,L232_0",20.3475,3,0.0,16.7375,3,0,NaN
07:19:30,L232,82.62,4,"L232_3,L232_2,L232_1,L232_0",20.3475,3,0.0,16.7375,3,0,NaN
07:19:32,L232,82.62,4,"L232_3,L232_2,L232_1,L232_0",20.3475,3,0.0,16.7375,3,0,NaN
07:19:34,L232,82.62,4,"L232_3,L232_2,L232_1,L232_0",20.3475,3,0.0,16.7375,3,0,NaN
07:19:36,L232,82.62,4,"L232_3,L232_2,L232_1,L232_0",20.3475,3,0.0,16.7375,3,0,NaN
07:19:38,L232,82.62,4,"L232_3,L232_2,L232_1,L232_0",20.3475,3,0.0,16.7375,3,0,NaN
07:19:40,L232,82.62,4,"L232_3,L232_2,L232_1,L232_0",20.3475,3,0.0,16.7375,3,0,NaN
07:19:42,L232,82.62,4,"L232_3,L232_2,L232_1,L232_0",20.3475,3,0.0,16.7375,3,0,NaN
07:19:44,L232,82.62,4,"L232_3,L232_2,L232_1,L232_0",20.3475,3,0.0,16.7375,3,0,NaN
07:19:46,L232,82.62,4,"L232_3,L232_2,L232_1,L232_0",20.3475,3,0.0,16.7375,3,0,NaN
07:19:48,L232,82.62,4,"L232_3,L232_2,L232_1,L232_0",20.3475,3,0.0,16.7375,3,0,NaN
07:19:50,L232,82.62,4,"L232_3,L232_2,L232_1,L232_0",20.3475,3,0.0,16.7375,3,0,NaN
07:19:52,L232,82.62,4,"L232_3,L232_2,L232_1,L232_0",20.3475,3,0.0,16.7375,3,0,NaN
07:19:54,L232,82.62,4,"L232_3,L232_2,L232_1,L232_0",20.3475,3,0.0,16.7375,3,0,NaN
07:19:56,L232,82.62,4,"L232_3,L232_2,L232_1,L232_0",15.1375,3,2.86,18.135,3,0,NaN
07:19:58,L232,82.62,4,"L232_3,L232_2,L232_1,L232_0",11.625,3,2.9575,18.135,3,0,NaN
07:20:00,L232,82.62,4,"L232_3,L232_2,L232_1,L232_0",16.8525,3,2.99,18.135,3,0,NaN
07:20:02,L232,82.62,4,"L232_3,L232_2,L232_1,L232_0",18.6175,4,2.73,17.435,4,0,NaN
07:20:04,L232,82.62,4,"L232_3,L232_2,L232_1,L232_0",12.515,3,2.6325000000000003,18.135,3,0,NaN
07:20:06,L232,82.62,4,"L232_3,L232_2,L232_1,L232_0",12.4825,3,2.73,18.135,3,0,NaN
07:20:08,L232,82.62,4,"L232_3,L232_2,L232_1,L232_0",12.515,4,5.7749999999999995,19.5325,4,0,NaN
07:20:10,L232,82.62,4,"L232_3,L232_2,L232_1,L232_0",11.625,4,3.7800000000000002,18.135,4,0,NaN
07:20:12,L232,82.62,4,"L232_3,L232_2,L232_1,L232_0",16.8525,3,2.795,18.135,3,0,NaN
07:20:14,L232,82.62,4,"L232_3,L232_2,L232_1,L232_0",20.3475,3,1.3,16.7375,3,0,NaN
07:20:16,L232,82.62,4,"L232_3,L232_2,L232_1,L232_0",20.3475,3,0.0,16.7375,3,0,NaN
07:20:18,L232,82.62,4,"L232_3,L232_2,L232_1,L232_0",20.3475,3,0.0,16.7375,3,0,NaN
07:20:20,L232,82.62,4,"L232_3,L232_2,L232_1,L232_0",20.3475,3,0.0,16.7375,3,0,NaN
07:20:22,L232,82.62,4,"L232_3,L232_2,L232_1,L232_0",20.3475,3,0.0,16.7375,3,0,NaN
07:20:24,L232,82.62,4,"L232_3,L232_2,L232_1,L232_0",20.3475,3,0.0,16.7375,3,0,NaN
07:20:26,L232,82.62,4,"L232_3,L232_2,L232_1,L232_0",20.3475,3,0.0,16.7375,3,0,NaN
07:20:28,L232,82.62,4,"L232_3,L232_2,L232_1,L232_0",20.3475,3,0.0,16.7375,3,0,NaN
07:20:30,L232,82.62,4,"L232_3,L232_2,L232_1,L232_0",20.3475,3,0.0,16.7375,3,0,NaN
07:20:32,L232,82.62,4,"L232_3,L232_2,L232_1,L232_0",20.3475,3,0.0,16.7375,3,0,NaN
07:20:34,L232,82.62,4,"L232_3,L232_2,L232_1,L232_0",20.3475,3,0.0,16.7375,3,0,NaN
07:20:36,L232,82.62,4,"L232_3,L232_2,L232_1,L232_0",20.3475,3,0.0,16.7375,3,0,NaN
07:20:38,L232,82.62,4,"L232_3,L232_2,L232_1,L232_0",18.6175,3,1.495,17.435,3,0,NaN
07:20:40,L232,82.62,4,"L232_3,L232_2,L232_1,L232_0",11.6425,3,2.9575,18.135,3,0,NaN
07:20:42,L232,82.62,4,"L232_3,L232_2,L232_1,L232_0",11.625,4,4.760000000000001,18.835,4,0,NaN
07:20:44,L232,82.62,4,"L232_3,L232_2,L232_1,L232_0",10.7675,4,5.635000000000001,18.835,4,0,NaN
07:20:46,L232,82.62,4,"L232_3,L232_2,L232_1,L232_0",15.105,3,3.0225,18.135,3,0,NaN
07:20:48,L232,82.62,4,"L232_3,L232_2,L232_1,L232_0",19.475,4,4.5,17.435,4,0,NaN
07:20:50,L232,82.62,4,"L232_3,L232_2,L232_1,L232_0",20.3475,3,0.0,16.7375,3,0,NaN
07:20:52,L232,82.62,4,"L232_3,L232_2,L232_1,L232_0",17.7425,3,1.5925,17.435,3,0,NaN
07:20:54,L232,82.62,4,"L232_3,L232_2,L232_1,L232_0",11.6425,3,2.9250000000000003,18.135,3,0,NaN
07:20:56,L232,82.62,4,"L232_3,L232_2,L232_1,L232_0",14.2325,3,2.9250000000000003,18.135,3,0,NaN
07:20:58,L232,82.62,4,"L232_3,L232_2,L232_1,L232_0",19.475,3,2.665,17.435,3,0,NaN
07:21:00,L232,82.62,4,"L232_3,L232_2,L232_1,L232_0",20.3475,3,0.0,16.7375,3,0,NaN
07:21:02,L232,82.62,4,"L232_3,L232_2,L232_1,L232_0",20.3475,3,0.0,16.7375,3,0,NaN
07:21:04,L232,82.62,4,"L232_3,L232_2,L232_1,L232_0",20.3475,3,0.0,16.7375,3,0,NaN
07:21:06,L232,82.62,4,"L232_3,L232_2,L232_1,L232_0",20.3475,3,0.0,16.7375,3,0,NaN
07:21:08,L232,82.62,4,"L232_3,L232_2,L232_1,L232_0",20.3475,3,0.0,16.7375,3,0,NaN
07:21:10,L232,82.62,4,"L232_3,L232_2,L232_1,L232_0",20.3475,3,0.0,16.7375,3,0,NaN
07:21:12,L232,82.62,4,"L232_3,L232_2,L232_1,L232_0",20.3475,3,0.0,16.7375,3,0,NaN
07:21:14,L232,82.62,4,"L232_3,L232_2,L232_1,L232_0",20.3475,3,0.0,16.7375,3,0,NaN
07:21:16,L232,82.62,4,"L232_3,L232_2,L232_1,L232_0",20.3475,3,0.0,16.7375,3,0,NaN
07:21:18,L232,82.62,4,"L232_3,L232_2,L232_1,L232_0",20.3475,3,0.0,16.7375,3,0,NaN
07:21:20,L232,82.62,4,"L232_3,L232_2,L232_1,L232_0",20.3475,3,0.0,16.7375,3,0,NaN
07:21:22,L232,82.62,4,"L232_3,L232_2,L232_1,L232_0",20.3475,3,0.0,16.7375,3,0,NaN
07:21:24,L232,82.62,4,"L232_3,L232_2,L232_1,L232_0",20.3475,3,0.0,16.7375,3,0,NaN
07:21:26,L232,82.62,4,"L232_3,L232_2,L232_1,L232_0",20.3475,3,0.0,16.7375,3,0,NaN
07:21:28,L232,82.62,4,"L232_3,L232_2,L232_1,L232_0",20.3475,3,0.0,16.7375,3,0,NaN
07:21:30,L232,82.62,4,"L232_3,L232_2,L232_1,L232_0",20.3475,3,0.0,16.7375,3,0,NaN
07:21:32,L232,82.62,4,"L232_3,L232_2,L232_1,L232_0",20.3475,3,0.0,16.7375,3,0,NaN
07:21:34,L232,82.62,4,"L232_3,L232_2,L232_1,L232_0",17.7425,4,3.115,18.135,4,0,NaN
07:21:36,L232,82.62,4,"L232_3,L232_2,L232_1,L232_0",11.6425,4,5.915,19.5325,4,0,NaN
07:21:38,L232,82.62,4,"L232_3,L232_2,L232_1,L232_0",7.2725,4,8.625,20.93,4,0,NaN
07:21:40,L232,82.62,4,"L232_3,L232_2,L232_1,L232_0",11.61,4,8.5875,19.625,4,0,NaN
07:21:42,L232,82.62,4,"L232_3,L232_2,L232_1,L232_0",17.02,3,3.4450000000000003,17.7575,3,0,NaN
07:21:44,L232,82.62,4,"L232_3,L232_2,L232_1,L232_0",18.185,3,2.405,15.34,3,0,NaN
07:21:46,L232,82.62,4,"L232_3,L232_2,L232_1,L232_0",10.4625,3,4.5600000000000005,16.3975,3,0,NaN
07:21:48,L232,82.62,4,"L232_3,L232_2,L232_1,L232_0",10.9925,3,5.16,15.38,3,0,NaN
07:21:50,L232,82.62,4,"L232_3,L232_2,L232_1,L232_0",13.2975,3,5.0875,15.34,3,0,NaN
07:21:52,L232,82.62,4,"L232_3,L232_2,L232_1,L232_0",9.6275,3,3.6300000000000003,13.935,3,0,NaN
07:21:54,L232,82.62,4,"L232_3,L232_2,L232_1,L232_0",7.99,2,2.8000000000000003,13.095,2,0,NaN
07:21:56,L232,82.62,4,"L232_3,L232_2,L232_1,L232_0",5.255,2,4.46,12.9325,2,0,NaN
07:21:58,L232,82.62,4,"L232_3,L232_2,L232_1,L232_0",2.195,2,4.99,13.530000000000001,2,0,NaN
07:22:00,L232,82.62,4,"L232_3,L232_2,L232_1,L232_0",2.125,3,7.265000000000001,14.61,3,0,NaN
07:22:02,L232,82.62,4,"L232_3,L232_2,L232_1,L232_0",3.9175,3,7.855,15.459999999999999,3,0,NaN
07:22:04,L232,82.62,4,"L232_3,L232_2,L232_1,L232_0",7.8975,4,11.805,17.315,4,0,NaN
07:22:06,L232,82.62,4,"L232_3,L232_2,L232_1,L232_0",10.725,4,13.562499999999998,18.130000000000003,4,0,NaN
07:22:08,L232,82.62,4,"L232_3,L232_2,L232_1,L232_0",13.44,4,10.745000000000001,18.4525,4,0,NaN
07:22:10,L232,82.62,4,"L232_3,L232_2,L232_1,L232_0",17.1675,4,13.0525,19.285,4,0,NaN
07:22:12,L232,82.62,4,"L232_3,L232_2,L232_1,L232_0",13.74,4,10.072500000000002,18.884999999999998,4,0,NaN
07:22:14,L232,82.62,4,"L232_3,L232_2,L232_1,L232_0",19.4575,4,14.192499999999999,20.6125,4,0,NaN
07:22:16,L232,82.62,4,"L232_3,L232_2,L232_1,L232_0",19.0675,4,14.384999999999998,21.36,4,0,NaN
07:22:18,L232,82.62,4,"L232_3,L232_2,L232_1,L232_0",18.9075,4,14.695,20.557499999999997,4,0,NaN
07:22:20,L232,82.62,4,"L232_3,L232_2,L232_1,L232_0",20.6975,4,13.6425,20.677500000000002,4,0,NaN
07:22:22,L232,82.62,4,"L232_3,L232_2,L232_1,L232_0",21.7,4,13.794999999999998,20.8325,4,0,NaN
07:22:24,L232,82.62,4,"L232_3,L232_2,L232_1,L232_0",21.7725,4,14.56,20.902500000000003,4,0,NaN
07:22:26,L232,82.62,4,"L232_3,L232_2,L232_1,L232_0",20.9625,4,14.489999999999998,21.427500000000002,4,0,NaN
07:22:28,L232,82.62,4,"L232_3,L232_2,L232_1,L232_0",20.205,4,14.754999999999999,21.3275,4,0,NaN
07:22:30,L232,82.62,4,"L232_3,L232_2,L232_1,L232_0",20.4225,4,11.819999999999999,20.427500000000002,4,0,NaN
07:22:32,L232,82.62,4,"L232_3,L232_2,L232_1,L232_0",17.7775,4,12.7125,18.125,4,0,NaN
07:22:34,L232,82.62,4,"L232_3,L232_2,L232_1,L232_0",15.2025,4,7.46,16.4625,4,0,NaN
07:22:36,L232,82.62,4,"L232_3,L232_2,L232_1,L232_0",13.645,3,5.295,14.03,3,0,NaN
07:22:38,L232,82.62,4,"L232_3,L232_2,L232_1,L232_0",10.99,2,2.725,13.39,2,0,NaN
07:22:40,L232,82.62,4,"L232_3,L232_2,L232_1,L232_0",8.3775,2,3.825,12.1225,2,0,NaN
07:22:42,L232,82.62,4,"L232_3,L232_2,L232_1,L232_0",5.69,2,3.7125,11.855,2,0,NaN
07:22:44,L232,82.62,4,"L232_3,L232_2,L232_1,L232_0",4.0925,2,4.095,11.2025,2,0,NaN
07:22:46,L232,82.62,4,"L232_3,L232_2,L232_1,L232_0",1.155,2,5.32,10.6975,2,0,NaN
07:22:48,L232,82.62,4,"L232_3,L232_2,L232_1,L232_0",1.155,2,7.135,10.6175,2,0,NaN
07:22:50,L232,82.62,4,"L232_3,L232_2,L232_1,L232_0",0.0,2,8.675,11.0225,2,0,NaN
07:22:52,L232,82.62,4,"L232_3,L232_2,L232_1,L232_0",0.0,2,9.702499999999999,11.7975,2,0,NaN
07:22:54,L232,82.62,4,"L232_3,L232_2,L232_1,L232_0",0.0,3,14.807500000000001,11.995,3,0,NaN
07:22:56,L232,82.62,4,"L232_3,L232_2,L232_1,L232_0",0.0,2,13.815000000000001,12.445,2,0,NaN
07:22:58,L232,82.62,4,"L232_3,L232_2,L232_1,L232_0",0.0,3,19.755,13.035,3,0,NaN
07:23:00,L232,82.62,4,"L232_3,L232_2,L232_1,L232_0",0.0,2,18.1625,12.48,2,0,NaN
07:23:02,L232,82.62,4,"L232_3,L232_2,L232_1,L232_0",0.0,2,17.975,11.1125,2,0,NaN
07:23:04,L232,82.62,4,"L232_3,L232_2,L232_1,L232_0",0.0,2,17.625,10.592500000000001,2,0,NaN
07:23:06,L232,82.62,4,"L232_3,L232_2,L232_1,L232_0",0.0,2,17.189999999999998,9.912500000000001,2,0,NaN
07:23:08,L232,82.62,4,"L232_3,L232_2,L232_1,L232_0",0.0,2,16.025,8.545,2,0,NaN
07:23:10,L232,82.62,4,"L232_3,L232_2,L232_1,L232_0",0.0,2,13.905000000000001,8.0525,2,0,NaN
07:23:12,L232,82.62,4,"L232_3,L232_2,L232_1,L232_0",0.0,2,14.57,7.6225,2,0,NaN
07:23:14,L232,82.62,4,"L232_3,L232_2,L232_1,L232_0",0.0,2,14.89,5.9875,2,0,NaN
07:23:16,L232,82.62,4,"L232_3,L232_2,L232_1,L232_0",0.0,2,14.519999999999998,5.055000000000001,2,0,NaN
07:23:18,L232,82.62,4,"L232_3,L232_2,L232_1,L232_0",0.0,1,8.87,4.8925,1,0,NaN
07:23:20,L232,82.62,4,"L232_3,L232_2,L232_1,L232_0",0.0,1,8.075,4.9075,1,0,NaN
07:23:22,L232,82.62,4,"L232_3,L232_2,L232_1,L232_0",0.0,2,15.5925,6.03,2,0,NaN
07:23:24,L232,82.62,4,"L232_3,L232_2,L232_1,L232_0",0.0,2,14.16,6.965,2,0,NaN
07:23:26,L232,82.62,4,"L232_3,L232_2,L232_1,L232_0",0.0,2,14.355,7.4399999999999995,2,0,NaN
07:23:28,L232,82.62,4,"L232_3,L232_2,L232_1,L232_0",0.0,2,13.82,5.5925,2,0,NaN
07:23:30,L232,82.62,4,"L232_3,L232_2,L232_1,L232_0",0.0,2,12.94,6.734999999999999,2,0,NaN
07:23:32,L232,82.62,4,"L232_3,L232_2,L232_1,L232_0",0.0,2,15.044999999999998,7.6850000000000005,2,0,NaN
07:23:34,L232,82.62,4,"L232_3,L232_2,L232_1,L232_0",0.0,2,21.675,8.8525,2,0,NaN
07:23:36,L232,82.62,4,"L232_3,L232_2,L232_1,L232_0",0.0,3,28.7025,9.365,3,0,NaN
07:23:38,L232,82.62,4,"L232_3,L232_2,L232_1,L232_0",0.0,2,22.345,9.465,2,0,NaN
07:23:40,L232,82.62,4,"L232_3,L232_2,L232_1,L232_0",0.0,2,22.939999999999998,10.765,2,0,NaN
07:23:42,L232,82.62,4,"L232_3,L232_2,L232_1,L232_0",0.0,3,33.7525,9.5225,3,0,NaN
07:23:44,L232,82.62,4,"L232_3,L232_2,L232_1,L232_0",0.0,3,26.505,11.9775,3,0,NaN
07:23:46,L232,82.62,4,"L232_3,L232_2,L232_1,L232_0",0.0,3,26.3975,11.175,3,0,NaN
07:23:48,L232,82.62,4,"L232_3,L232_2,L232_1,L232_0",0.0,2,17.01,10.940000000000001,2,0,NaN
07:23:50,L232,82.62,4,"L232_3,L232_2,L232_1,L232_0",0.0,3,22.224999999999998,11.469999999999999,3,0,NaN
07:23:52,L232,82.62,4,"L232_3,L232_2,L232_1,L232_0",0.4175,3,20.3275,8.412500000000001,3,0,NaN
07:23:54,L232,82.62,4,"L232_3,L232_2,L232_1,L232_0",0.0,2,15.685,9.594999999999999,2,0,NaN
07:23:56,L232,82.62,4,"L232_3,L232_2,L232_1,L232_0",0.0,2,14.7275,9.49,2,0,NaN
07:23:58,L232,82.62,4,"L232_3,L232_2,L232_1,L232_0",0.0,3,20.209999999999997,10.0725,3,0,NaN
07:24:00,L232,82.62,4,"L232_3,L232_2,L232_1,L232_0",0.0,2,16.4825,10.235,2,0,NaN
07:24:02,L232,82.62,4,"L232_3,L232_2,L232_1,L232_0",0.0,3,23.93,11.945000000000002,3,0,NaN
07:24:04,L232,82.62,4,"L232_3,L232_2,L232_1,L232_0",0.0,2,15.4475,9.690000000000001,2,0,NaN
07:24:06,L232,82.62,4,"L232_3,L232_2,L232_1,L232_0",0.0,2,17.3325,9.7025,2,0,NaN
07:24:08,L232,82.62,4,"L232_3,L232_2,L232_1,L232_0",0.0,2,21.002499999999998,10.7725,2,0,NaN
07:24:10,L232,82.62,4,"L232_3,L232_2,L232_1,L232_0",0.0,2,17.2475,9.3575,2,0,NaN
07:24:12,L232,82.62,4,"L232_3,L232_2,L232_1,L232_0",0.0,3,24.814999999999998,8.76,3,0,NaN
07:24:14,L232,82.62,4,"L232_3,L232_2,L232_1,L232_0",0.0,2,23.822499999999998,8.572500000000002,2,0,NaN
07:24:16,L232,82.62,4,"L232_3,L232_2,L232_1,L232_0",0.0,2,21.36,7.202500000000001,2,0,NaN
07:24:18,L232,82.62,4,"L232_3,L232_2,L232_1,L232_0",0.0,2,17.09,7.355,2,0,NaN
07:24:20,L232,82.62,4,"L232_3,L232_2,L232_1,L232_0",0.0,2,17.1725,7.93,2,0,NaN
07:24:22,L232,82.62,4,"L232_3,L232_2,L232_1,L232_0",0.0,2,16.77,9.0725,2,0,NaN
07:24:24,L232,82.62,4,"L232_3,L232_2,L232_1,L232_0",0.0,2,19.322499999999998,10.8025,2,0,NaN
07:24:26,L232,82.62,4,"L232_3,L232_2,L232_1,L232_0",0.0,3,24.130000000000003,13.052500000000002,3,0,NaN
07:24:28,L232,82.62,4,"L232_3,L232_2,L232_1,L232_0",0.0,3,24.6575,11.23,3,0,NaN
07:24:30,L232,82.62,4,"L232_3,L232_2,L232_1,L232_0",0.0,2,17.82,8.195,2,0,NaN
07:24:32,L232,82.62,4,"L232_3,L232_2,L232_1,L232_0",0.0,1,9.61,5.495,1,0,NaN
07:24:34,L232,82.62,4,"L232_3,L232_2,L232_1,L232_0",0.0,2,14.857500000000002,6.325,2,0,NaN
07:24:36,L232,82.62,4,"L232_3,L232_2,L232_1,L232_0",0.0,2,19.197499999999998,7.9875,2,0,NaN
07:24:38,L232,82.62,4,"L232_3,L232_2,L232_1,L232_0",0.0,2,22.325,10.712499999999999,2,0,NaN
07:24:40,L232,82.62,4,"L232_3,L232_2,L232_1,L232_0",0.0,2,21.0325,11.625,2,0,NaN
07:24:42,L232,82.62,4,"L232_3,L232_2,L232_1,L232_0",0.0,3,22.152500000000003,12.259999999999998,3,0,NaN
07:24:44,L232,82.62,4,"L232_3,L232_2,L232_1,L232_0",0.0,2,13.0975,12.825,2,0,NaN
07:24:46,L232,82.62,4,"L232_3,L232_2,L232_1,L232_0",0.5775,3,15.5,10.795000000000002,3,0,NaN
07:24:48,L232,82.62,4,"L232_3,L232_2,L232_1,L232_0",0.51,3,15.712499999999999,14.122500000000002,3,0,NaN
07:24:50,L232,82.62,4,"L232_3,L232_2,L232_1,L232_0",2.0975,4,20.61,16.0475,4,0,NaN
07:24:52,L232,82.62,4,"L232_3,L232_2,L232_1,L232_0",1.03,4,29.7825,20.2875,4,0,NaN
07:24:54,L232,82.62,4,"L232_3,L232_2,L232_1,L232_0",1.025,4,34.504999999999995,21.02,4,0,NaN
07:24:56,L232,82.62,4,"L232_3,L232_2,L232_1,L232_0",1.1675,5,29.3125,21.0975,5,0,NaN
07:24:58,L232,82.62,4,"L232_3,L232_2,L232_1,L232_0",1.155,4,16.915,21.3225,4,0,NaN
07:25:00,L232,82.62,4,"L232_3,L232_2,L232_1,L232_0",2.5675,4,11.975,21.3475,4,0,NaN
07:25:02,L232,82.62,4,"L232_3,L232_2,L232_1,L232_0",2.9925,4,11.9275,19.5275,4,0,NaN
07:25:04,L232,82.62,4,"L232_3,L232_2,L232_1,L232_0",4.66,4,16.2225,20.415,4,0,NaN
07:25:06,L232,82.62,4,"L232_3,L232_2,L232_1,L232_0",7.4375,4,19.367499999999996,20.885,4,0,NaN
07:25:08,L232,82.62,4,"L232_3,L232_2,L232_1,L232_0",7.552499999999999,4,14.542499999999999,21.8225,4,0,NaN
07:25:10,L232,82.62,4,"L232_3,L232_2,L232_1,L232_0",6.1025,4,16.2575,22.652500000000003,4,0,NaN
07:25:12,L232,82.62,4,"L232_3,L232_2,L232_1,L232_0",6.13,5,19.855,22.6525,5,0,NaN
07:25:14,L232,82.62,4,"L232_3,L232_2,L232_1,L232_0",5.12,4,11.514999999999999,23.0575,4,0,NaN
07:25:16,L232,82.62,4,"L232_3,L232_2,L232_1,L232_0",8.91,5,12.127500000000001,24.110000000000003,5,0,NaN
07:25:18,L232,82.62,4,"L232_3,L232_2,L232_1,L232_0",10.235,5,11.477500000000003,24.12,5,0,NaN
07:25:20,L232,82.62,4,"L232_3,L232_2,L232_1,L232_0",12.015,4,10.095,23.392500000000002,4,0,NaN
07:25:22,L232,82.62,4,"L232_3,L232_2,L232_1,L232_0",12.5875,5,9.872499999999999,22.8525,5,0,NaN
07:25:24,L232,82.62,4,"L232_3,L232_2,L232_1,L232_0",14.545000000000002,5,12.035,22.730000000000004,5,0,NaN
07:25:26,L232,82.62,4,"L232_3,L232_2,L232_1,L232_0",10.45,5,16.1025,21.4075,5,0,NaN
07:25:28,L232,82.62,4,"L232_3,L232_2,L232_1,L232_0",9.02,4,12.647499999999999,20.8125,4,0,NaN
07:25:30,L232,82.62,4,"L232_3,L232_2,L232_1,L232_0",11.6425,4,15.895,19.2325,4,0,NaN
07:25:32,L232,82.62,4,"L232_3,L232_2,L232_1,L232_0",11.6425,4,16.0125,20.4725,4,0,NaN
07:25:34,L232,82.62,4,"L232_3,L232_2,L232_1,L232_0",6.3975,5,22.5525,24.3075,5,0,NaN
07:25:36,L232,82.62,4,"L232_3,L232_2,L232_1,L232_0",6.3975,6,35.269999999999996,28.902500000000003,6,0,NaN
07:25:38,L232,82.62,4,"L232_3,L232_2,L232_1,L232_0",4.65,6,28.7625,30.597500000000004,6,0,NaN
07:25:40,L232,82.62,4,"L232_3,L232_2,L232_1,L232_0",5.6375,6,22.705,29.115000000000002,6,0,NaN
07:25:42,L232,82.62,4,"L232_3,L232_2,L232_1,L232_0",9.955,6,20.6525,29.634999999999998,6,0,NaN
07:25:44,L232,82.62,4,"L232_3,L232_2,L232_1,L232_0",14.315,6,16.82,30.020000000000003,6,0,NaN
07:25:46,L232,82.62,4,"L232_3,L232_2,L232_1,L232_0",17.785,5,14.5625,26.312500000000004,5,0,NaN
07:25:48,L232,82.62,4,"L232_3,L232_2,L232_1,L232_0",14.2625,5,16.2425,24.7625,5,0,NaN
07:25:50,L232,82.62,4,"L232_3,L232_2,L232_1,L232_0",9.895,5,13.69,25.677500000000002,5,0,NaN
07:25:52,L232,82.62,4,"L232_3,L232_2,L232_1,L232_0",9.895,5,16.6725,25.084999999999997,5,0,NaN
07:25:54,L232,82.62,4,"L232_3,L232_2,L232_1,L232_0",14.2625,5,17.7775,24.349999999999998,5,0,NaN
07:25:56,L232,82.62,4,"L232_3,L232_2,L232_1,L232_0",19.5075,5,16.2325,22.862499999999997,5,0,NaN
07:25:58,L232,82.62,4,"L232_3,L232_2,L232_1,L232_0",20.38,4,11.075000000000001,21.8625,4,0,NaN
07:26:00,L232,82.62,4,"L232_3,L232_2,L232_1,L232_0",20.38,4,13.25,21.627499999999998,4,0,NaN
07:26:02,L232,82.62,4,"L232_3,L232_2,L232_1,L232_0",20.38,4,16.5525,21.925,4,0,NaN
07:26:04,L232,82.62,4,"L232_3,L232_2,L232_1,L232_0",20.38,4,13.82,22.0,4,0,NaN
07:26:06,L232,82.62,4,"L232_3,L232_2,L232_1,L232_0",20.38,4,16.25,21.9375,4,0,NaN
07:26:08,L232,82.62,4,"L232_3,L232_2,L232_1,L232_0",20.3825,4,13.4475,21.7625,4,0,NaN
07:26:10,L232,82.62,4,"L232_3,L232_2,L232_1,L232_0",20.385,4,11.455,20.8075,4,0,NaN
07:26:12,L232,82.62,4,"L232_3,L232_2,L232_1,L232_0",20.435,4,5.7375,20.032500000000002,4,0,NaN
07:26:14,L232,82.62,4,"L232_3,L232_2,L232_1,L232_0",20.65,4,3.3975,19.087500000000002,4,0,NaN
07:26:16,L232,82.62,4,"L232_3,L232_2,L232_1,L232_0",17.25,4,5.2825,16.1875,4,0,NaN
07:26:18,L232,82.62,4,"L232_3,L232_2,L232_1,L232_0",9.17,3,4.11,16.5425,3,0,NaN
07:26:20,L232,82.62,4,"L232_3,L232_2,L232_1,L232_0",12.7625,3,4.86,15.465,3,0,NaN
07:26:22,L232,82.62,4,"L232_3,L232_2,L232_1,L232_0",11.09,3,4.9775,14.725,3,0,NaN
07:26:24,L232,82.62,4,"L232_3,L232_2,L232_1,L232_0",8.5375,3,2.42,13.2,3,0,NaN
07:26:26,L232,82.62,4,"L232_3,L232_2,L232_1,L232_0",7.805,2,2.97,12.5825,2,0,NaN
07:26:28,L232,82.62,4,"L232_3,L232_2,L232_1,L232_0",3.985,2,4.095,12.01,2,0,NaN
07:26:30,L232,82.62,4,"L232_3,L232_2,L232_1,L232_0",2.105,3,5.4,11.34,3,0,NaN
07:26:32,L232,82.62,4,"L232_3,L232_2,L232_1,L232_0",0.12,3,9.8125,13.21,3,0,NaN
07:26:34,L232,82.62,4,"L232_3,L232_2,L232_1,L232_0",0.0,3,15.58,14.907499999999999,3,0,NaN
07:26:36,L232,82.62,4,"L232_3,L232_2,L232_1,L232_0",0.0,3,16.66,15.372499999999999,3,0,NaN
07:26:38,L232,82.62,4,"L232_3,L232_2,L232_1,L232_0",0.0,3,17.5825,14.1175,3,0,NaN
07:26:40,L232,82.62,4,"L232_3,L232_2,L232_1,L232_0",0.0,3,17.19,14.72,3,0,NaN
07:26:42,L232,82.62,4,"L232_3,L232_2,L232_1,L232_0",0.0,3,20.375,15.875,3,0,NaN
07:26:44,L232,82.62,4,"L232_3,L232_2,L232_1,L232_0",0.0,4,20.54,15.7575,4,0,NaN
07:26:46,L232,82.62,4,"L232_3,L232_2,L232_1,L232_0",0.0,3,15.829999999999998,14.7475,3,0,NaN
07:26:48,L232,82.62,4,"L232_3,L232_2,L232_1,L232_0",0.0,3,15.614999999999998,14.9075,3,0,NaN
07:26:50,L232,82.62,4,"L232_3,L232_2,L232_1,L232_0",0.4375,3,16.265,13.76,3,0,NaN
07:26:52,L232,82.62,4,"L232_3,L232_2,L232_1,L232_0",0.0,3,21.84,13.84,3,0,NaN
07:26:54,L232,82.62,4,"L232_3,L232_2,L232_1,L232_0",0.0,3,20.799999999999997,13.780000000000001,3,0,NaN
07:26:56,L232,82.62,4,"L232_3,L232_2,L232_1,L232_0",0.0,3,20.7125,13.045000000000002,3,0,NaN
07:26:58,L232,82.62,4,"L232_3,L232_2,L232_1,L232_0",0.0,3,19.0475,13.2,3,0,NaN
07:27:00,L232,82.62,4,"L232_3,L232_2,L232_1,L232_0",0.0,3,22.567499999999995,11.372499999999999,3,0,NaN
07:27:02,L232,82.62,4,"L232_3,L232_2,L232_1,L232_0",0.425,2,18.7825,10.0625,2,0,NaN
07:27:04,L232,82.62,4,"L232_3,L232_2,L232_1,L232_0",0.0,2,16.597499999999997,9.317499999999999,2,0,NaN
07:27:06,L232,82.62,4,"L232_3,L232_2,L232_1,L232_0",0.0,2,16.8625,8.975000000000001,2,0,NaN
07:27:08,L232,82.62,4,"L232_3,L232_2,L232_1,L232_0",0.54,2,16.1575,8.342500000000001,2,0,NaN
07:27:10,L232,82.62,4,"L232_3,L232_2,L232_1,L232_0",0.0,2,13.8625,8.987499999999999,2,0,NaN
07:27:12,L232,82.62,4,"L232_3,L232_2,L232_1,L232_0",0.5775,3,21.297500000000003,11.122499999999999,3,0,NaN
07:27:14,L232,82.62,4,"L232_3,L232_2,L232_1,L232_0",0.5775,3,19.98,11.82,3,0,NaN
07:27:16,L232,82.62,4,"L232_3,L232_2,L232_1,L232_0",1.085,2,15.6675,12.232499999999998,2,0,NaN
07:27:18,L232,82.62,4,"L232_3,L232_2,L232_1,L232_0",1.7325,3,17.9925,11.787500000000001,3,0,NaN
07:27:20,L232,82.62,4,"L232_3,L232_2,L232_1,L232_0",0.915,3,13.862499999999999,10.825,3,0,NaN
07:27:22,L232,82.62,4,"L232_3,L232_2,L232_1,L232_0",2.17,3,19.982499999999998,12.532499999999999,3,0,NaN
07:27:24,L232,82.62,4,"L232_3,L232_2,L232_1,L232_0",1.155,2,14.245000000000001,12.629999999999999,2,0,NaN
07:27:26,L232,82.62,4,"L232_3,L232_2,L232_1,L232_0",1.5924999999999998,4,19.037499999999998,14.367500000000001,4,0,NaN
07:27:28,L232,82.62,4,"L232_3,L232_2,L232_1,L232_0",0.0,2,15.955,10.552499999999998,2,0,NaN
07:27:30,L232,82.62,4,"L232_3,L232_2,L232_1,L232_0",0.0,3,23.724999999999998,9.7875,3,0,NaN
07:27:32,L232,82.62,4,"L232_3,L232_2,L232_1,L232_0",0.0,2,17.8,8.3725,2,0,NaN
07:27:34,L232,82.62,4,"L232_3,L232_2,L232_1,L232_0",0.0,2,20.6625,8.8975,2,0,NaN
07:27:36,L232,82.62,4,"L232_3,L232_2,L232_1,L232_0",0.0,2,21.81,8.68,2,0,NaN
07:27:38,L232,82.62,4,"L232_3,L232_2,L232_1,L232_0",0.43,2,21.209999999999997,9.860000000000001,2,0,NaN
07:27:40,L232,82.62,4,"L232_3,L232_2,L232_1,L232_0",0.0,2,16.64,10.8025,2,0,NaN
07:27:42,L232,82.62,4,"L232_3,L232_2,L232_1,L232_0",0.0,3,17.8075,10.342500000000001,3,0,NaN
07:27:44,L232,82.62,4,"L232_3,L232_2,L232_1,L232_0",0.0,3,22.787499999999998,11.8875,3,0,NaN
07:27:46,L232,82.62,4,"L232_3,L232_2,L232_1,L232_0",0.0,3,23.09,11.2525,3,0,NaN
07:27:48,L232,82.62,4,"L232_3,L232_2,L232_1,L232_0",0.0,3,20.462500000000002,11.0875,3,0,NaN
07:27:50,L232,82.62,4,"L232_3,L232_2,L232_1,L232_0",0.0,2,19.28,9.705,2,0,NaN
07:27:52,L232,82.62,4,"L232_3,L232_2,L232_1,L232_0",0.5775,3,20.59,11.4925,3,0,NaN
07:27:54,L232,82.62,4,"L232_3,L232_2,L232_1,L232_0",0.0,3,23.630000000000003,11.377500000000001,3,0,NaN
07:27:56,L232,82.62,4,"L232_3,L232_2,L232_1,L232_0",0.0,3,21.9375,12.595,3,0,NaN
07:27:58,L232,82.62,4,"L232_3,L232_2,L232_1,L232_0",0.5775,2,12.5175,12.582500000000001,2,0,NaN
07:28:00,L232,82.62,4,"L232_3,L232_2,L232_1,L232_0",1.155,3,15.259999999999998,13.982500000000002,3,0,NaN
07:28:02,L232,82.62,4,"L232_3,L232_2,L232_1,L232_0",4.34,3,12.5475,14.017499999999998,3,0,NaN
07:28:04,L232,82.62,4,"L232_3,L232_2,L232_1,L232_0",7.0,3,11.732500000000002,14.8275,3,0,NaN
07:28:06,L232,82.62,4,"L232_3,L232_2,L232_1,L232_0",7.555,4,9.862500000000002,16.7375,4,0,NaN
07:28:08,L232,82.62,4,"L232_3,L232_2,L232_1,L232_0",9.874999999999998,3,5.595,17.142500000000002,3,0,NaN
07:28:10,L232,82.62,4,"L232_3,L232_2,L232_1,L232_0",11.625,4,8.8325,19.642500000000002,4,0,NaN
07:28:12,L232,82.62,4,"L232_3,L232_2,L232_1,L232_0",11.612499999999999,4,9.3325,19.64,4,0,NaN
07:28:14,L232,82.62,4,"L232_3,L232_2,L232_1,L232_0",11.610000000000001,4,11.272499999999999,21.8675,4,0,NaN
07:28:16,L232,82.62,4,"L232_3,L232_2,L232_1,L232_0",13.372500000000002,5,10.485,21.5325,5,0,NaN
07:28:18,L232,82.62,4,"L232_3,L232_2,L232_1,L232_0",15.1225,4,7.08,22.3675,4,0,NaN
07:28:20,L232,82.62,4,"L232_3,L232_2,L232_1,L232_0",17.75,4,8.8525,23.485,4,0,NaN
07:28:22,L232,82.62,4,"L232_3,L232_2,L232_1,L232_0",18.605,5,9.6125,24.265,5,0,NaN
07:28:24,L232,82.62,4,"L232_3,L232_2,L232_1,L232_0",17.7275,5,10.2725,25.16,5,0,NaN
07:28:26,L232,82.62,4,"L232_3,L232_2,L232_1,L232_0",18.6025,6,12.9225,27.125,6,0,NaN
07:28:28,L232,82.62,4,"L232_3,L232_2,L232_1,L232_0",20.3725,6,12.325,28.0925,6,0,NaN
07:28:30,L232,82.62,4,"L232_3,L232_2,L232_1,L232_0",22.105,6,11.307500000000001,27.92,6,0,NaN
07:28:32,L232,82.62,4,"L232_3,L232_2,L232_1,L232_0",22.099999999999998,6,10.3425,29.637500000000003,6,0,NaN
07:28:34,L232,82.62,4,"L232_3,L232_2,L232_1,L232_0",23.847499999999997,6,9.2,29.8675,6,0,NaN
07:28:36,L232,82.62,4,"L232_3,L232_2,L232_1,L232_0",24.72,6,7.01,30.565,6,0,NaN
07:28:38,L232,82.62,4,"L232_3,L232_2,L232_1,L232_0",27.3625,6,6.514999999999999,31.905,6,0,NaN
07:28:40,L232,82.62,4,"L232_3,L232_2,L232_1,L232_0",29.1825,6,5.507499999999999,31.440000000000005,6,0,NaN
07:28:42,L232,82.62,4,"L232_3,L232_2,L232_1,L232_0",23.8925,6,8.46,29.472500000000004,6,0,NaN
07:28:44,L232,82.62,4,"L232_3,L232_2,L232_1,L232_0",19.9125,6,11.264999999999999,28.905,6,0,NaN
07:28:46,L232,82.62,4,"L232_3,L232_2,L232_1,L232_0",15.615,6,14.1075,26.9,6,0,NaN
07:28:48,L232,82.62,4,"L232_3,L232_2,L232_1,L232_0",5.3999999999999995,6,21.5475,27.735000000000003,6,0,NaN
07:28:50,L232,82.62,4,"L232_3,L232_2,L232_1,L232_0",2.8725,6,21.9825,25.7575,6,0,NaN
07:28:52,L232,82.62,4,"L232_3,L232_2,L232_1,L232_0",3.3525,5,20.1175,26.167500000000004,5,0,NaN
07:28:54,L232,82.62,4,"L232_3,L232_2,L232_1,L232_0",5.525,6,21.060000000000002,27.67,6,0,NaN
07:28:56,L232,82.62,4,"L232_3,L232_2,L232_1,L232_0",5.807499999999999,6,20.0575,26.7825,6,0,NaN
07:28:58,L232,82.62,4,"L232_3,L232_2,L232_1,L232_0",6.8375,6,19.909999999999997,26.6625,6,0,NaN
07:29:00,L232,82.62,4,"L232_3,L232_2,L232_1,L232_0",4.6525,5,17.2825,24.205000000000002,5,0,NaN
07:29:02,L232,82.62,4,"L232_3,L232_2,L232_1,L232_0",3.7775,5,19.439999999999998,22.6625,5,0,NaN
07:29:04,L232,82.62,4,"L232_3,L232_2,L232_1,L232_0",6.1075,5,20.9425,24.645000000000003,5,0,NaN
07:29:06,L232,82.62,4,"L232_3,L232_2,L232_1,L232_0",9.36,6,22.06,24.9175,6,0,NaN
07:29:08,L232,82.62,4,"L232_3,L232_2,L232_1,L232_0",6.48,5,17.552500000000002,23.1925,5,0,NaN
07:29:10,L232,82.62,4,"L232_3,L232_2,L232_1,L232_0",3.8325,5,18.1275,22.380000000000003,5,0,NaN
07:29:12,L232,82.62,4,"L232_3,L232_2,L232_1,L232_0",4.7575,4,11.0525,19.6875,4,0,NaN
07:29:14,L232,82.62,4,"L232_3,L232_2,L232_1,L232_0",8.665,4,12.66,20.82,4,0,NaN
07:29:16,L232,82.62,4,"L232_3,L232_2,L232_1,L232_0",8.23,4,9.879999999999999,19.6675,4,0,NaN
07:29:18,L232,82.62,4,"L232_3,L232_2,L232_1,L232_0",6.339999999999999,4,16.325,18.07,4,0,NaN
07:29:20,L232,82.62,4,"L232_3,L232_2,L232_1,L232_0",4.5,4,17.1625,17.84,4,0,NaN
07:29:22,L232,82.62,4,"L232_3,L232_2,L232_1,L232_0",0.5775,4,22.117499999999996,17.375000000000004,4,0,NaN
07:29:24,L232,82.62,4,"L232_3,L232_2,L232_1,L232_0",0.0,3,18.605,14.265,3,0,NaN
07:29:26,L232,82.62,4,"L232_3,L232_2,L232_1,L232_0",0.0,3,19.97,13.255,3,0,NaN
07:29:28,L232,82.62,4,"L232_3,L232_2,L232_1,L232_0",0.0,3,16.0475,10.202499999999999,3,0,NaN
07:29:30,L232,82.62,4,"L232_3,L232_2,L232_1,L232_0",0.0,2,10.422500000000001,8.287500000000001,2,0,NaN
07:29:32,L232,82.62,4,"L232_3,L232_2,L232_1,L232_0",0.0,3,12.174999999999999,8.34,3,0,NaN
07:29:34,L232,82.62,4,"L232_3,L232_2,L232_1,L232_0",0.0,2,12.690000000000001,6.922499999999999,2,0,NaN
07:29:36,L232,82.62,4,"L232_3,L232_2,L232_1,L232_0",0.0,2,15.287499999999998,7.3625,2,0,NaN
07:29:38,L232,82.62,4,"L232_3,L232_2,L232_1,L232_0",0.0,2,14.5125,6.992500000000001,2,0,NaN
07:29:40,L232,82.62,4,"L232_3,L232_2,L232_1,L232_0",0.0,2,16.515,6.155,2,0,NaN
07:29:42,L232,82.62,4,"L232_3,L232_2,L232_1,L232_0",0.0,2,15.624999999999998,7.2475,2,0,NaN
07:29:44,L232,82.62,4,"L232_3,L232_2,L232_1,L232_0",0.0,2,14.85,5.2925,2,0,NaN
07:29:46,L232,82.62,4,"L232_3,L232_2,L232_1,L232_0",0.0,2,14.64,6.44,2,0,NaN
07:29:48,L232,82.62,4,"L232_3,L232_2,L232_1,L232_0",0.0,1,12.955,6.1875,1,0,NaN
07:29:50,L232,82.62,4,"L232_3,L232_2,L232_1,L232_0",0.0,2,12.565,6.0175,2,0,NaN
07:29:52,L232,82.62,4,"L232_3,L232_2,L232_1,L232_0",0.0,1,10.782499999999999,4.9575,1,0,NaN
07:29:54,L232,82.62,4,"L232_3,L232_2,L232_1,L232_0",0.0,1,8.315,4.3575,1,0,NaN
07:29:56,L232,82.62,4,"L232_3,L232_2,L232_1,L232_0",0.0,1,7.7,4.07,1,0,NaN
07:29:58,L232,82.62,4,"L232_3,L232_2,L232_1,L232_0",0.0,2,11.19,4.9425,2,0,NaN
07:30:00,L232,82.62,4,"L232_3,L232_2,L232_1,L232_0",0.0,1,8.88,4.585,1,0,NaN
07:30:02,L232,82.62,4,"L232_3,L232_2,L232_1,L232_0",0.0,1,11.2875,5.3525,1,0,NaN
07:30:04,L232,82.62,4,"L232_3,L232_2,L232_1,L232_0",0.0,1,10.975,5.7425,1,0,NaN
07:30:06,L232,82.62,4,"L232_3,L232_2,L232_1,L232_0",0.0,2,13.32,5.33,2,0,NaN
07:30:08,L232,82.62,4,"L232_3,L232_2,L232_1,L232_0",0.0,2,11.97,5.145,2,0,NaN
07:30:10,L232,82.62,4,"L232_3,L232_2,L232_1,L232_0",0.0,1,9.26,5.995,1,0,NaN
07:30:12,L232,82.62,4,"L232_3,L232_2,L232_1,L232_0",0.0,2,12.7875,6.065,2,0,NaN
07:30:14,L232,82.62,4,"L232_3,L232_2,L232_1,L232_0",0.0,1,12.190000000000001,5.6674999999999995,1,0,NaN
07:30:16,L232,82.62,4,"L232_3,L232_2,L232_1,L232_0",0.0,2,15.3775,6.65,2,0,NaN
07:30:18,L232,82.62,4,"L232_3,L232_2,L232_1,L232_0",0.0,2,13.675,5.81,2,0,NaN
07:30:20,L232,82.62,4,"L232_3,L232_2,L232_1,L232_0",0.0,2,12.245000000000001,5.6825,2,0,NaN
07:30:22,L232,82.62,4,"L232_3,L232_2,L232_1,L232_0",0.0,2,9.3225,5.5175,2,0,NaN
07:30:24,L232,82.62,4,"L232_3,L232_2,L232_1,L232_0",0.0,2,11.105,6.5075,2,0,NaN
07:30:26,L232,82.62,4,"L232_3,L232_2,L232_1,L232_0",0.0,2,10.88,6.99,2,0,NaN
07:30:28,L232,82.62,4,"L232_3,L232_2,L232_1,L232_0",0.0,2,15.9425,8.765,2,0,NaN
07:30:30,L232,82.62,4,"L232_3,L232_2,L232_1,L232_0",0.5775,2,19.125,9.5825,2,0,NaN
07:30:32,L232,82.62,4,"L232_3,L232_2,L232_1,L232_0",0.5775,2,17.4675,10.315000000000001,2,0,NaN
07:30:34,L232,82.62,4,"L232_3,L232_2,L232_1,L232_0",1.155,3,22.720000000000002,12.1275,3,0,NaN
07:30:36,L232,82.62,4,"L232_3,L232_2,L232_1,L232_0",1.7325,3,16.9075,13.2575,3,0,NaN
07:30:38,L232,82.62,4,"L232_3,L232_2,L232_1,L232_0",4.065,3,18.095000000000002,14.405000000000001,3,0,NaN
07:30:40,L232,82.62,4,"L232_3,L232_2,L232_1,L232_0",6.0925,3,14.995,16.56,3,0,NaN
07:30:42,L232,82.62,4,"L232_3,L232_2,L232_1,L232_0",8.715,4,18.355,15.8,4,0,NaN
07:30:44,L232,82.62,4,"L232_3,L232_2,L232_1,L232_0",8.709999999999999,3,14.722500000000002,17.2525,3,0,NaN
07:30:46,L232,82.62,4,"L232_3,L232_2,L232_1,L232_0",10.4575,4,17.0425,18.387500000000003,4,0,NaN
07:30:48,L232,82.62,4,"L232_3,L232_2,L232_1,L232_0",10.455,4,14.174999999999999,20.317500000000003,4,0,NaN
07:30:50,L232,82.62,4,"L232_3,L232_2,L232_1,L232_0",12.2125,5,17.2,20.89,5,0,NaN
07:30:52,L232,82.62,4,"L232_3,L232_2,L232_1,L232_0",13.952499999999999,4,14.044999999999998,20.6,4,0,NaN
07:30:54,L232,82.62,4,"L232_3,L232_2,L232_1,L232_0",13.95,4,10.4475,20.017500000000002,4,0,NaN
07:30:56,L232,82.62,4,"L232_3,L232_2,L232_1,L232_0",14.837499999999999,4,9.3425,19.5725,4,0,NaN
07:30:58,L232,82.62,4,"L232_3,L232_2,L232_1,L232_0",17.515,4,7.92,22.119999999999997,4,0,NaN
07:31:00,L232,82.62,4,"L232_3,L232_2,L232_1,L232_0",19.21,4,6.0475,20.82,4,0,NaN
07:31:02,L232,82.62,4,"L232_3,L232_2,L232_1,L232_0",19.195,4,7.0375,21.98,4,0,NaN
07:31:04,L232,82.62,4,"L232_3,L232_2,L232_1,L232_0",19.192500000000003,4,5.279999999999999,22.5025,4,0,NaN
07:31:06,L232,82.62,4,"L232_3,L232_2,L232_1,L232_0",21.8425,4,4.0975,23.56,4,0,NaN
07:31:08,L232,82.62,4,"L232_3,L232_2,L232_1,L232_0",24.515,5,4.7575,24.845,5,0,NaN
07:31:10,L232,82.62,4,"L232_3,L232_2,L232_1,L232_0",25.040000000000003,5,6.6975,25.152499999999996,5,0,NaN
07:31:12,L232,82.62,4,"L232_3,L232_2,L232_1,L232_0",18.2125,4,9.860000000000001,22.9225,4,0,NaN
07:31:14,L232,82.62,4,"L232_3,L232_2,L232_1,L232_0",12.0475,4,10.745000000000001,23.765,4,0,NaN
07:31:16,L232,82.62,4,"L232_3,L232_2,L232_1,L232_0",5.2025,5,12.555,21.7925,5,0,NaN
07:31:18,L232,82.62,4,"L232_3,L232_2,L232_1,L232_0",2.31,4,13.2575,19.707500000000003,4,0,NaN
07:31:20,L232,82.62,4,"L232_3,L232_2,L232_1,L232_0",1.7325,4,7.51,19.4325,4,0,NaN
07:31:22,L232,82.62,4,"L232_3,L232_2,L232_1,L232_0",2.31,4,9.1325,17.655,4,0,NaN
07:31:24,L232,82.62,4,"L232_3,L232_2,L232_1,L232_0",1.7325,4,12.0075,16.17,4,0,NaN
07:31:26,L232,82.62,4,"L232_3,L232_2,L232_1,L232_0",0.0,3,15.57,14.215,3,0,NaN
07:31:28,L232,82.62,4,"L232_3,L232_2,L232_1,L232_0",0.0,3,19.7925,12.657499999999999,3,0,NaN
07:31:30,L232,82.62,4,"L232_3,L232_2,L232_1,L232_0",0.0,2,18.825,13.239999999999998,2,0,NaN
07:31:32,L232,82.62,4,"L232_3,L232_2,L232_1,L232_0",0.0,3,24.8825,12.1875,3,0,NaN
07:31:34,L232,82.62,4,"L232_3,L232_2,L232_1,L232_0",0.0,2,20.834999999999997,9.2775,2,0,NaN
07:31:36,L232,82.62,4,"L232_3,L232_2,L232_1,L232_0",0.0,2,12.99,7.7775,2,0,NaN
07:31:38,L232,82.62,4,"L232_3,L232_2,L232_1,L232_0",0.0,2,11.445000000000002,7.495,2,0,NaN
07:31:40,L232,82.62,4,"L232_3,L232_2,L232_1,L232_0",0.0,2,17.560000000000002,8.635,2,0,NaN
07:31:42,L232,82.62,4,"L232_3,L232_2,L232_1,L232_0",0.0,2,17.2025,10.2225,2,0,NaN
07:31:44,L232,82.62,4,"L232_3,L232_2,L232_1,L232_0",0.0,3,17.967499999999998,11.1725,3,0,NaN
07:31:46,L232,82.62,4,"L232_3,L232_2,L232_1,L232_0",0.0,2,16.3825,12.315000000000001,2,0,NaN
07:31:48,L232,82.62,4,"L232_3,L232_2,L232_1,L232_0",0.0,2,15.927499999999998,10.287500000000001,2,0,NaN
07:31:50,L232,82.62,4,"L232_3,L232_2,L232_1,L232_0",0.0,2,18.68,9.3075,2,0,NaN
07:31:52,L232,82.62,4,"L232_3,L232_2,L232_1,L232_0",0.4625,2,15.517499999999998,8.31,2,0,NaN
07:31:54,L232,82.62,4,"L232_3,L232_2,L232_1,L232_0",0.0,2,11.845000000000002,8.5775,2,0,NaN
07:31:56,L232,82.62,4,"L232_3,L232_2,L232_1,L232_0",0.5775,2,12.562500000000002,8.7625,2,0,NaN
07:31:58,L232,82.62,4,"L232_3,L232_2,L232_1,L232_0",0.0,2,13.31,7.945,2,0,NaN
07:32:00,L232,82.62,4,"L232_3,L232_2,L232_1,L232_0",0.4375,2,10.547500000000001,8.8525,2,0,NaN
07:32:02,L232,82.62,4,"L232_3,L232_2,L232_1,L232_0",1.0425,2,10.219999999999999,8.9775,2,0,NaN
07:32:04,L232,82.62,4,"L232_3,L232_2,L232_1,L232_0",0.0,2,10.925,8.8025,2,0,NaN
07:32:06,L232,82.62,4,"L232_3,L232_2,L232_1,L232_0",0.5775,2,9.7125,8.682500000000001,2,0,NaN
07:32:08,L232,82.62,4,"L232_3,L232_2,L232_1,L232_0",0.0,2,12.615,5.994999999999999,2,0,NaN
07:32:10,L232,82.62,4,"L232_3,L232_2,L232_1,L232_0",0.0,2,9.2025,5.5925,2,0,NaN
07:32:12,L232,82.62,4,"L232_3,L232_2,L232_1,L232_0",0.0,2,12.11,7.562500000000001,2,0,NaN
07:32:14,L232,82.62,4,"L232_3,L232_2,L232_1,L232_0",0.0,2,15.53,7.04,2,0,NaN
07:32:16,L232,82.62,4,"L232_3,L232_2,L232_1,L232_0",0.0,2,20.6325,8.34,2,0,NaN
07:32:18,L232,82.62,4,"L232_3,L232_2,L232_1,L232_0",0.0,2,25.5475,10.02,2,0,NaN
07:32:20,L232,82.62,4,"L232_3,L232_2,L232_1,L232_0",0.0,2,26.627500000000005,9.3925,2,0,NaN
07:32:22,L232,82.62,4,"L232_3,L232_2,L232_1,L232_0",0.0,2,22.655,7.6225000000000005,2,0,NaN
07:32:24,L232,82.62,4,"L232_3,L232_2,L232_1,L232_0",0.0,2,16.7975,6.0025,2,0,NaN
07:32:26,L232,82.62,4,"L232_3,L232_2,L232_1,L232_0",0.0,1,10.2725,5.165,1,0,NaN
07:32:28,L232,82.62,4,"L232_3,L232_2,L232_1,L232_0",0.0,1,10.485,5.357500000000001,1,0,NaN
07:32:30,L232,82.62,4,"L232_3,L232_2,L232_1,L232_0",0.0,2,12.6275,6.8175,2,0,NaN
07:32:32,L232,82.62,4,"L232_3,L232_2,L232_1,L232_0",0.0,2,12.907499999999999,5.6425,2,0,NaN
07:32:34,L232,82.62,4,"L232_3,L232_2,L232_1,L232_0",0.0,1,11.422500000000001,6.29,1,0,NaN
07:32:36,L232,82.62,4,"L232_3,L232_2,L232_1,L232_0",0.0,2,13.657499999999999,5.78,2,0,NaN
07:32:38,L232,82.62,4,"L232_3,L232_2,L232_1,L232_0",0.0,1,9.57,4.9425,1,0,NaN
07:32:40,L232,82.62,4,"L232_3,L232_2,L232_1,L232_0",0.0,2,12.78,6.0875,2,0,NaN
07:32:42,L232,82.62,4,"L232_3,L232_2,L232_1,L232_0",0.0,2,14.8925,5.5,2,0,NaN
07:32:44,L232,82.62,4,"L232_3,L232_2,L232_1,L232_0",0.0,2,14.309999999999999,5.005,2,0,NaN
07:32:46,L232,82.62,4,"L232_3,L232_2,L232_1,L232_0",0.0,1,11.0375,5.19,1,0,NaN
07:32:48,L232,82.62,4,"L232_3,L232_2,L232_1,L232_0",0.0,1,11.1875,5.5225,1,0,NaN
07:32:50,L232,82.62,4,"L232_3,L232_2,L232_1,L232_0",0.0,2,12.822500000000002,5.3575,2,0,NaN
07:32:52,L232,82.62,4,"L232_3,L232_2,L232_1,L232_0",0.0,2,10.387500000000001,5.1375,2,0,NaN
07:32:54,L232,82.62,4,"L232_3,L232_2,L232_1,L232_0",0.0,1,9.73,4.45,1,0,NaN
07:32:56,L232,82.62,4,"L232_3,L232_2,L232_1,L232_0",0.0,1,8.85,5.065,1,0,NaN
07:32:58,L232,82.62,4,"L232_3,L232_2,L232_1,L232_0",0.0,2,12.0225,4.72,2,0,NaN
07:33:00,L232,82.62,4,"L232_3,L232_2,L232_1,L232_0",0.0,1,10.325,4.805,1,0,NaN
07:33:02,L232,82.62,4,"L232_3,L232_2,L232_1,L232_0",0.0,2,12.419999999999998,5.29,2,0,NaN
07:33:04,L232,82.62,4,"L232_3,L232_2,L232_1,L232_0",0.0,1,10.5625,5.6225,1,0,NaN
07:33:06,L232,82.62,4,"L232_3,L232_2,L232_1,L232_0",0.0,1,10.175,5.2675,1,0,NaN
07:33:08,L232,82.62,4,"L232_3,L232_2,L232_1,L232_0",0.0,2,12.2,5.095,2,0,NaN
07:33:10,L232,82.62,4,"L232_3,L232_2,L232_1,L232_0",0.0,1,7.2575,5.5925,1,0,NaN
07:33:12,L232,82.62,4,"L232_3,L232_2,L232_1,L232_0",0.0,2,11.8925,4.245,2,0,NaN
07:33:14,L232,82.62,4,"L232_3,L232_2,L232_1,L232_0",0.0,2,11.850000000000001,5.0725,2,0,NaN
07:33:16,L232,82.62,4,"L232_3,L232_2,L232_1,L232_0",0.0,1,9.01,4.195,1,0,NaN
07:33:18,L232,82.62,4,"L232_3,L232_2,L232_1,L232_0",0.0,2,13.395,6.4925,2,0,NaN
07:33:20,L232,82.62,4,"L232_3,L232_2,L232_1,L232_0",0.0,2,14.014999999999999,6.7875,2,0,NaN
07:33:22,L232,82.62,4,"L232_3,L232_2,L232_1,L232_0",0.0,2,15.215,5.8925,2,0,NaN
07:33:24,L232,82.62,4,"L232_3,L232_2,L232_1,L232_0",0.0,2,13.99,7.6975,2,0,NaN
07:33:26,L232,82.62,4,"L232_3,L232_2,L232_1,L232_0",0.0,2,11.6825,7.985,2,0,NaN
07:33:28,L232,82.62,4,"L232_3,L232_2,L232_1,L232_0",0.0,2,12.41,8.9475,2,0,NaN
07:33:30,L232,82.62,4,"L232_3,L232_2,L232_1,L232_0",0.0,2,14.495000000000001,6.8725,2,0,NaN
07:33:32,L232,82.62,4,"L232_3,L232_2,L232_1,L232_0",0.0,1,8.2325,6.6475,1,0,NaN
07:33:34,L232,82.62,4,"L232_3,L232_2,L232_1,L232_0",0.0,2,10.447499999999998,7.985,2,0,NaN
07:33:36,L232,82.62,4,"L232_3,L232_2,L232_1,L232_0",1.155,2,11.442499999999999,8.795,2,0,NaN
07:33:38,L232,82.62,4,"L232_3,L232_2,L232_1,L232_0",2.31,3,14.084999999999999,10.657499999999999,3,0,NaN
07:33:40,L232,82.62,4,"L232_3,L232_2,L232_1,L232_0",4.06,2,12.8725,12.7075,2,0,NaN
07:33:42,L232,82.62,4,"L232_3,L232_2,L232_1,L232_0",5.2125,4,16.305,14.915000000000003,4,0,NaN
07:33:44,L232,82.62,4,"L232_3,L232_2,L232_1,L232_0",6.97,3,12.6425,14.68,3,0,NaN
07:33:46,L232,82.62,4,"L232_3,L232_2,L232_1,L232_0",5.2275,3,14.997499999999999,12.682500000000001,3,0,NaN
07:33:48,L232,82.62,4,"L232_3,L232_2,L232_1,L232_0",0.5775,3,18.84,10.807500000000001,3,0,NaN
07:33:50,L232,82.62,4,"L232_3,L232_2,L232_1,L232_0",0.5775,2,13.097499999999998,11.885000000000002,2,0,NaN
07:33:52,L232,82.62,4,"L232_3,L232_2,L232_1,L232_0",0.5775,3,18.0575,13.134999999999998,3,0,NaN
07:33:54,L232,82.62,4,"L232_3,L232_2,L232_1,L232_0",1.0975,2,16.275,13.52,2,0,NaN
07:33:56,L232,82.62,4,"L232_3,L232_2,L232_1,L232_0",1.155,3,16.1825,12.8525,3,0,NaN
07:33:58,L232,82.62,4,"L232_3,L232_2,L232_1,L232_0",1.7325,2,11.907499999999999,12.7575,2,0,NaN
07:34:00,L232,82.62,4,"L232_3,L232_2,L232_1,L232_0",0.5775,2,13.2425,11.470000000000002,2,0,NaN
07:34:02,L232,82.62,4,"L232_3,L232_2,L232_1,L232_0",0.0,2,11.78,10.670000000000002,2,0,NaN
07:34:04,L232,82.62,4,"L232_3,L232_2,L232_1,L232_0",0.4925,2,11.662500000000001,9.825,2,0,NaN
07:34:06,L232,82.62,4,"L232_3,L232_2,L232_1,L232_0",0.5775,2,11.134999999999998,9.93,2,0,NaN
07:34:08,L232,82.62,4,"L232_3,L232_2,L232_1,L232_0",0.0,2,13.642499999999998,10.6975,2,0,NaN
07:34:10,L232,82.62,4,"L232_3,L232_2,L232_1,L232_0",1.0575,2,15.677500000000002,10.855,2,0,NaN
07:34:12,L232,82.62,4,"L232_3,L232_2,L232_1,L232_0",0.5775,3,14.5175,10.61,3,0,NaN
07:34:14,L232,82.62,4,"L232_3,L232_2,L232_1,L232_0",1.0025,2,15.182500000000001,10.165,2,0,NaN
07:34:16,L232,82.62,4,"L232_3,L232_2,L232_1,L232_0",0.5775,3,17.965,9.837499999999999,3,0,NaN
07:34:18,L232,82.62,4,"L232_3,L232_2,L232_1,L232_0",0.0,2,15.620000000000001,9.965,2,0,NaN
07:34:20,L232,82.62,4,"L232_3,L232_2,L232_1,L232_0",0.46,2,16.915,11.0275,2,0,NaN
07:34:22,L232,82.62,4,"L232_3,L232_2,L232_1,L232_0",0.5775,3,19.467499999999998,11.34,3,0,NaN
07:34:24,L232,82.62,4,"L232_3,L232_2,L232_1,L232_0",0.0,3,23.325,8.7725,3,0,NaN
07:34:26,L232,82.62,4,"L232_3,L232_2,L232_1,L232_0",0.0,2,14.600000000000001,9.075,2,0,NaN
07:34:28,L232,82.62,4,"L232_3,L232_2,L232_1,L232_0",0.0,2,16.4575,8.7225,2,0,NaN
07:34:30,L232,82.62,4,"L232_3,L232_2,L232_1,L232_0",0.0,2,13.8475,7.9175,2,0,NaN
07:34:32,L232,82.62,4,"L232_3,L232_2,L232_1,L232_0",0.0,2,16.555,7.53,2,0,NaN
07:34:34,L232,82.62,4,"L232_3,L232_2,L232_1,L232_0",0.0,2,16.64,8.605,2,0,NaN
07:34:36,L232,82.62,4,"L232_3,L232_2,L232_1,L232_0",0.0,2,17.165,8.497499999999999,2,0,NaN
07:34:38,L232,82.62,4,"L232_3,L232_2,L232_1,L232_0",0.0,2,20.39,9.4275,2,0,NaN
07:34:40,L232,82.62,4,"L232_3,L232_2,L232_1,L232_0",0.0,2,18.552500000000002,9.087499999999999,2,0,NaN
07:34:42,L232,82.62,4,"L232_3,L232_2,L232_1,L232_0",0.0,2,23.07,9.6975,2,0,NaN
07:34:44,L232,82.62,4,"L232_3,L232_2,L232_1,L232_0",0.0,2,18.8425,9.265,2,0,NaN
07:34:46,L232,82.62,4,"L232_3,L232_2,L232_1,L232_0",0.0,2,19.755000000000003,8.1325,2,0,NaN
07:34:48,L232,82.62,4,"L232_3,L232_2,L232_1,L232_0",0.0,2,17.150000000000002,7.555000000000001,2,0,NaN
07:34:50,L232,82.62,4,"L232_3,L232_2,L232_1,L232_0",0.0,2,11.0475,6.885,2,0,NaN
07:34:52,L232,82.62,4,"L232_3,L232_2,L232_1,L232_0",0.0,2,14.195,6.6925,2,0,NaN
07:34:54,L232,82.62,4,"L232_3,L232_2,L232_1,L232_0",0.0,2,14.0425,7.145,2,0,NaN
07:34:56,L232,82.62,4,"L232_3,L232_2,L232_1,L232_0",0.0,2,13.905,5.6499999999999995,2,0,NaN
07:34:58,L232,82.62,4,"L232_3,L232_2,L232_1,L232_0",0.0,2,9.5125,6.56,2,0,NaN
07:35:00,L232,82.62,4,"L232_3,L232_2,L232_1,L232_0",0.0,2,10.167499999999999,6.02,2,0,NaN
07:35:02,L232,82.62,4,"L232_3,L232_2,L232_1,L232_0",0.0,1,10.06,6.8125,1,0,NaN
07:35:04,L232,82.62,4,"L232_3,L232_2,L232_1,L232_0",0.0,2,11.247499999999999,6.215,2,0,NaN
07:35:06,L232,82.62,4,"L232_3,L232_2,L232_1,L232_0",0.0,2,10.415,5.9025,2,0,NaN
07:35:08,L232,82.62,4,"L232_3,L232_2,L232_1,L232_0",0.0,1,8.1775,5.5925,1,0,NaN
07:35:10,L232,82.62,4,"L232_3,L232_2,L232_1,L232_0",0.0,2,9.799999999999999,5.6425,2,0,NaN
07:35:12,L232,82.62,4,"L232_3,L232_2,L232_1,L232_0",0.0,1,8.25,5.7675,1,0,NaN
07:35:14,L232,82.62,4,"L232_3,L232_2,L232_1,L232_0",0.0,2,16.1625,9.5125,2,0,NaN
07:35:16,L232,82.62,4,"L232_3,L232_2,L232_1,L232_0",0.0,2,16.5325,10.875,2,0,NaN
07:35:18,L232,82.62,4,"L232_3,L232_2,L232_1,L232_0",1.155,2,18.215,12.7725,2,0,NaN
07:35:20,L232,82.62,4,"L232_3,L232_2,L232_1,L232_0",2.905,3,17.155,14.177500000000002,3,0,NaN
07:35:22,L232,82.62,4,"L232_3,L232_2,L232_1,L232_0",3.785,3,13.48,13.89,3,0,NaN
07:35:24,L232,82.62,4,"L232_3,L232_2,L232_1,L232_0",5.8100000000000005,3,10.6375,14.01,3,0,NaN
07:35:26,L232,82.62,4,"L232_3,L232_2,L232_1,L232_0",6.960000000000001,3,7.2175,12.5825,3,0,NaN
07:35:28,L232,82.62,4,"L232_3,L232_2,L232_1,L232_0",6.960000000000001,3,6.845,14.282500000000002,3,0,NaN
07:35:30,L232,82.62,4,"L232_3,L232_2,L232_1,L232_0",7.5375000000000005,3,7.027500000000001,15.07,3,0,NaN
07:35:32,L232,82.62,4,"L232_3,L232_2,L232_1,L232_0",8.115,4,7.46,15.84,4,0,NaN
07:35:34,L232,82.62,4,"L232_3,L232_2,L232_1,L232_0",9.895,3,5.717499999999999,16.775,3,0,NaN
07:35:36,L232,82.62,4,"L232_3,L232_2,L232_1,L232_0",11.6275,3,5.7875,16.497500000000002,3,0,NaN
07:35:38,L232,82.62,4,"L232_3,L232_2,L232_1,L232_0",11.612499999999999,4,7.74,17.475,4,0,NaN
07:35:40,L232,82.62,4,"L232_3,L232_2,L232_1,L232_0",11.61,4,9.512500000000001,19.72,4,0,NaN
07:35:42,L232,82.62,4,"L232_3,L232_2,L232_1,L232_0",13.370000000000001,4,11.790000000000001,22.355000000000004,4,0,NaN
07:35:44,L232,82.62,4,"L232_3,L232_2,L232_1,L232_0",15.115,5,11.4775,23.3425,5,0,NaN
07:35:46,L232,82.62,4,"L232_3,L232_2,L232_1,L232_0",17.7375,4,7.4125,23.067500000000003,4,0,NaN
07:35:48,L232,82.62,4,"L232_3,L232_2,L232_1,L232_0",17.729999999999997,5,8.1225,23.635,5,0,NaN
07:35:50,L232,82.62,4,"L232_3,L232_2,L232_1,L232_0",16.8525,4,5.802499999999999,23.36,4,0,NaN
07:35:52,L232,82.62,4,"L232_3,L232_2,L232_1,L232_0",19.52,5,5.77,24.009999999999998,5,0,NaN
07:35:54,L232,82.62,4,"L232_3,L232_2,L232_1,L232_0",20.362499999999997,5,5.16,24.435000000000002,5,0,NaN
07:35:56,L232,82.62,4,"L232_3,L232_2,L232_1,L232_0",21.225,5,5.954999999999999,26.5625,5,0,NaN
07:35:58,L232,82.62,4,"L232_3,L232_2,L232_1,L232_0",22.097499999999997,6,8.695,28.5575,6,0,NaN
07:36:00,L232,82.62,4,"L232_3,L232_2,L232_1,L232_0",23.865,6,9.3375,28.6125,6,0,NaN
07:36:02,L232,82.62,4,"L232_3,L232_2,L232_1,L232_0",24.722499999999997,6,10.584999999999999,30.0825,6,0,NaN
07:36:04,L232,82.62,4,"L232_3,L232_2,L232_1,L232_0",26.4675,6,7.955,30.385,6,0,NaN
07:36:06,L232,82.62,4,"L232_3,L232_2,L232_1,L232_0",27.34,6,7.515,30.7575,6,0,NaN
07:36:08,L232,82.62,4,"L232_3,L232_2,L232_1,L232_0",27.3825,6,7.1725,31.310000000000002,6,0,NaN
07:36:10,L232,82.62,4,"L232_3,L232_2,L232_1,L232_0",28.122500000000002,6,6.41,29.052500000000002,6,0,NaN
07:36:12,L232,82.62,4,"L232_3,L232_2,L232_1,L232_0",21.525,6,8.4725,29.665000000000003,6,0,NaN
07:36:14,L232,82.62,4,"L232_3,L232_2,L232_1,L232_0",15.557500000000001,6,12.635,26.165,6,0,NaN
07:36:16,L232,82.62,4,"L232_3,L232_2,L232_1,L232_0",8.1975,6,15.342500000000001,24.450000000000003,6,0,NaN
07:36:18,L232,82.62,4,"L232_3,L232_2,L232_1,L232_0",2.31,4,11.842500000000001,22.65,4,0,NaN
07:36:20,L232,82.62,4,"L232_3,L232_2,L232_1,L232_0",0.0,5,16.622500000000002,22.285000000000004,5,0,NaN
07:36:22,L232,82.62,4,"L232_3,L232_2,L232_1,L232_0",0.0,4,17.54,20.880000000000003,4,0,NaN
07:36:24,L232,82.62,4,"L232_3,L232_2,L232_1,L232_0",0.0,4,20.697499999999998,22.245,4,0,NaN
07:36:26,L232,82.62,4,"L232_3,L232_2,L232_1,L232_0",2.765,4,19.95,23.585,4,0,NaN
07:36:28,L232,82.62,4,"L232_3,L232_2,L232_1,L232_0",1.7325,5,20.6975,23.4675,5,0,NaN
07:36:30,L232,82.62,4,"L232_3,L232_2,L232_1,L232_0",1.155,4,18.617500000000003,20.325000000000003,4,0,NaN
07:36:32,L232,82.62,4,"L232_3,L232_2,L232_1,L232_0",2.6975000000000002,4,15.61,20.535,4,0,NaN
07:36:34,L232,82.62,4,"L232_3,L232_2,L232_1,L232_0",2.31,4,17.310000000000002,19.5925,4,0,NaN
07:36:36,L232,82.62,4,"L232_3,L232_2,L232_1,L232_0",1.0325,4,21.995,18.73,4,0,NaN
07:36:38,L232,82.62,4,"L232_3,L232_2,L232_1,L232_0",0.0,4,20.595,16.775,4,0,NaN
07:36:40,L232,82.62,4,"L232_3,L232_2,L232_1,L232_0",1.155,4,16.7725,17.85,4,0,NaN
07:36:42,L232,82.62,4,"L232_3,L232_2,L232_1,L232_0",5.465000000000001,3,9.979999999999999,16.067500000000003,3,0,NaN
07:36:44,L232,82.62,4,"L232_3,L232_2,L232_1,L232_0",2.31,3,11.07,13.06,3,0,NaN
07:36:46,L232,82.62,4,"L232_3,L232_2,L232_1,L232_0",0.0,3,15.4025,12.93,3,0,NaN
07:36:48,L232,82.62,4,"L232_3,L232_2,L232_1,L232_0",0.5775,2,14.485000000000001,11.0825,2,0,NaN
07:36:50,L232,82.62,4,"L232_3,L232_2,L232_1,L232_0",0.0,3,19.117500000000003,10.657499999999999,3,0,NaN
07:36:52,L232,82.62,4,"L232_3,L232_2,L232_1,L232_0",0.0,3,22.517500000000005,9.2675,3,0,NaN
07:36:54,L232,82.62,4,"L232_3,L232_2,L232_1,L232_0",0.0,2,16.189999999999998,8.75,2,0,NaN
07:36:56,L232,82.62,4,"L232_3,L232_2,L232_1,L232_0",0.0,2,19.650000000000002,7.8425,2,0,NaN
07:36:58,L232,82.62,4,"L232_3,L232_2,L232_1,L232_0",0.0,2,14.7525,7.3225,2,0,NaN
07:37:00,L232,82.62,4,"L232_3,L232_2,L232_1,L232_0",0.0,2,16.03,5.5925,2,0,NaN
07:37:02,L232,82.62,4,"L232_3,L232_2,L232_1,L232_0",0.0,1,11.5075,4.265,1,0,NaN
07:37:04,L232,82.62,4,"L232_3,L232_2,L232_1,L232_0",0.0,1,11.84,3.495,1,0,NaN
07:37:06,L232,82.62,4,"L232_3,L232_2,L232_1,L232_0",0.0,1,11.76,4.3825,1,0,NaN
07:37:08,L232,82.62,4,"L232_3,L232_2,L232_1,L232_0",0.0,1,14.37,5.9675,1,0,NaN
07:37:10,L232,82.62,4,"L232_3,L232_2,L232_1,L232_0",0.0,2,20.0975,6.5,2,0,NaN
07:37:12,L232,82.62,4,"L232_3,L232_2,L232_1,L232_0",0.0,2,19.939999999999998,7.739999999999999,2,0,NaN
07:37:14,L232,82.62,4,"L232_3,L232_2,L232_1,L232_0",0.0,2,16.645,7.8675,2,0,NaN
07:37:16,L232,82.62,4,"L232_3,L232_2,L232_1,L232_0",0.0,2,11.8975,6.515,2,0,NaN
07:37:18,L232,82.62,4,"L232_3,L232_2,L232_1,L232_0",0.0,2,11.1375,5.6674999999999995,2,0,NaN
07:37:20,L232,82.62,4,"L232_3,L232_2,L232_1,L232_0",0.0,1,7.3975,4.4075,1,0,NaN
07:37:22,L232,82.62,4,"L232_3,L232_2,L232_1,L232_0",0.0,2,13.915000000000001,5.32,2,0,NaN
07:37:24,L232,82.62,4,"L232_3,L232_2,L232_1,L232_0",0.0,1,10.605,5.5525,1,0,NaN
07:37:26,L232,82.62,4,"L232_3,L232_2,L232_1,L232_0",0.0,1,9.78,5.5925,1,0,NaN
07:37:28,L232,82.62,4,"L232_3,L232_2,L232_1,L232_0",0.0,2,12.76,6.475,2,0,NaN
07:37:30,L232,82.62,4,"L232_3,L232_2,L232_1,L232_0",0.0,2,15.9375,6.455,2,0,NaN
07:37:32,L232,82.62,4,"L232_3,L232_2,L232_1,L232_0",0.0,2,14.6475,7.8149999999999995,2,0,NaN
07:37:34,L232,82.62,4,"L232_3,L232_2,L232_1,L232_0",0.0,2,19.3225,7.300000000000001,2,0,NaN
07:37:36,L232,82.62,4,"L232_3,L232_2,L232_1,L232_0",0.0,2,13.11,7.4624999999999995,2,0,NaN
07:37:38,L232,82.62,4,"L232_3,L232_2,L232_1,L232_0",0.0,2,14.445,6.702500000000001,2,0,NaN
07:37:40,L232,82.62,4,"L232_3,L232_2,L232_1,L232_0",0.06,2,12.065000000000001,5.6899999999999995,2,0,NaN
07:37:42,L232,82.62,4,"L232_3,L232_2,L232_1,L232_0",0.06,2,12.795,4.995,2,0,NaN
07:37:44,L232,82.62,4,"L232_3,L232_2,L232_1,L232_0",0.06,1,7.83,5.4624999999999995,1,0,NaN
07:37:46,L232,82.62,4,"L232_3,L232_2,L232_1,L232_0",0.06,2,9.0675,4.984999999999999,2,0,NaN
07:37:48,L232,82.62,4,"L232_3,L232_2,L232_1,L232_0",0.06,1,5.994999999999999,5.665,1,0,NaN
07:37:50,L232,82.62,4,"L232_3,L232_2,L232_1,L232_0",0.06,2,9.7675,5.2749999999999995,2,0,NaN
07:37:52,L232,82.62,4,"L232_3,L232_2,L232_1,L232_0",0.06,2,12.2775,7.1925,2,0,NaN
07:37:54,L232,82.62,4,"L232_3,L232_2,L232_1,L232_0",0.06,2,15.895,8.989999999999998,2,0,NaN
07:37:56,L232,82.62,4,"L232_3,L232_2,L232_1,L232_0",0.06,3,19.335,10.915,3,0,NaN
07:37:58,L232,82.62,4,"L232_3,L232_2,L232_1,L232_0",0.9199999999999999,3,15.209999999999999,12.7,3,0,NaN
07:38:00,L232,82.62,4,"L232_3,L232_2,L232_1,L232_0",2.275,3,16.642500000000002,13.620000000000001,3,0,NaN
07:38:02,L232,82.62,4,"L232_3,L232_2,L232_1,L232_0",1.1675,3,14.024999999999999,13.0675,3,0,NaN
07:38:04,L232,82.62,4,"L232_3,L232_2,L232_1,L232_0",1.5525,2,9.95,10.45,2,0,NaN
07:38:06,L232,82.62,4,"L232_3,L232_2,L232_1,L232_0",2.9625,2,11.842500000000001,10.692499999999999,2,0,NaN
07:38:08,L232,82.62,4,"L232_3,L232_2,L232_1,L232_0",2.92,3,15.52,9.717499999999998,3,0,NaN
07:38:10,L232,82.62,4,"L232_3,L232_2,L232_1,L232_0",1.155,2,12.469999999999999,7.8925,2,0,NaN
07:38:12,L232,82.62,4,"L232_3,L232_2,L232_1,L232_0",1.155,2,12.4825,8.795,2,0,NaN
07:38:14,L232,82.62,4,"L232_3,L232_2,L232_1,L232_0",1.155,2,14.8275,9.467500000000001,2,0,NaN
07:38:16,L232,82.62,4,"L232_3,L232_2,L232_1,L232_0",1.7325,2,11.77,11.182500000000001,2,0,NaN
07:38:18,L232,82.62,4,"L232_3,L232_2,L232_1,L232_0",0.5775,2,14.550000000000002,11.33,2,0,NaN
07:38:20,L232,82.62,4,"L232_3,L232_2,L232_1,L232_0",0.0,3,16.6975,11.042499999999999,3,0,NaN
07:38:22,L232,82.62,4,"L232_3,L232_2,L232_1,L232_0",0.4325,3,16.305,11.2575,3,0,NaN
07:38:24,L232,82.62,4,"L232_3,L232_2,L232_1,L232_0",0.0,3,18.442500000000003,12.2275,3,0,NaN
07:38:26,L232,82.62,4,"L232_3,L232_2,L232_1,L232_0",0.0,2,13.4475,10.665,2,0,NaN
07:38:28,L232,82.62,4,"L232_3,L232_2,L232_1,L232_0",0.5775,2,13.165,10.502500000000001,2,0,NaN
07:38:30,L232,82.62,4,"L232_3,L232_2,L232_1,L232_0",1.155,2,15.024999999999999,11.1275,2,0,NaN
07:38:32,L232,82.62,4,"L232_3,L232_2,L232_1,L232_0",0.0,2,15.402500000000002,11.752500000000001,2,0,NaN
07:38:34,L232,82.62,4,"L232_3,L232_2,L232_1,L232_0",0.0,3,17.12,10.415,3,0,NaN
07:38:36,L232,82.62,4,"L232_3,L232_2,L232_1,L232_0",1.155,2,12.014999999999999,10.555,2,0,NaN
07:38:38,L232,82.62,4,"L232_3,L232_2,L232_1,L232_0",0.0,2,13.317499999999999,10.607500000000002,2,0,NaN
07:38:40,L232,82.62,4,"L232_3,L232_2,L232_1,L232_0",0.0,2,9.6375,8.785,2,0,NaN
07:38:42,L232,82.62,4,"L232_3,L232_2,L232_1,L232_0",0.0,2,9.535,8.907499999999999,2,0,NaN
07:38:44,L232,82.62,4,"L232_3,L232_2,L232_1,L232_0",0.5775,2,9.695,8.445,2,0,NaN
07:38:46,L232,82.62,4,"L232_3,L232_2,L232_1,L232_0",0.0,2,11.582500000000001,8.002500000000001,2,0,NaN
07:38:48,L232,82.62,4,"L232_3,L232_2,L232_1,L232_0",0.0,2,12.09,8.855,2,0,NaN
07:38:50,L232,82.62,4,"L232_3,L232_2,L232_1,L232_0",0.0,2,14.919999999999998,9.785,2,0,NaN
07:38:52,L232,82.62,4,"L232_3,L232_2,L232_1,L232_0",0.0,2,18.619999999999997,11.2,2,0,NaN
07:38:54,L232,82.62,4,"L232_3,L232_2,L232_1,L232_0",1.155,3,21.672499999999996,12.645000000000003,3,0,NaN
07:38:56,L232,82.62,4,"L232_3,L232_2,L232_1,L232_0",1.155,2,16.4475,11.677500000000002,2,0,NaN
07:38:58,L232,82.62,4,"L232_3,L232_2,L232_1,L232_0",1.155,2,14.850000000000001,11.017500000000002,2,0,NaN
07:39:00,L232,82.62,4,"L232_3,L232_2,L232_1,L232_0",0.0,2,11.027499999999998,10.190000000000001,2,0,NaN
07:39:02,L232,82.62,4,"L232_3,L232_2,L232_1,L232_0",0.0,2,14.454999999999998,9.8575,2,0,NaN
07:39:04,L232,82.62,4,"L232_3,L232_2,L232_1,L232_0",2.04,2,13.757499999999999,10.157499999999999,2,0,NaN
07:39:06,L232,82.62,4,"L232_3,L232_2,L232_1,L232_0",0.5775,2,16.005,11.2975,2,0,NaN
07:39:08,L232,82.62,4,"L232_3,L232_2,L232_1,L232_0",0.0,2,15.945,11.452499999999999,2,0,NaN
07:39:10,L232,82.62,4,"L232_3,L232_2,L232_1,L232_0",0.0,2,14.785,10.4375,2,0,NaN
07:39:12,L232,82.62,4,"L232_3,L232_2,L232_1,L232_0",0.0,2,11.1725,9.4875,2,0,NaN
07:39:14,L232,82.62,4,"L232_3,L232_2,L232_1,L232_0",0.0,2,16.59,9.680000000000001,2,0,NaN
07:39:16,L232,82.62,4,"L232_3,L232_2,L232_1,L232_0",0.0,2,19.4175,8.02,2,0,NaN
07:39:18,L232,82.62,4,"L232_3,L232_2,L232_1,L232_0",0.0,2,14.755,7.6875,2,0,NaN
07:39:20,L232,82.62,4,"L232_3,L232_2,L232_1,L232_0",0.0,2,16.7225,5.3525,2,0,NaN
07:39:22,L232,82.62,4,"L232_3,L232_2,L232_1,L232_0",0.0,1,13.5075,4.8925,1,0,NaN
07:39:24,L232,82.62,4,"L232_3,L232_2,L232_1,L232_0",0.0,1,12.4275,5.88,1,0,NaN
07:39:26,L232,82.62,4,"L232_3,L232_2,L232_1,L232_0",0.0,2,22.479999999999997,7.34,2,0,NaN
07:39:28,L232,82.62,4,"L232_3,L232_2,L232_1,L232_0",0.0,2,18.4875,8.39,2,0,NaN
07:39:30,L232,82.62,4,"L232_3,L232_2,L232_1,L232_0",0.0,2,18.854999999999997,7.165,2,0,NaN
07:39:32,L232,82.62,4,"L232_3,L232_2,L232_1,L232_0",0.0,2,21.14,6.99,2,0,NaN
07:39:34,L232,82.62,4,"L232_3,L232_2,L232_1,L232_0",0.0,2,19.78,6.992500000000001,2,0,NaN
07:39:36,L232,82.62,4,"L232_3,L232_2,L232_1,L232_0",0.0,2,16.545,7.69,2,0,NaN
07:39:38,L232,82.62,4,"L232_3,L232_2,L232_1,L232_0",0.0,2,16.927500000000002,7.987500000000001,2,0,NaN
07:39:40,L232,82.62,4,"L232_3,L232_2,L232_1,L232_0",0.0,2,18.392500000000002,6.12,2,0,NaN
07:39:42,L232,82.62,4,"L232_3,L232_2,L232_1,L232_0",0.0,1,14.114999999999998,3.755,1,0,NaN
07:39:44,L232,82.62,4,"L232_3,L232_2,L232_1,L232_0",0.0,1,8.145,3.495,1,0,NaN
07:39:46,L232,82.62,4,"L232_3,L232_2,L232_1,L232_0",0.0,1,9.92,4.46,1,0,NaN
07:39:48,L232,82.62,4,"L232_3,L232_2,L232_1,L232_0",0.0,1,7.68,3.315,1,0,NaN
07:39:50,L232,82.62,4,"L232_3,L232_2,L232_1,L232_0",0.0,1,11.2175,4.665,1,0,NaN
07:39:52,L232,82.62,4,"L232_3,L232_2,L232_1,L232_0",0.0,1,14.71,4.82,1,0,NaN
07:39:54,L232,82.62,4,"L232_3,L232_2,L232_1,L232_0",0.0,1,14.1375,5.5925,1,0,NaN
07:39:56,L232,82.62,4,"L232_3,L232_2,L232_1,L232_0",0.0,2,21.674999999999997,7.9875,2,0,NaN
07:39:58,L232,82.62,4,"L232_3,L232_2,L232_1,L232_0",0.0,2,18.975,8.3875,2,0,NaN
07:40:00,L232,82.62,4,"L232_3,L232_2,L232_1,L232_0",0.0,2,18.794999999999998,7.9624999999999995,2,0,NaN
07:40:02,L232,82.62,4,"L232_3,L232_2,L232_1,L232_0",0.0,2,16.86,4.485,2,0,NaN
07:40:04,L232,82.62,4,"L232_3,L232_2,L232_1,L232_0",0.0,1,7.99,4.19,1,0,NaN
07:40:06,L232,82.62,4,"L232_3,L232_2,L232_1,L232_0",0.0,2,14.9625,6.6875,2,0,NaN
07:40:08,L232,82.62,4,"L232_3,L232_2,L232_1,L232_0",0.0,2,18.75,7.827500000000001,2,0,NaN
07:40:10,L232,82.62,4,"L232_3,L232_2,L232_1,L232_0",0.0,2,15.955,8.5125,2,0,NaN
07:40:12,L232,82.62,4,"L232_3,L232_2,L232_1,L232_0",0.0,2,17.52,7.9375,2,0,NaN
07:40:14,L232,82.62,4,"L232_3,L232_2,L232_1,L232_0",0.0,2,14.255,6.1025,2,0,NaN
07:40:16,L232,82.62,4,"L232_3,L232_2,L232_1,L232_0",0.0,2,12.727500000000001,7.0575,2,0,NaN
07:40:18,L232,82.62,4,"L232_3,L232_2,L232_1,L232_0",0.0,2,18.0,5.8925,2,0,NaN
07:40:20,L232,82.62,4,"L232_3,L232_2,L232_1,L232_0",0.0,2,14.32,6.99,2,0,NaN
07:40:22,L232,82.62,4,"L232_3,L232_2,L232_1,L232_0",0.0,2,14.52,6.8325,2,0,NaN
07:40:24,L232,82.62,4,"L232_3,L232_2,L232_1,L232_0",0.0,2,13.545000000000002,6.9425,2,0,NaN
07:40:26,L232,82.62,4,"L232_3,L232_2,L232_1,L232_0",0.0,2,13.785,6.625,2,0,NaN
07:40:28,L232,82.62,4,"L232_3,L232_2,L232_1,L232_0",0.0,1,9.19,5.485,1,0,NaN
07:40:30,L232,82.62,4,"L232_3,L232_2,L232_1,L232_0",0.0,2,11.3375,6.2075000000000005,2,0,NaN
07:40:32,L232,82.62,4,"L232_3,L232_2,L232_1,L232_0",0.0,1,9.5375,6.99,1,0,NaN
07:40:34,L232,82.62,4,"L232_3,L232_2,L232_1,L232_0",0.0,2,14.719999999999999,7.6875,2,0,NaN
07:40:36,L232,82.62,4,"L232_3,L232_2,L232_1,L232_0",0.0,2,14.9525,7.775,2,0,NaN
07:40:38,L232,82.62,4,"L232_3,L232_2,L232_1,L232_0",0.0,2,18.122500000000002,7.045000000000001,2,0,NaN
07:40:40,L232,82.62,4,"L232_3,L232_2,L232_1,L232_0",0.0,2,12.025,6.8774999999999995,2,0,NaN
07:40:42,L232,82.62,4,"L232_3,L232_2,L232_1,L232_0",0.0,2,14.650000000000002,7.8425,2,0,NaN
07:40:44,L232,82.62,4,"L232_3,L232_2,L232_1,L232_0",0.0,1,8.055,5.5925,1,0,NaN
07:40:46,L232,82.62,4,"L232_3,L232_2,L232_1,L232_0",0.0,1,7.925,6.07,1,0,NaN
07:40:48,L232,82.62,4,"L232_3,L232_2,L232_1,L232_0",0.0,1,8.895,5.4799999999999995,1,0,NaN
07:40:50,L232,82.62,4,"L232_3,L232_2,L232_1,L232_0",0.0,2,11.647499999999999,6.285,2,0,NaN
07:40:52,L232,82.62,4,"L232_3,L232_2,L232_1,L232_0",0.0,1,8.68,6.235,1,0,NaN
07:40:54,L232,82.62,4,"L232_3,L232_2,L232_1,L232_0",0.5775,2,12.865000000000002,7.545,2,0,NaN
07:40:56,L232,82.62,4,"L232_3,L232_2,L232_1,L232_0",0.5775,2,8.245,6.0175,2,0,NaN
07:40:58,L232,82.62,4,"L232_3,L232_2,L232_1,L232_0",0.0,2,9.705,7.54,2,0,NaN
07:41:00,L232,82.62,4,"L232_3,L232_2,L232_1,L232_0",0.0,2,13.4725,6.625,2,0,NaN
07:41:02,L232,82.62,4,"L232_3,L232_2,L232_1,L232_0",0.0,2,13.6825,5.835,2,0,NaN
07:41:04,L232,82.62,4,"L232_3,L232_2,L232_1,L232_0",0.0,1,10.965,5.0625,1,0,NaN
07:41:06,L232,82.62,4,"L232_3,L232_2,L232_1,L232_0",0.0,2,12.954999999999998,6.055000000000001,2,0,NaN
07:41:08,L232,82.62,4,"L232_3,L232_2,L232_1,L232_0",0.0,2,13.6925,7.7924999999999995,2,0,NaN
07:41:10,L232,82.62,4,"L232_3,L232_2,L232_1,L232_0",0.0,2,17.54,8.9925,2,0,NaN
07:41:12,L232,82.62,4,"L232_3,L232_2,L232_1,L232_0",0.0,2,16.634999999999998,8.3875,2,0,NaN
07:41:14,L232,82.62,4,"L232_3,L232_2,L232_1,L232_0",0.0,2,14.6725,7.945,2,0,NaN
07:41:16,L232,82.62,4,"L232_3,L232_2,L232_1,L232_0",0.0,2,15.11,8.235,2,0,NaN
07:41:18,L232,82.62,4,"L232_3,L232_2,L232_1,L232_0",0.0,2,9.34,6.327500000000001,2,0,NaN
07:41:20,L232,82.62,4,"L232_3,L232_2,L232_1,L232_0",0.0,2,12.614999999999998,6.615,2,0,NaN
07:41:22,L232,82.62,4,"L232_3,L232_2,L232_1,L232_0",0.0,2,12.365,7.33,2,0,NaN
07:41:24,L232,82.62,4,"L232_3,L232_2,L232_1,L232_0",0.0,2,14.2875,8.265,2,0,NaN
07:41:26,L232,82.62,4,"L232_3,L232_2,L232_1,L232_0",0.0,2,13.1,8.659999999999998,2,0,NaN
07:41:28,L232,82.62,4,"L232_3,L232_2,L232_1,L232_0",0.5775,2,14.39,10.649999999999999,2,0,NaN
07:41:30,L232,82.62,4,"L232_3,L232_2,L232_1,L232_0",0.0,2,16.525,9.3575,2,0,NaN
07:41:32,L232,82.62,4,"L232_3,L232_2,L232_1,L232_0",0.0,2,19.0425,9.1775,2,0,NaN
07:41:34,L232,82.62,4,"L232_3,L232_2,L232_1,L232_0",0.0,2,13.8075,8.545,2,0,NaN
07:41:36,L232,82.62,4,"L232_3,L232_2,L232_1,L232_0",0.0,2,12.322500000000002,6.7425,2,0,NaN
07:41:38,L232,82.62,4,"L232_3,L232_2,L232_1,L232_0",0.0,2,14.819999999999999,6.7,2,0,NaN
07:41:40,L232,82.62,4,"L232_3,L232_2,L232_1,L232_0",0.0,2,12.01,8.3875,2,0,NaN
07:41:42,L232,82.62,4,"L232_3,L232_2,L232_1,L232_0",0.0,2,14.695,6.365,2,0,NaN
07:41:44,L232,82.62,4,"L232_3,L232_2,L232_1,L232_0",0.0,2,13.1975,6.17,2,0,NaN
07:41:46,L232,82.62,4,"L232_3,L232_2,L232_1,L232_0",0.0,2,14.57,5.050000000000001,2,0,NaN
07:41:48,L232,82.62,4,"L232_3,L232_2,L232_1,L232_0",0.0,1,9.432500000000001,5.3375,1,0,NaN
07:41:50,L232,82.62,4,"L232_3,L232_2,L232_1,L232_0",0.0,2,16.7925,6.24,2,0,NaN
07:41:52,L232,82.62,4,"L232_3,L232_2,L232_1,L232_0",0.0,2,19.155,6.335,2,0,NaN
07:41:54,L232,82.62,4,"L232_3,L232_2,L232_1,L232_0",0.0,2,21.195,8.785,2,0,NaN
07:41:56,L232,82.62,4,"L232_3,L232_2,L232_1,L232_0",0.0,2,21.075,9.605,2,0,NaN
07:41:58,L232,82.62,4,"L232_3,L232_2,L232_1,L232_0",0.0,2,25.06,7.859999999999999,2,0,NaN
07:42:00,L232,82.62,4,"L232_3,L232_2,L232_1,L232_0",0.0,2,12.32,7.775,2,0,NaN
07:42:02,L232,82.62,4,"L232_3,L232_2,L232_1,L232_0",0.0,2,21.175,7.4725,2,0,NaN
07:42:04,L232,82.62,4,"L232_3,L232_2,L232_1,L232_0",0.0,2,19.42,6.5275,2,0,NaN
07:42:06,L232,82.62,4,"L232_3,L232_2,L232_1,L232_0",0.0,1,9.385,6.99,1,0,NaN
07:42:08,L232,82.62,4,"L232_3,L232_2,L232_1,L232_0",0.0,2,13.165000000000001,6.58,2,0,NaN
07:42:10,L232,82.62,4,"L232_3,L232_2,L232_1,L232_0",0.0,2,11.054999999999998,6.55,2,0,NaN
07:42:12,L232,82.62,4,"L232_3,L232_2,L232_1,L232_0",0.0,1,7.4425,5.98,1,0,NaN
07:42:14,L232,82.62,4,"L232_3,L232_2,L232_1,L232_0",0.0,1,9.38,6.8975,1,0,NaN
07:42:16,L232,82.62,4,"L232_3,L232_2,L232_1,L232_0",0.0,2,14.955,5.9375,2,0,NaN
07:42:18,L232,82.62,4,"L232_3,L232_2,L232_1,L232_0",0.0,2,15.104999999999999,6.1825,2,0,NaN
07:42:20,L232,82.62,4,"L232_3,L232_2,L232_1,L232_0",0.0,2,13.4025,7.540000000000001,2,0,NaN
07:42:22,L232,82.62,4,"L232_3,L232_2,L232_1,L232_0",0.0,2,15.225,8.3875,2,0,NaN
07:42:24,L232,82.62,4,"L232_3,L232_2,L232_1,L232_0",0.0,2,16.849999999999998,9.059999999999999,2,0,NaN
07:42:26,L232,82.62,4,"L232_3,L232_2,L232_1,L232_0",0.0,2,17.605,7.6875,2,0,NaN
07:42:28,L232,82.62,4,"L232_3,L232_2,L232_1,L232_0",0.0,2,20.482499999999998,8.1475,2,0,NaN
07:42:30,L232,82.62,4,"L232_3,L232_2,L232_1,L232_0",0.44,2,17.39,8.2225,2,0,NaN
07:42:32,L232,82.62,4,"L232_3,L232_2,L232_1,L232_0",0.5775,2,13.305,7.875,2,0,NaN
07:42:34,L232,82.62,4,"L232_3,L232_2,L232_1,L232_0",0.7225,2,9.33,7.8625,2,0,NaN
07:42:36,L232,82.62,4,"L232_3,L232_2,L232_1,L232_0",0.5775,2,10.435,8.56,2,0,NaN
07:42:38,L232,82.62,4,"L232_3,L232_2,L232_1,L232_0",0.0,2,13.7925,9.085,2,0,NaN
07:42:40,L232,82.62,4,"L232_3,L232_2,L232_1,L232_0",0.5775,2,16.29,9.2425,2,0,NaN
07:42:42,L232,82.62,4,"L232_3,L232_2,L232_1,L232_0",0.0,2,14.03,11.372499999999999,2,0,NaN
07:42:44,L232,82.62,4,"L232_3,L232_2,L232_1,L232_0",3.465,2,12.5425,13.280000000000001,2,0,NaN
07:42:46,L232,82.62,4,"L232_3,L232_2,L232_1,L232_0",5.305000000000001,3,12.809999999999999,14.560000000000002,3,0,NaN
07:42:48,L232,82.62,4,"L232_3,L232_2,L232_1,L232_0",6.985,4,21.925,16.6025,4,0,NaN
07:42:50,L232,82.62,4,"L232_3,L232_2,L232_1,L232_0",6.6675,3,17.81,14.3,3,0,NaN
07:42:52,L232,82.62,4,"L232_3,L232_2,L232_1,L232_0",0.5775,3,20.18,12.7075,3,0,NaN
07:42:54,L232,82.62,4,"L232_3,L232_2,L232_1,L232_0",1.155,3,13.489999999999998,13.3,3,0,NaN
07:42:56,L232,82.62,4,"L232_3,L232_2,L232_1,L232_0",5.325,3,11.575,13.459999999999999,3,0,NaN
07:42:58,L232,82.62,4,"L232_3,L232_2,L232_1,L232_0",7.9625,3,9.7525,14.535,3,0,NaN
07:43:00,L232,82.62,4,"L232_3,L232_2,L232_1,L232_0",8.7675,3,9.5025,16.23,3,0,NaN
07:43:02,L232,82.62,4,"L232_3,L232_2,L232_1,L232_0",10.465,4,8.995,18.1725,4,0,NaN
07:43:04,L232,82.62,4,"L232_3,L232_2,L232_1,L232_0",12.2175,4,9.952499999999999,18.435000000000002,4,0,NaN
07:43:06,L232,82.62,4,"L232_3,L232_2,L232_1,L232_0",13.9525,4,12.530000000000001,19.335,4,0,NaN
07:43:08,L232,82.62,4,"L232_3,L232_2,L232_1,L232_0",13.95,4,12.3025,20.365000000000002,4,0,NaN
07:43:10,L232,82.62,4,"L232_3,L232_2,L232_1,L232_0",15.7275,4,8.7075,20.269999999999996,4,0,NaN
07:43:12,L232,82.62,4,"L232_3,L232_2,L232_1,L232_0",17.4525,4,6.33,21.1625,4,0,NaN
07:43:14,L232,82.62,4,"L232_3,L232_2,L232_1,L232_0",19.197499999999998,4,9.3025,21.765,4,0,NaN
07:43:16,L232,82.62,4,"L232_3,L232_2,L232_1,L232_0",19.195,5,12.285000000000002,24.200000000000003,5,0,NaN
07:43:18,L232,82.62,4,"L232_3,L232_2,L232_1,L232_0",19.192500000000003,5,9.262500000000001,25.315,5,0,NaN
07:43:20,L232,82.62,4,"L232_3,L232_2,L232_1,L232_0",21.525000000000002,5,6.799999999999999,26.3275,5,0,NaN
07:43:22,L232,82.62,4,"L232_3,L232_2,L232_1,L232_0",24.747500000000002,5,5.0875,25.47,5,0,NaN
07:43:24,L232,82.62,4,"L232_3,L232_2,L232_1,L232_0",25.6,5,3.655,26.549999999999997,5,0,NaN
07:43:26,L232,82.62,4,"L232_3,L232_2,L232_1,L232_0",26.4775,6,4.1975,27.445,6,0,NaN
07:43:28,L232,82.62,4,"L232_3,L232_2,L232_1,L232_0",27.3425,5,3.3425000000000002,27.957499999999996,5,0,NaN
07:43:30,L232,82.62,4,"L232_3,L232_2,L232_1,L232_0",29.105,6,6.579999999999999,30.707500000000003,6,0,NaN
07:43:32,L232,82.62,4,"L232_3,L232_2,L232_1,L232_0",30.842499999999998,6,8.1175,31.6375,6,0,NaN
07:43:34,L232,82.62,4,"L232_3,L232_2,L232_1,L232_0",30.8375,6,8.18,31.8975,6,0,NaN
07:43:36,L232,82.62,4,"L232_3,L232_2,L232_1,L232_0",30.8375,7,8.3375,33.4975,7,0,NaN
07:43:38,L232,82.62,4,"L232_3,L232_2,L232_1,L232_0",30.8375,6,7.7175,33.365,6,0,NaN
07:43:40,L232,82.62,4,"L232_3,L232_2,L232_1,L232_0",33.459999999999994,6,5.28,34.1525,6,0,NaN
07:43:42,L232,82.62,4,"L232_3,L232_2,L232_1,L232_0",35.209999999999994,6,4.72,34.89,6,0,NaN
07:43:44,L232,82.62,4,"L232_3,L232_2,L232_1,L232_0",36.082499999999996,6,2.9849999999999994,35.724999999999994,6,0,NaN
07:43:46,L232,82.62,4,"L232_3,L232_2,L232_1,L232_0",38.775,7,2.445,36.6325,7,0,NaN
07:43:48,L232,82.62,4,"L232_3,L232_2,L232_1,L232_0",41.335,7,2.7399999999999998,37.745000000000005,7,0,NaN
07:43:50,L232,82.62,4,"L232_3,L232_2,L232_1,L232_0",41.325,8,4.6625,38.9225,8,0,NaN
07:43:52,L232,82.62,4,"L232_3,L232_2,L232_1,L232_0",41.325,8,6.47,39.7225,8,0,NaN
07:43:54,L232,82.62,4,"L232_3,L232_2,L232_1,L232_0",41.325,8,5.704999999999999,40.755,8,0,NaN
07:43:56,L232,82.62,4,"L232_3,L232_2,L232_1,L232_0",43.965,8,6.7924999999999995,42.839999999999996,8,0,NaN
07:43:58,L232,82.62,4,"L232_3,L232_2,L232_1,L232_0",46.572500000000005,8,5.655,44.1275,8,0,NaN
07:44:00,L232,82.62,4,"L232_3,L232_2,L232_1,L232_0",47.44500000000001,8,3.3275,45.6025,8,0,NaN
07:44:02,L232,82.62,4,"L232_3,L232_2,L232_1,L232_0",50.977500000000006,8,0.6000000000000001,46.092499999999994,8,1,NaN
07:44:04,L232,82.62,4,"L232_3,L232_2,L232_1,L232_0",60.565,8,0.0675,46.1325,8,1,NaN
07:44:06,L232,82.62,4,"L232_3,L232_2,L232_1,L232_0",60.5525,8,0.0075,46.1325,8,1,NaN
07:44:08,L232,82.62,4,"L232_3,L232_2,L232_1,L232_0",60.555,8,0.0,46.1325,8,1,NaN
07:44:10,L232,82.62,4,"L232_3,L232_2,L232_1,L232_0",60.67,8,0.12,46.1325,8,1,NaN
07:44:12,L232,82.62,4,"L232_3,L232_2,L232_1,L232_0",61.3825,8,0.72,45.775000000000006,8,1,NaN
07:44:14,L232,82.62,4,"L232_3,L232_2,L232_1,L232_0",51.85249999999999,8,2.0700000000000003,41.94,8,0,NaN
07:44:16,L232,82.62,4,"L232_3,L232_2,L232_1,L232_0",40.5775,8,5.1025,40.9575,8,0,NaN
07:44:18,L232,82.62,4,"L232_3,L232_2,L232_1,L232_0",29.222499999999997,7,6.4825,40.222500000000004,7,0,NaN
07:44:20,L232,82.62,4,"L232_3,L232_2,L232_1,L232_0",22.4275,7,7.9799999999999995,36.4,7,0,NaN
07:44:22,L232,82.62,4,"L232_3,L232_2,L232_1,L232_0",10.35,6,12.4325,34.0625,6,0,NaN
07:44:24,L232,82.62,4,"L232_3,L232_2,L232_1,L232_0",9.19,6,13.11,30.065,6,0,NaN
07:44:26,L232,82.62,4,"L232_3,L232_2,L232_1,L232_0",2.7800000000000002,5,15.967499999999998,24.9025,5,0,NaN
07:44:28,L232,82.62,4,"L232_3,L232_2,L232_1,L232_0",1.155,5,23.4125,23.55,5,0,NaN
07:44:30,L232,82.62,4,"L232_3,L232_2,L232_1,L232_0",1.7325,4,17.26,23.810000000000002,4,0,NaN
07:44:32,L232,82.62,4,"L232_3,L232_2,L232_1,L232_0",1.155,5,19.09,23.497500000000002,5,0,NaN
07:44:34,L232,82.62,4,"L232_3,L232_2,L232_1,L232_0",1.67,5,18.33,23.229999999999997,5,0,NaN
07:44:36,L232,82.62,4,"L232_3,L232_2,L232_1,L232_0",0.0,4,15.025,19.860000000000003,4,0,NaN
07:44:38,L232,82.62,4,"L232_3,L232_2,L232_1,L232_0",0.0,5,17.6475,20.2175,5,0,NaN
07:44:40,L232,82.62,4,"L232_3,L232_2,L232_1,L232_0",2.0825,4,13.7475,19.2625,4,0,NaN
07:44:42,L232,82.62,4,"L232_3,L232_2,L232_1,L232_0",0.0,3,12.989999999999998,15.860000000000001,3,0,NaN
07:44:44,L232,82.62,4,"L232_3,L232_2,L232_1,L232_0",0.0,4,15.365,14.96,4,0,NaN
07:44:46,L232,82.62,4,"L232_3,L232_2,L232_1,L232_0",0.0,2,12.317499999999999,13.575,2,0,NaN
07:44:48,L232,82.62,4,"L232_3,L232_2,L232_1,L232_0",0.0,3,20.437500000000004,13.16,3,0,NaN
07:44:50,L232,82.62,4,"L232_3,L232_2,L232_1,L232_0",0.0,3,28.247499999999995,12.34,3,0,NaN
07:44:52,L232,82.62,4,"L232_3,L232_2,L232_1,L232_0",0.0,2,22.132500000000004,11.5825,2,0,NaN
07:44:54,L232,82.62,4,"L232_3,L232_2,L232_1,L232_0",0.0,3,19.855,11.65,3,0,NaN
07:44:56,L232,82.62,4,"L232_3,L232_2,L232_1,L232_0",0.4475,3,16.7725,10.377500000000001,3,0,NaN
07:44:58,L232,82.62,4,"L232_3,L232_2,L232_1,L232_0",0.5775,2,6.665,10.057500000000001,2,0,NaN
07:45:00,L232,82.62,4,"L232_3,L232_2,L232_1,L232_0",0.5775,2,10.7975,9.592500000000001,2,0,NaN
07:45:02,L232,82.62,4,"L232_3,L232_2,L232_1,L232_0",0.0,2,14.725000000000001,7.222499999999999,2,0,NaN
07:45:04,L232,82.62,4,"L232_3,L232_2,L232_1,L232_0",0.5775,2,7.242500000000001,7.165,2,0,NaN
07:45:06,L232,82.62,4,"L232_3,L232_2,L232_1,L232_0",0.4625,2,12.795,8.485,2,0,NaN
07:45:08,L232,82.62,4,"L232_3,L232_2,L232_1,L232_0",0.5775,2,14.465,8.035,2,0,NaN
07:45:10,L232,82.62,4,"L232_3,L232_2,L232_1,L232_0",0.0,2,17.64,9.0725,2,0,NaN
07:45:12,L232,82.62,4,"L232_3,L232_2,L232_1,L232_0",1.0375,2,11.49,7.98,2,0,NaN
07:45:14,L232,82.62,4,"L232_3,L232_2,L232_1,L232_0",0.0,2,8.8625,8.2725,2,0,NaN
07:45:16,L232,82.62,4,"L232_3,L232_2,L232_1,L232_0",0.0,2,9.025,8.475,2,0,NaN
07:45:18,L232,82.62,4,"L232_3,L232_2,L232_1,L232_0",1.0,2,9.1825,8.135,2,0,NaN
07:45:20,L232,82.62,4,"L232_3,L232_2,L232_1,L232_0",0.5775,2,12.420000000000002,6.9875,2,0,NaN
07:45:22,L232,82.62,4,"L232_3,L232_2,L232_1,L232_0",0.5775,2,10.965,7.5825,2,0,NaN
07:45:24,L232,82.62,4,"L232_3,L232_2,L232_1,L232_0",0.0,2,12.58,5.8825,2,0,NaN
07:45:26,L232,82.62,4,"L232_3,L232_2,L232_1,L232_0",0.0,2,13.195,4.395,2,0,NaN
07:45:28,L232,82.62,4,"L232_3,L232_2,L232_1,L232_0",0.0,1,6.0825,3.815,1,0,NaN
07:45:30,L232,82.62,4,"L232_3,L232_2,L232_1,L232_0",0.0,2,10.845,4.845,2,0,NaN
07:45:32,L232,82.62,4,"L232_3,L232_2,L232_1,L232_0",0.0,2,12.195,5.56,2,0,NaN
07:45:34,L232,82.62,4,"L232_3,L232_2,L232_1,L232_0",0.0,1,11.2375,4.7675,1,0,NaN
07:45:36,L232,82.62,4,"L232_3,L232_2,L232_1,L232_0",0.0,2,14.115,5.5325,2,0,NaN
07:45:38,L232,82.62,4,"L232_3,L232_2,L232_1,L232_0",0.0,2,13.599999999999998,5.2275,2,0,NaN
07:45:40,L232,82.62,4,"L232_3,L232_2,L232_1,L232_0",0.0,2,13.337499999999999,4.695,2,0,NaN
07:45:42,L232,82.62,4,"L232_3,L232_2,L232_1,L232_0",0.0,1,6.2425,4.195,1,0,NaN
07:45:44,L232,82.62,4,"L232_3,L232_2,L232_1,L232_0",0.0,2,13.7075,6.15,2,0,NaN
07:45:46,L232,82.62,4,"L232_3,L232_2,L232_1,L232_0",0.0,2,13.067499999999999,5.255,2,0,NaN
07:45:48,L232,82.62,4,"L232_3,L232_2,L232_1,L232_0",0.0,2,12.15,6.827500000000001,2,0,NaN
07:45:50,L232,82.62,4,"L232_3,L232_2,L232_1,L232_0",0.0,2,9.1725,6.492500000000001,2,0,NaN
07:45:52,L232,82.62,4,"L232_3,L232_2,L232_1,L232_0",0.0,2,9.112499999999999,7.2425,2,0,NaN
07:45:54,L232,82.62,4,"L232_3,L232_2,L232_1,L232_0",0.0,2,7.9525,6.99,2,0,NaN
07:45:56,L232,82.62,4,"L232_3,L232_2,L232_1,L232_0",0.0,2,11.647499999999999,7.744999999999999,2,0,NaN
07:45:58,L232,82.62,4,"L232_3,L232_2,L232_1,L232_0",0.0,2,12.6175,6.915,2,0,NaN
07:46:00,L232,82.62,4,"L232_3,L232_2,L232_1,L232_0",0.0,2,13.760000000000002,6.555,2,0,NaN
07:46:02,L232,82.62,4,"L232_3,L232_2,L232_1,L232_0",0.0,2,14.754999999999999,9.785,2,0,NaN
07:46:04,L232,82.62,4,"L232_3,L232_2,L232_1,L232_0",0.5775,2,16.155,12.2525,2,0,NaN
07:46:06,L232,82.62,4,"L232_3,L232_2,L232_1,L232_0",2.06,3,15.387500000000001,12.8925,3,0,NaN
07:46:08,L232,82.62,4,"L232_3,L232_2,L232_1,L232_0",4.0775,3,14.057500000000001,13.762500000000001,3,0,NaN
07:46:10,L232,82.62,4,"L232_3,L232_2,L232_1,L232_0",6.4225,3,11.3375,13.4375,3,0,NaN
07:46:12,L232,82.62,4,"L232_3,L232_2,L232_1,L232_0",7.852500000000001,3,7.787499999999999,13.7725,3,0,NaN
07:46:14,L232,82.62,4,"L232_3,L232_2,L232_1,L232_0",8.715,3,7.790000000000001,13.8475,3,0,NaN
07:46:16,L232,82.62,4,"L232_3,L232_2,L232_1,L232_0",8.7075,3,8.684999999999999,15.377500000000001,3,0,NaN
07:46:18,L232,82.62,4,"L232_3,L232_2,L232_1,L232_0",8.7075,4,10.655000000000001,16.665,4,0,NaN
07:46:20,L232,82.62,4,"L232_3,L232_2,L232_1,L232_0",11.1475,4,11.9075,18.7125,4,0,NaN
07:46:22,L232,82.62,4,"L232_3,L232_2,L232_1,L232_0",12.6425,4,9.8675,17.5175,4,0,NaN
07:46:24,L232,82.62,4,"L232_3,L232_2,L232_1,L232_0",11.375,4,11.3175,16.915,4,0,NaN
07:46:26,L232,82.62,4,"L232_3,L232_2,L232_1,L232_0",4.7924999999999995,3,11.814999999999998,15.6825,3,0,NaN
07:46:28,L232,82.62,4,"L232_3,L232_2,L232_1,L232_0",0.5775,3,10.4425,16.692500000000003,3,0,NaN
07:46:30,L232,82.62,4,"L232_3,L232_2,L232_1,L232_0",0.5775,3,11.8975,14.889999999999999,3,0,NaN
07:46:32,L232,82.62,4,"L232_3,L232_2,L232_1,L232_0",0.0,3,12.904999999999998,12.8275,3,0,NaN
07:46:34,L232,82.62,4,"L232_3,L232_2,L232_1,L232_0",0.4625,2,8.0425,11.17,2,0,NaN
07:46:36,L232,82.62,4,"L232_3,L232_2,L232_1,L232_0",0.0,2,9.9375,8.705,2,0,NaN
07:46:38,L232,82.62,4,"L232_3,L232_2,L232_1,L232_0",0.0,2,10.934999999999999,8.004999999999999,2,0,NaN
07:46:40,L232,82.62,4,"L232_3,L232_2,L232_1,L232_0",0.0,2,8.23,6.8,2,0,NaN
07:46:42,L232,82.62,4,"L232_3,L232_2,L232_1,L232_0",0.5775,2,10.075000000000001,5.93,2,0,NaN
07:46:44,L232,82.62,4,"L232_3,L232_2,L232_1,L232_0",0.0,2,7.6775,8.0075,2,0,NaN
07:46:46,L232,82.62,4,"L232_3,L232_2,L232_1,L232_0",0.5775,2,12.29,8.6525,2,0,NaN
07:46:48,L232,82.62,4,"L232_3,L232_2,L232_1,L232_0",0.475,2,15.2775,8.2375,2,0,NaN
07:46:50,L232,82.62,4,"L232_3,L232_2,L232_1,L232_0",0.0,2,15.224999999999998,9.785,2,0,NaN
07:46:52,L232,82.62,4,"L232_3,L232_2,L232_1,L232_0",0.0,2,22.770000000000003,8.46,2,0,NaN
07:46:54,L232,82.62,4,"L232_3,L232_2,L232_1,L232_0",0.0,2,21.7125,8.7725,2,0,NaN
07:46:56,L232,82.62,4,"L232_3,L232_2,L232_1,L232_0",0.0,2,17.7925,7.114999999999999,2,0,NaN
07:46:58,L232,82.62,4,"L232_3,L232_2,L232_1,L232_0",0.0,2,14.067499999999999,6.7625,2,0,NaN
07:47:00,L232,82.62,4,"L232_3,L232_2,L232_1,L232_0",0.0,2,11.95,7.06,2,0,NaN
07:47:02,L232,82.62,4,"L232_3,L232_2,L232_1,L232_0",0.0,2,13.897499999999999,7.1274999999999995,2,0,NaN
07:47:04,L232,82.62,4,"L232_3,L232_2,L232_1,L232_0",0.0,2,17.2525,7.93,2,0,NaN
07:47:06,L232,82.62,4,"L232_3,L232_2,L232_1,L232_0",0.0,2,17.41,7.96,2,0,NaN
07:47:08,L232,82.62,4,"L232_3,L232_2,L232_1,L232_0",0.0,2,15.954999999999998,7.6825,2,0,NaN
07:47:10,L232,82.62,4,"L232_3,L232_2,L232_1,L232_0",0.0,2,19.4925,7.79,2,0,NaN
07:47:12,L232,82.62,4,"L232_3,L232_2,L232_1,L232_0",0.0,2,15.955,6.785,2,0,NaN
07:47:14,L232,82.62,4,"L232_3,L232_2,L232_1,L232_0",0.0,2,15.822499999999998,6.6975,2,0,NaN
07:47:16,L232,82.62,4,"L232_3,L232_2,L232_1,L232_0",0.0,2,13.829999999999998,4.475,2,0,NaN
07:47:18,L232,82.62,4,"L232_3,L232_2,L232_1,L232_0",0.0,2,10.8,4.6925,2,0,NaN
07:47:20,L232,82.62,4,"L232_3,L232_2,L232_1,L232_0",0.0,1,8.64,4.8925,1,0,NaN
07:47:22,L232,82.62,4,"L232_3,L232_2,L232_1,L232_0",0.0,1,11.2875,5.655,1,0,NaN
07:47:24,L232,82.62,4,"L232_3,L232_2,L232_1,L232_0",0.0,1,10.4,5.4575,1,0,NaN
07:47:26,L232,82.62,4,"L232_3,L232_2,L232_1,L232_0",0.0,2,13.02,6.1475,2,0,NaN
07:47:28,L232,82.62,4,"L232_3,L232_2,L232_1,L232_0",0.0,1,8.370000000000001,5.6825,1,0,NaN
07:47:30,L232,82.62,4,"L232_3,L232_2,L232_1,L232_0",0.0,2,11.1025,7.4225,2,0,NaN
07:47:32,L232,82.62,4,"L232_3,L232_2,L232_1,L232_0",0.0,2,15.187499999999998,7.9125000000000005,2,0,NaN
07:47:34,L232,82.62,4,"L232_3,L232_2,L232_1,L232_0",0.0,2,14.580000000000002,9.787500000000001,2,0,NaN
07:47:36,L232,82.62,4,"L232_3,L232_2,L232_1,L232_0",0.0,2,18.099999999999998,9.580000000000002,2,0,NaN
07:47:38,L232,82.62,4,"L232_3,L232_2,L232_1,L232_0",0.0,2,15.7125,7.9375,2,0,NaN
07:47:40,L232,82.62,4,"L232_3,L232_2,L232_1,L232_0",0.0,2,13.2975,7.267499999999999,2,0,NaN
07:47:42,L232,82.62,4,"L232_3,L232_2,L232_1,L232_0",0.0,1,10.2975,6.565,1,0,NaN
07:47:44,L232,82.62,4,"L232_3,L232_2,L232_1,L232_0",0.0,2,12.209999999999999,7.092499999999999,2,0,NaN
07:47:46,L232,82.62,4,"L232_3,L232_2,L232_1,L232_0",0.5775,2,11.145,7.075,2,0,NaN
07:47:48,L232,82.62,4,"L232_3,L232_2,L232_1,L232_0",0.0,2,11.4825,6.95,2,0,NaN
07:47:50,L232,82.62,4,"L232_3,L232_2,L232_1,L232_0",0.0,2,10.515,6.99,2,0,NaN
07:47:52,L232,82.62,4,"L232_3,L232_2,L232_1,L232_0",1.075,2,7.745,8.355,2,0,NaN
07:47:54,L232,82.62,4,"L232_3,L232_2,L232_1,L232_0",1.57,2,9.475,9.455000000000002,2,0,NaN
07:47:56,L232,82.62,4,"L232_3,L232_2,L232_1,L232_0",1.7325,2,12.38,8.754999999999999,2,0,NaN
07:47:58,L232,82.62,4,"L232_3,L232_2,L232_1,L232_0",0.455,2,13.745,7.585,2,0,NaN
07:48:00,L232,82.62,4,"L232_3,L232_2,L232_1,L232_0",0.0,2,12.0575,7.2075,2,0,NaN
07:48:02,L232,82.62,4,"L232_3,L232_2,L232_1,L232_0",0.0,2,9.83,6.825,2,0,NaN
07:48:04,L232,82.62,4,"L232_3,L232_2,L232_1,L232_0",0.5775,2,9.139999999999999,6.695,2,0,NaN
07:48:06,L232,82.62,4,"L232_3,L232_2,L232_1,L232_0",0.0,2,15.675,7.7275,2,0,NaN
07:48:08,L232,82.62,4,"L232_3,L232_2,L232_1,L232_0",0.0,2,15.5,8.99,2,0,NaN
07:48:10,L232,82.62,4,"L232_3,L232_2,L232_1,L232_0",0.0,2,15.3925,9.3575,2,0,NaN
07:48:12,L232,82.62,4,"L232_3,L232_2,L232_1,L232_0",0.0,2,14.567499999999999,10.712499999999999,2,0,NaN
07:48:14,L232,82.62,4,"L232_3,L232_2,L232_1,L232_0",0.0,2,15.1325,10.4225,2,0,NaN
07:48:16,L232,82.62,4,"L232_3,L232_2,L232_1,L232_0",1.085,2,10.277500000000002,10.4825,2,0,NaN
07:48:18,L232,82.62,4,"L232_3,L232_2,L232_1,L232_0",0.0,3,17.85,12.335,3,0,NaN
07:48:20,L232,82.62,4,"L232_3,L232_2,L232_1,L232_0",0.0,3,24.172499999999996,11.314999999999998,3,0,NaN
07:48:22,L232,82.62,4,"L232_3,L232_2,L232_1,L232_0",0.445,2,17.2675,9.8325,2,0,NaN
07:48:24,L232,82.62,4,"L232_3,L232_2,L232_1,L232_0",0.5775,3,20.752499999999994,12.522499999999999,3,0,NaN
07:48:26,L232,82.62,4,"L232_3,L232_2,L232_1,L232_0",0.0,4,31.1225,13.677500000000002,4,0,NaN
07:48:28,L232,82.62,4,"L232_3,L232_2,L232_1,L232_0",0.0,3,23.690000000000005,14.395000000000003,3,0,NaN
07:48:30,L232,82.62,4,"L232_3,L232_2,L232_1,L232_0",0.5475,3,17.0875,15.1525,3,0,NaN
07:48:32,L232,82.62,4,"L232_3,L232_2,L232_1,L232_0",0.5775,3,15.375,12.76,3,0,NaN
07:48:34,L232,82.62,4,"L232_3,L232_2,L232_1,L232_0",0.5125,3,18.5275,11.827499999999999,3,0,NaN
07:48:36,L232,82.62,4,"L232_3,L232_2,L232_1,L232_0",0.0,3,18.674999999999997,11.684999999999999,3,0,NaN
07:48:38,L232,82.62,4,"L232_3,L232_2,L232_1,L232_0",0.0,3,25.09,13.8875,3,0,NaN
07:48:40,L232,82.62,4,"L232_3,L232_2,L232_1,L232_0",0.0,3,24.875,12.715,3,0,NaN
07:48:42,L232,82.62,4,"L232_3,L232_2,L232_1,L232_0",0.0,2,16.03,9.915,2,0,NaN
07:48:44,L232,82.62,4,"L232_3,L232_2,L232_1,L232_0",0.0,2,14.915000000000001,8.475,2,0,NaN
07:48:46,L232,82.62,4,"L232_3,L232_2,L232_1,L232_0",0.0,2,8.844999999999999,6.755000000000001,2,0,NaN
07:48:48,L232,82.62,4,"L232_3,L232_2,L232_1,L232_0",0.4375,2,17.065,8.8075,2,0,NaN
07:48:50,L232,82.62,4,"L232_3,L232_2,L232_1,L232_0",0.0,2,19.015,8.75,2,0,NaN
07:48:52,L232,82.62,4,"L232_3,L232_2,L232_1,L232_0",0.0,2,18.04,10.107500000000002,2,0,NaN
07:48:54,L232,82.62,4,"L232_3,L232_2,L232_1,L232_0",0.0,2,14.924999999999999,9.04,2,0,NaN
07:48:56,L232,82.62,4,"L232_3,L232_2,L232_1,L232_0",0.0,2,14.61,8.625,2,0,NaN
07:48:58,L232,82.62,4,"L232_3,L232_2,L232_1,L232_0",0.0,2,13.78,9.915000000000001,2,0,NaN
07:49:00,L232,82.62,4,"L232_3,L232_2,L232_1,L232_0",0.5775,2,14.035,10.83,2,0,NaN
07:49:02,L232,82.62,4,"L232_3,L232_2,L232_1,L232_0",0.0,3,19.6025,11.945,3,0,NaN
07:49:04,L232,82.62,4,"L232_3,L232_2,L232_1,L232_0",1.155,3,18.85,12.7075,3,0,NaN
07:49:06,L232,82.62,4,"L232_3,L232_2,L232_1,L232_0",1.055,3,18.3125,13.629999999999999,3,0,NaN
07:49:08,L232,82.62,4,"L232_3,L232_2,L232_1,L232_0",0.0,3,18.810000000000002,13.1125,3,0,NaN
07:49:10,L232,82.62,4,"L232_3,L232_2,L232_1,L232_0",0.5775,2,13.594999999999999,10.145,2,0,NaN
07:49:12,L232,82.62,4,"L232_3,L232_2,L232_1,L232_0",0.415,2,14.065000000000001,9.190000000000001,2,0,NaN
07:49:14,L232,82.62,4,"L232_3,L232_2,L232_1,L232_0",0.0,2,19.400000000000002,7.63,2,0,NaN
07:49:16,L232,82.62,4,"L232_3,L232_2,L232_1,L232_0",0.0,2,16.104999999999997,7.7325,2,0,NaN
07:49:18,L232,82.62,4,"L232_3,L232_2,L232_1,L232_0",0.0,2,16.514999999999997,8.2575,2,0,NaN
07:49:20,L232,82.62,4,"L232_3,L232_2,L232_1,L232_0",0.0,2,16.015,7.9625,2,0,NaN
07:49:22,L232,82.62,4,"L232_3,L232_2,L232_1,L232_0",0.0,1,10.239999999999998,5.342499999999999,1,0,NaN
07:49:24,L232,82.62,4,"L232_3,L232_2,L232_1,L232_0",0.0,2,14.8525,4.9575000000000005,2,0,NaN
07:49:26,L232,82.62,4,"L232_3,L232_2,L232_1,L232_0",0.0,2,13.7425,6.1275,2,0,NaN
07:49:28,L232,82.62,4,"L232_3,L232_2,L232_1,L232_0",0.0,1,10.1375,5.5925,1,0,NaN
07:49:30,L232,82.62,4,"L232_3,L232_2,L232_1,L232_0",0.0,2,10.577499999999999,6.0975,2,0,NaN
07:49:32,L232,82.62,4,"L232_3,L232_2,L232_1,L232_0",0.0,2,12.1775,6.02,2,0,NaN
07:49:34,L232,82.62,4,"L232_3,L232_2,L232_1,L232_0",0.0,2,13.0975,6.2875000000000005,2,0,NaN
07:49:36,L232,82.62,4,"L232_3,L232_2,L232_1,L232_0",0.0,2,11.235,5.9399999999999995,2,0,NaN
07:49:38,L232,82.62,4,"L232_3,L232_2,L232_1,L232_0",0.0,2,10.775,7.205,2,0,NaN
07:49:40,L232,82.62,4,"L232_3,L232_2,L232_1,L232_0",0.0,2,7.174999999999999,7.067500000000001,2,0,NaN
07:49:42,L232,82.62,4,"L232_3,L232_2,L232_1,L232_0",0.5775,2,8.737499999999999,7.725,2,0,NaN
07:49:44,L232,82.62,4,"L232_3,L232_2,L232_1,L232_0",0.0,2,10.104999999999999,7.135,2,0,NaN
07:49:46,L232,82.62,4,"L232_3,L232_2,L232_1,L232_0",1.155,2,7.6525,8.3875,2,0,NaN
07:49:48,L232,82.62,4,"L232_3,L232_2,L232_1,L232_0",2.03,2,10.5175,10.5725,2,0,NaN
07:49:50,L232,82.62,4,"L232_3,L232_2,L232_1,L232_0",4.0575,3,13.98,12.98,3,0,NaN
07:49:52,L232,82.62,4,"L232_3,L232_2,L232_1,L232_0",2.6525,3,13.1125,12.84,3,0,NaN
07:49:54,L232,82.62,4,"L232_3,L232_2,L232_1,L232_0",2.1625,2,13.422500000000001,12.065,2,0,NaN
07:49:56,L232,82.62,4,"L232_3,L232_2,L232_1,L232_0",0.0,3,11.207500000000001,11.112499999999999,3,0,NaN
07:49:58,L232,82.62,4,"L232_3,L232_2,L232_1,L232_0",1.155,3,13.125,11.059999999999999,3,0,NaN
07:50:00,L232,82.62,4,"L232_3,L232_2,L232_1,L232_0",0.0,2,13.1675,8.047500000000001,2,0,NaN
07:50:02,L232,82.62,4,"L232_3,L232_2,L232_1,L232_0",0.0,2,14.882499999999999,8.9225,2,0,NaN
07:50:04,L232,82.62,4,"L232_3,L232_2,L232_1,L232_0",0.0,2,19.145,8.965,2,0,NaN
07:50:06,L232,82.62,4,"L232_3,L232_2,L232_1,L232_0",0.0,2,18.819999999999997,9.425,2,0,NaN
07:50:08,L232,82.62,4,"L232_3,L232_2,L232_1,L232_0",0.0,2,15.927499999999998,8.82,2,0,NaN
07:50:10,L232,82.62,4,"L232_3,L232_2,L232_1,L232_0",0.0,2,18.33,9.5475,2,0,NaN
07:50:12,L232,82.62,4,"L232_3,L232_2,L232_1,L232_0",0.0,2,22.4975,7.452500000000001,2,0,NaN
07:50:14,L232,82.62,4,"L232_3,L232_2,L232_1,L232_0",0.0,2,19.009999999999998,6.9275,2,0,NaN
07:50:16,L232,82.62,4,"L232_3,L232_2,L232_1,L232_0",0.0,2,10.5,5.785,2,0,NaN
07:50:18,L232,82.62,4,"L232_3,L232_2,L232_1,L232_0",0.0,2,11.765,4.995,2,0,NaN
07:50:20,L232,82.62,4,"L232_3,L232_2,L232_1,L232_0",0.0,1,7.78,5.59,1,0,NaN
07:50:22,L232,82.62,4,"L232_3,L232_2,L232_1,L232_0",0.0,2,9.809999999999999,5.645,2,0,NaN
07:50:24,L232,82.62,4,"L232_3,L232_2,L232_1,L232_0",0.0,1,8.205,6.6175,1,0,NaN
07:50:26,L232,82.62,4,"L232_3,L232_2,L232_1,L232_0",0.0,2,13.197499999999998,6.29,2,0,NaN
07:50:28,L232,82.62,4,"L232_3,L232_2,L232_1,L232_0",0.0,2,14.65,6.3950000000000005,2,0,NaN
07:50:30,L232,82.62,4,"L232_3,L232_2,L232_1,L232_0",0.0,2,15.382500000000002,6.4325,2,0,NaN
07:50:32,L232,82.62,4,"L232_3,L232_2,L232_1,L232_0",0.0,2,20.22,5.7625,2,0,NaN
07:50:34,L232,82.62,4,"L232_3,L232_2,L232_1,L232_0",0.0,2,16.78,5.66,2,0,NaN
07:50:36,L232,82.62,4,"L232_3,L232_2,L232_1,L232_0",0.0,2,17.807499999999997,6.2925,2,0,NaN
07:50:38,L232,82.62,4,"L232_3,L232_2,L232_1,L232_0",0.0,2,17.175,6.117500000000001,2,0,NaN
07:50:40,L232,82.62,4,"L232_3,L232_2,L232_1,L232_0",0.0,2,16.1425,6.36,2,0,NaN
07:50:42,L232,82.62,4,"L232_3,L232_2,L232_1,L232_0",0.0,2,16.095,5.645,2,0,NaN
07:50:44,L232,82.62,4,"L232_3,L232_2,L232_1,L232_0",0.0,2,16.1325,6.42,2,0,NaN
07:50:46,L232,82.62,4,"L232_3,L232_2,L232_1,L232_0",0.0,2,20.59,8.555,2,0,NaN
07:50:48,L232,82.62,4,"L232_3,L232_2,L232_1,L232_0",0.0,2,21.18,8.53,2,0,NaN
07:50:50,L232,82.62,4,"L232_3,L232_2,L232_1,L232_0",0.0,2,21.11,8.135,2,0,NaN
07:50:52,L232,82.62,4,"L232_3,L232_2,L232_1,L232_0",0.0,2,21.884999999999998,7.435,2,0,NaN
07:50:54,L232,82.62,4,"L232_3,L232_2,L232_1,L232_0",0.0,2,17.71,5.8975,2,0,NaN
07:50:56,L232,82.62,4,"L232_3,L232_2,L232_1,L232_0",0.0,1,12.219999999999999,4.195,1,0,NaN
07:50:58,L232,82.62,4,"L232_3,L232_2,L232_1,L232_0",0.0,2,10.709999999999999,4.7275,2,0,NaN
07:51:00,L232,82.62,4,"L232_3,L232_2,L232_1,L232_0",0.0,1,10.16,4.297499999999999,1,0,NaN
07:51:02,L232,82.62,4,"L232_3,L232_2,L232_1,L232_0",0.0,2,11.837499999999999,5.905,2,0,NaN
07:51:04,L232,82.62,4,"L232_3,L232_2,L232_1,L232_0",0.0,2,13.605,6.2925,2,0,NaN
07:51:06,L232,82.62,4,"L232_3,L232_2,L232_1,L232_0",0.0,2,18.857499999999998,6.6025,2,0,NaN
07:51:08,L232,82.62,4,"L232_3,L232_2,L232_1,L232_0",0.0,2,17.3225,6.7299999999999995,2,0,NaN
07:51:10,L232,82.62,4,"L232_3,L232_2,L232_1,L232_0",0.0,2,23.145,6.45,2,0,NaN
07:51:12,L232,82.62,4,"L232_3,L232_2,L232_1,L232_0",0.0,2,19.915000000000003,6.29,2,0,NaN
07:51:14,L232,82.62,4,"L232_3,L232_2,L232_1,L232_0",0.0,1,15.1025,4.195,1,0,NaN
07:51:16,L232,82.62,4,"L232_3,L232_2,L232_1,L232_0",0.0,2,17.04,6.29,2,0,NaN
07:51:18,L232,82.62,4,"L232_3,L232_2,L232_1,L232_0",0.0,1,10.760000000000002,5.5925,1,0,NaN
07:51:20,L232,82.62,4,"L232_3,L232_2,L232_1,L232_0",0.0,2,16.732499999999998,5.83,2,0,NaN
07:51:22,L232,82.62,4,"L232_3,L232_2,L232_1,L232_0",0.0,2,16.872500000000002,6.1975,2,0,NaN
07:51:24,L232,82.62,4,"L232_3,L232_2,L232_1,L232_0",0.0,2,17.4025,5.827500000000001,2,0,NaN
07:51:26,L232,82.62,4,"L232_3,L232_2,L232_1,L232_0",0.0,2,12.9875,5.5375,2,0,NaN
07:51:28,L232,82.62,4,"L232_3,L232_2,L232_1,L232_0",0.0,1,9.094999999999999,4.8925,1,0,NaN
07:51:30,L232,82.62,4,"L232_3,L232_2,L232_1,L232_0",0.0,1,11.3125,5.0225,1,0,NaN
07:51:32,L232,82.62,4,"L232_3,L232_2,L232_1,L232_0",0.0,1,12.4875,5.085,1,0,NaN
07:51:34,L232,82.62,4,"L232_3,L232_2,L232_1,L232_0",0.0,1,13.285,5.5925,1,0,NaN
07:51:36,L232,82.62,4,"L232_3,L232_2,L232_1,L232_0",0.0,2,16.7225,5.6525,2,0,NaN
07:51:38,L232,82.62,4,"L232_3,L232_2,L232_1,L232_0",0.0,1,11.584999999999999,4.635,1,0,NaN
07:51:40,L232,82.62,4,"L232_3,L232_2,L232_1,L232_0",0.0,1,11.84,2.58,1,0,NaN
07:51:42,L232,82.62,4,"L232_3,L232_2,L232_1,L232_0",0.0,2,17.645,6.29,2,0,NaN
07:51:44,L232,82.62,4,"L232_3,L232_2,L232_1,L232_0",0.0,2,17.45,6.335,2,0,NaN
07:51:46,L232,82.62,4,"L232_3,L232_2,L232_1,L232_0",0.0,2,17.08,7.305,2,0,NaN
07:51:48,L232,82.62,4,"L232_3,L232_2,L232_1,L232_0",0.0,2,15.225000000000001,8.0425,2,0,NaN
07:51:50,L232,82.62,4,"L232_3,L232_2,L232_1,L232_0",0.0,2,11.2225,7.51,2,0,NaN
07:51:52,L232,82.62,4,"L232_3,L232_2,L232_1,L232_0",0.0,2,13.0975,8.657499999999999,2,0,NaN
07:51:54,L232,82.62,4,"L232_3,L232_2,L232_1,L232_0",0.0,3,26.0575,11.069999999999999,3,0,NaN
07:51:56,L232,82.62,4,"L232_3,L232_2,L232_1,L232_0",0.0,2,26.8875,11.095,2,0,NaN
07:51:58,L232,82.62,4,"L232_3,L232_2,L232_1,L232_0",0.0,3,24.0125,10.92,3,0,NaN
07:52:00,L232,82.62,4,"L232_3,L232_2,L232_1,L232_0",0.0,3,23.3525,10.41,3,0,NaN
07:52:02,L232,82.62,4,"L232_3,L232_2,L232_1,L232_0",0.5775,3,23.192500000000003,11.4325,3,0,NaN
07:52:04,L232,82.62,4,"L232_3,L232_2,L232_1,L232_0",0.4675,3,26.619999999999997,12.510000000000002,3,0,NaN
07:52:06,L232,82.62,4,"L232_3,L232_2,L232_1,L232_0",0.0,3,25.889999999999997,12.682500000000001,3,0,NaN
07:52:08,L232,82.62,4,"L232_3,L232_2,L232_1,L232_0",0.0,2,22.227500000000003,11.475,2,0,NaN
07:52:10,L232,82.62,4,"L232_3,L232_2,L232_1,L232_0",0.0,3,19.904999999999998,12.92,3,0,NaN
07:52:12,L232,82.62,4,"L232_3,L232_2,L232_1,L232_0",1.155,2,17.869999999999997,13.98,2,0,NaN
07:52:14,L232,82.62,4,"L232_3,L232_2,L232_1,L232_0",1.7325,3,15.11,13.595,3,0,NaN
07:52:16,L232,82.62,4,"L232_3,L232_2,L232_1,L232_0",5.29,3,11.28,15.2425,3,0,NaN
07:52:18,L232,82.62,4,"L232_3,L232_2,L232_1,L232_0",7.892500000000001,4,11.8675,18.415,4,0,NaN
07:52:20,L232,82.62,4,"L232_3,L232_2,L232_1,L232_0",9.29,4,9.867500000000001,18.79,4,0,NaN
07:52:22,L232,82.62,4,"L232_3,L232_2,L232_1,L232_0",10.745,4,8.182500000000001,19.5725,4,0,NaN
07:52:24,L232,82.62,4,"L232_3,L232_2,L232_1,L232_0",15.99,4,7.49,19.955000000000002,4,0,NaN
07:52:26,L232,82.62,4,"L232_3,L232_2,L232_1,L232_0",15.105,4,5.1674999999999995,19.065,4,0,NaN
07:52:28,L232,82.62,4,"L232_3,L232_2,L232_1,L232_0",15.105,4,8.025,20.46,4,0,NaN
07:52:30,L232,82.62,4,"L232_3,L232_2,L232_1,L232_0",15.105,4,6.517499999999999,21.299999999999997,4,0,NaN
07:52:32,L232,82.62,4,"L232_3,L232_2,L232_1,L232_0",17.775,4,5.5600000000000005,22.37,4,0,NaN
07:52:34,L232,82.62,4,"L232_3,L232_2,L232_1,L232_0",20.404999999999998,4,4.185,21.560000000000002,4,0,NaN
07:52:36,L232,82.62,4,"L232_3,L232_2,L232_1,L232_0",20.3625,5,5.855,23.7675,5,0,NaN
07:52:38,L232,82.62,4,"L232_3,L232_2,L232_1,L232_0",20.35,5,7.4375,26.155,5,0,NaN
07:52:40,L232,82.62,4,"L232_3,L232_2,L232_1,L232_0",22.1675,5,10.745000000000001,28.262500000000003,5,0,NaN
07:52:42,L232,82.62,4,"L232_3,L232_2,L232_1,L232_0",23.8475,6,11.607500000000002,29.875,6,0,NaN
07:52:44,L232,82.62,4,"L232_3,L232_2,L232_1,L232_0",24.7275,6,11.155000000000001,31.46,6,0,NaN
07:52:46,L232,82.62,4,"L232_3,L232_2,L232_1,L232_0",25.597499999999997,6,7.22,32.1525,6,0,NaN
07:52:48,L232,82.62,4,"L232_3,L232_2,L232_1,L232_0",33.46,6,5.790000000000001,31.3975,6,0,NaN
07:52:50,L232,82.62,4,"L232_3,L232_2,L232_1,L232_0",34.3325,6,6.880000000000001,32.855000000000004,6,0,NaN
07:52:52,L232,82.62,4,"L232_3,L232_2,L232_1,L232_0",34.3325,6,7.029999999999999,33.55,6,0,NaN
07:52:54,L232,82.62,4,"L232_3,L232_2,L232_1,L232_0",36.11,6,7.124999999999999,35.6275,6,0,NaN
07:52:56,L232,82.62,4,"L232_3,L232_2,L232_1,L232_0",34.3975,7,5.9825,36.3475,7,0,NaN
07:52:58,L232,82.62,4,"L232_3,L232_2,L232_1,L232_0",41.339999999999996,7,5.37,35.36,7,0,NaN
07:53:00,L232,82.62,4,"L232_3,L232_2,L232_1,L232_0",41.325,6,4.35,36.2125,6,0,NaN
07:53:02,L232,82.62,4,"L232_3,L232_2,L232_1,L232_0",41.322500000000005,7,3.63,37.152499999999996,7,0,NaN
07:53:04,L232,82.62,4,"L232_3,L232_2,L232_1,L232_0",43.08,8,3.4125000000000005,38.3425,8,0,NaN
07:53:06,L232,82.62,4,"L232_3,L232_2,L232_1,L232_0",45.7,7,2.8249999999999997,38.5625,7,0,NaN
07:53:08,L232,82.62,4,"L232_3,L232_2,L232_1,L232_0",46.567499999999995,7,2.615,39.142500000000005,7,0,NaN
07:53:10,L232,82.62,4,"L232_3,L232_2,L232_1,L232_0",46.567499999999995,8,5.26,41.735,8,0,NaN
07:53:12,L232,82.62,4,"L232_3,L232_2,L232_1,L232_0",47.44,8,4.55,41.9375,8,0,NaN
07:53:14,L232,82.62,4,"L232_3,L232_2,L232_1,L232_0",47.45,8,5.779999999999999,44.0125,8,0,NaN
07:53:16,L232,82.62,4,"L232_3,L232_2,L232_1,L232_0",50.0725,8,4.8999999999999995,43.55,8,0,NaN
07:53:18,L232,82.62,4,"L232_3,L232_2,L232_1,L232_0",51.815,8,1.55,42.9,8,1,NaN
07:53:20,L232,82.62,4,"L232_3,L232_2,L232_1,L232_0",52.685,8,0.6000000000000001,43.215,8,1,NaN
07:53:22,L232,82.62,4,"L232_3,L232_2,L232_1,L232_0",51.81,8,1.34,43.42,8,1,NaN
07:53:24,L232,82.62,4,"L232_3,L232_2,L232_1,L232_0",51.81,8,2.0925000000000002,44.432500000000005,8,0,NaN
07:53:26,L232,82.62,4,"L232_3,L232_2,L232_1,L232_0",51.81,9,2.2975000000000003,45.489999999999995,9,0,NaN
07:53:28,L232,82.62,4,"L232_3,L232_2,L232_1,L232_0",56.225,8,1.1700000000000002,46.13249999999999,8,1,NaN
07:53:30,L232,82.62,4,"L232_3,L232_2,L232_1,L232_0",57.959999999999994,9,2.7350000000000003,48.1525,9,0,NaN
07:53:32,L232,82.62,4,"L232_3,L232_2,L232_1,L232_0",58.135,9,6.669999999999999,50.324999999999996,9,0,NaN
07:53:34,L232,82.62,4,"L232_3,L232_2,L232_1,L232_0",53.3725,9,7.5825000000000005,45.7475,9,0,NaN
07:53:36,L232,82.62,4,"L232_3,L232_2,L232_1,L232_0",42.010000000000005,8,10.185000000000002,42.635000000000005,8,0,NaN
07:53:38,L232,82.62,4,"L232_3,L232_2,L232_1,L232_0",34.28999999999999,8,10.31,37.709999999999994,8,0,NaN
07:53:40,L232,82.62,4,"L232_3,L232_2,L232_1,L232_0",27.27,6,10.165,34.302499999999995,6,0,NaN
07:53:42,L232,82.62,4,"L232_3,L232_2,L232_1,L232_0",17.317500000000003,6,11.229999999999999,33.3825,6,0,NaN
07:53:44,L232,82.62,4,"L232_3,L232_2,L232_1,L232_0",8.105,6,13.102500000000001,31.0725,6,0,NaN
07:53:46,L232,82.62,4,"L232_3,L232_2,L232_1,L232_0",3.8525000000000005,6,15.657499999999999,30.22,6,0,NaN
07:53:48,L232,82.62,4,"L232_3,L232_2,L232_1,L232_0",1.155,6,16.0325,28.9775,6,0,NaN
07:53:50,L232,82.62,4,"L232_3,L232_2,L232_1,L232_0",2.2325,6,18.6025,26.869999999999997,6,0,NaN
07:53:52,L232,82.62,4,"L232_3,L232_2,L232_1,L232_0",0.5775,5,20.0175,23.1375,5,0,NaN
07:53:54,L232,82.62,4,"L232_3,L232_2,L232_1,L232_0",0.0,5,25.4475,23.68,5,0,NaN
07:53:56,L232,82.62,4,"L232_3,L232_2,L232_1,L232_0",1.155,5,25.665000000000003,24.497500000000002,5,0,NaN
07:53:58,L232,82.62,4,"L232_3,L232_2,L232_1,L232_0",0.4975,6,25.37,23.9025,6,0,NaN
07:54:00,L232,82.62,4,"L232_3,L232_2,L232_1,L232_0",0.0,4,18.044999999999998,21.67,4,0,NaN
07:54:02,L232,82.62,4,"L232_3,L232_2,L232_1,L232_0",0.0,5,22.92,22.8675,5,0,NaN
07:54:04,L232,82.62,4,"L232_3,L232_2,L232_1,L232_0",0.0,4,20.817499999999995,18.8075,4,0,NaN
07:54:06,L232,82.62,4,"L232_3,L232_2,L232_1,L232_0",0.0,4,20.669999999999998,16.74,4,0,NaN
07:54:08,L232,82.62,4,"L232_3,L232_2,L232_1,L232_0",0.0,3,16.0,13.9175,3,0,NaN
07:54:10,L232,82.62,4,"L232_3,L232_2,L232_1,L232_0",1.5025,3,13.969999999999999,13.445,3,0,NaN
07:54:12,L232,82.62,4,"L232_3,L232_2,L232_1,L232_0",1.1175000000000002,3,14.235000000000001,13.932500000000001,3,0,NaN
07:54:14,L232,82.62,4,"L232_3,L232_2,L232_1,L232_0",1.155,3,14.454999999999998,14.745000000000001,3,0,NaN
07:54:16,L232,82.62,4,"L232_3,L232_2,L232_1,L232_0",5.362500000000001,3,12.785,13.834999999999999,3,0,NaN
07:54:18,L232,82.62,4,"L232_3,L232_2,L232_1,L232_0",3.3200000000000003,2,14.01,10.502500000000001,2,0,NaN
07:54:20,L232,82.62,4,"L232_3,L232_2,L232_1,L232_0",0.4325,3,21.2425,12.86,3,0,NaN
07:54:22,L232,82.62,4,"L232_3,L232_2,L232_1,L232_0",0.44,3,19.404999999999998,13.115000000000002,3,0,NaN
07:54:24,L232,82.62,4,"L232_3,L232_2,L232_1,L232_0",0.5775,3,16.2225,13.7975,3,0,NaN
07:54:26,L232,82.62,4,"L232_3,L232_2,L232_1,L232_0",0.4675,3,14.1225,14.690000000000001,3,0,NaN
07:54:28,L232,82.62,4,"L232_3,L232_2,L232_1,L232_0",1.0350000000000001,3,13.6725,14.782499999999999,3,0,NaN
07:54:30,L232,82.62,4,"L232_3,L232_2,L232_1,L232_0",0.0,3,11.965,13.34,3,0,NaN
07:54:32,L232,82.62,4,"L232_3,L232_2,L232_1,L232_0",0.0,2,8.2225,13.157499999999999,2,0,NaN
07:54:34,L232,82.62,4,"L232_3,L232_2,L232_1,L232_0",4.8950000000000005,3,9.767500000000002,14.030000000000001,3,0,NaN
07:54:36,L232,82.62,4,"L232_3,L232_2,L232_1,L232_0",1.155,3,11.6975,11.0775,3,0,NaN
07:54:38,L232,82.62,4,"L232_3,L232_2,L232_1,L232_0",0.5775,3,15.052499999999998,10.945,3,0,NaN
07:54:40,L232,82.62,4,"L232_3,L232_2,L232_1,L232_0",1.6275,3,19.3025,12.2425,3,0,NaN
07:54:42,L232,82.62,4,"L232_3,L232_2,L232_1,L232_0",0.5775,3,21.532500000000002,12.025000000000002,3,0,NaN
07:54:44,L232,82.62,4,"L232_3,L232_2,L232_1,L232_0",0.0,2,19.8625,11.955000000000002,2,0,NaN
07:54:46,L232,82.62,4,"L232_3,L232_2,L232_1,L232_0",0.0,2,15.93,12.285,2,0,NaN
07:54:48,L232,82.62,4,"L232_3,L232_2,L232_1,L232_0",0.0,3,24.877499999999998,12.3225,3,0,NaN
07:54:50,L232,82.62,4,"L232_3,L232_2,L232_1,L232_0",0.0,3,21.354999999999997,9.995000000000001,3,0,NaN
07:54:52,L232,82.62,4,"L232_3,L232_2,L232_1,L232_0",0.9975,2,14.145,10.065000000000001,2,0,NaN
07:54:54,L232,82.62,4,"L232_3,L232_2,L232_1,L232_0",0.0,2,14.467500000000001,10.4125,2,0,NaN
07:54:56,L232,82.62,4,"L232_3,L232_2,L232_1,L232_0",0.0,2,20.334999999999997,11.1825,2,0,NaN
07:54:58,L232,82.62,4,"L232_3,L232_2,L232_1,L232_0",0.0,2,20.2475,10.32,2,0,NaN
07:55:00,L232,82.62,4,"L232_3,L232_2,L232_1,L232_0",0.0,2,24.089999999999996,10.63,2,0,NaN
07:55:02,L232,82.62,4,"L232_3,L232_2,L232_1,L232_0",0.0,2,18.0825,8.87,2,0,NaN
07:55:04,L232,82.62,4,"L232_3,L232_2,L232_1,L232_0",0.0,2,14.42,8.3875,2,0,NaN
07:55:06,L232,82.62,4,"L232_3,L232_2,L232_1,L232_0",0.0,2,13.3525,8.809999999999999,2,0,NaN
07:55:08,L232,82.62,4,"L232_3,L232_2,L232_1,L232_0",1.055,2,11.5975,9.1725,2,0,NaN
07:55:10,L232,82.62,4,"L232_3,L232_2,L232_1,L232_0",0.5775,2,10.415,9.399999999999999,2,0,NaN
07:55:12,L232,82.62,4,"L232_3,L232_2,L232_1,L232_0",1.5950000000000002,2,11.9175,9.7075,2,0,NaN
07:55:14,L232,82.62,4,"L232_3,L232_2,L232_1,L232_0",0.0,2,14.5275,7.705,2,0,NaN
07:55:16,L232,82.62,4,"L232_3,L232_2,L232_1,L232_0",0.0,2,16.9675,6.4,2,0,NaN
07:55:18,L232,82.62,4,"L232_3,L232_2,L232_1,L232_0",0.5775,2,13.85,6.800000000000001,2,0,NaN
07:55:20,L232,82.62,4,"L232_3,L232_2,L232_1,L232_0",0.0,2,15.43,7.485,2,0,NaN
07:55:22,L232,82.62,4,"L232_3,L232_2,L232_1,L232_0",0.0,2,14.2575,8.2025,2,0,NaN
07:55:24,L232,82.62,4,"L232_3,L232_2,L232_1,L232_0",0.43,2,13.522499999999997,8.7925,2,0,NaN
07:55:26,L232,82.62,4,"L232_3,L232_2,L232_1,L232_0",0.0,2,13.245000000000001,8.9875,2,0,NaN
07:55:28,L232,82.62,4,"L232_3,L232_2,L232_1,L232_0",0.0,2,16.18,5.77,2,0,NaN
07:55:30,L232,82.62,4,"L232_3,L232_2,L232_1,L232_0",0.0,2,11.785,5.7475000000000005,2,0,NaN
07:55:32,L232,82.62,4,"L232_3,L232_2,L232_1,L232_0",0.0,2,9.682500000000001,5.7825,2,0,NaN
07:55:34,L232,82.62,4,"L232_3,L232_2,L232_1,L232_0",0.48,2,9.4175,6.8725,2,0,NaN
07:55:36,L232,82.62,4,"L232_3,L232_2,L232_1,L232_0",0.0,2,13.065000000000001,7.4025,2,0,NaN
07:55:38,L232,82.62,4,"L232_3,L232_2,L232_1,L232_0",0.5775,2,13.089999999999998,8.185,2,0,NaN
07:55:40,L232,82.62,4,"L232_3,L232_2,L232_1,L232_0",0.0,2,13.7275,8.8725,2,0,NaN
07:55:42,L232,82.62,4,"L232_3,L232_2,L232_1,L232_0",0.0,2,15.855,9.462499999999999,2,0,NaN
07:55:44,L232,82.62,4,"L232_3,L232_2,L232_1,L232_0",0.5775,2,13.6975,11.325,2,0,NaN
07:55:46,L232,82.62,4,"L232_3,L232_2,L232_1,L232_0",0.5775,2,15.08,11.184999999999999,2,0,NaN
07:55:48,L232,82.62,4,"L232_3,L232_2,L232_1,L232_0",0.0,2,13.2125,9.54,2,0,NaN
07:55:50,L232,82.62,4,"L232_3,L232_2,L232_1,L232_0",0.5775,2,14.9725,8.675,2,0,NaN
07:55:52,L232,82.62,4,"L232_3,L232_2,L232_1,L232_0",0.5775,2,12.385,7.42,2,0,NaN
07:55:54,L232,82.62,4,"L232_3,L232_2,L232_1,L232_0",0.0,2,9.962499999999999,7.6175,2,0,NaN
07:55:56,L232,82.62,4,"L232_3,L232_2,L232_1,L232_0",0.44,2,9.100000000000001,8.129999999999999,2,0,NaN
07:55:58,L232,82.62,4,"L232_3,L232_2,L232_1,L232_0",0.0,2,8.505,7.6525,2,0,NaN
07:56:00,L232,82.62,4,"L232_3,L232_2,L232_1,L232_0",0.0,2,7.199999999999999,7.595000000000001,2,0,NaN
07:56:02,L232,82.62,4,"L232_3,L232_2,L232_1,L232_0",0.5775,2,10.4,8.3625,2,0,NaN
07:56:04,L232,82.62,4,"L232_3,L232_2,L232_1,L232_0",0.0,2,12.575000000000001,8.4475,2,0,NaN
07:56:06,L232,82.62,4,"L232_3,L232_2,L232_1,L232_0",0.56,2,13.0725,8.695,2,0,NaN
07:56:08,L232,82.62,4,"L232_3,L232_2,L232_1,L232_0",1.155,2,13.1675,9.754999999999999,2,0,NaN
07:56:10,L232,82.62,4,"L232_3,L232_2,L232_1,L232_0",0.4275,2,14.195,10.485,2,0,NaN
07:56:12,L232,82.62,4,"L232_3,L232_2,L232_1,L232_0",0.5775,2,13.365000000000002,10.3125,2,0,NaN
07:56:14,L232,82.62,4,"L232_3,L232_2,L232_1,L232_0",0.5775,2,13.5,9.45,2,0,NaN
07:56:16,L232,82.62,4,"L232_3,L232_2,L232_1,L232_0",0.0,2,12.732499999999998,7.1899999999999995,2,0,NaN
07:56:18,L232,82.62,4,"L232_3,L232_2,L232_1,L232_0",0.0,2,8.95,7.4775,2,0,NaN
07:56:20,L232,82.62,4,"L232_3,L232_2,L232_1,L232_0",0.5775,2,13.3125,8.1025,2,0,NaN
07:56:22,L232,82.62,4,"L232_3,L232_2,L232_1,L232_0",0.0,2,13.947499999999998,6.4350000000000005,2,0,NaN
07:56:24,L232,82.62,4,"L232_3,L232_2,L232_1,L232_0",0.0,2,12.1125,7.34,2,0,NaN
07:56:26,L232,82.62,4,"L232_3,L232_2,L232_1,L232_0",0.0,2,10.1125,6.2825,2,0,NaN
07:56:28,L232,82.62,4,"L232_3,L232_2,L232_1,L232_0",0.0,2,11.8325,6.5075,2,0,NaN
07:56:30,L232,82.62,4,"L232_3,L232_2,L232_1,L232_0",0.0,1,7.3225,5.7975,1,0,NaN
07:56:32,L232,82.62,4,"L232_3,L232_2,L232_1,L232_0",0.5775,1,7.9125,6.555,1,0,NaN
07:56:34,L232,82.62,4,"L232_3,L232_2,L232_1,L232_0",0.0,2,12.13,5.86,2,0,NaN
07:56:36,L232,82.62,4,"L232_3,L232_2,L232_1,L232_0",0.0,2,11.8475,5.1725,2,0,NaN
07:56:38,L232,82.62,4,"L232_3,L232_2,L232_1,L232_0",0.0,1,10.17,6.18,1,0,NaN
07:56:40,L232,82.62,4,"L232_3,L232_2,L232_1,L232_0",0.0,2,11.8075,5.79,2,0,NaN
07:56:42,L232,82.62,4,"L232_3,L232_2,L232_1,L232_0",0.0,2,12.072500000000002,5.87,2,0,NaN
07:56:44,L232,82.62,4,"L232_3,L232_2,L232_1,L232_0",0.0,1,10.41,5.5925,1,0,NaN
07:56:46,L232,82.62,4,"L232_3,L232_2,L232_1,L232_0",0.0,2,14.0075,5.885,2,0,NaN
07:56:48,L232,82.62,4,"L232_3,L232_2,L232_1,L232_0",0.0,2,15.125,7.164999999999999,2,0,NaN
07:56:50,L232,82.62,4,"L232_3,L232_2,L232_1,L232_0",0.0,2,14.185,7.5375,2,0,NaN
07:56:52,L232,82.62,4,"L232_3,L232_2,L232_1,L232_0",0.0,2,16.895,7.0725,2,0,NaN
07:56:54,L232,82.62,4,"L232_3,L232_2,L232_1,L232_0",0.0,1,11.1075,5.654999999999999,1,0,NaN
07:56:56,L232,82.62,4,"L232_3,L232_2,L232_1,L232_0",0.0,2,12.615,5.444999999999999,2,0,NaN
07:56:58,L232,82.62,4,"L232_3,L232_2,L232_1,L232_0",0.0,1,11.57,6.3225,1,0,NaN
07:57:00,L232,82.62,4,"L232_3,L232_2,L232_1,L232_0",0.0,2,13.67,6.0325,2,0,NaN
07:57:02,L232,82.62,4,"L232_3,L232_2,L232_1,L232_0",0.0,2,14.6125,6.9174999999999995,2,0,NaN
07:57:04,L232,82.62,4,"L232_3,L232_2,L232_1,L232_0",0.0,2,15.680000000000001,5.9975,2,0,NaN
07:57:06,L232,82.62,4,"L232_3,L232_2,L232_1,L232_0",0.0,2,13.885000000000002,7.3625,2,0,NaN
07:57:08,L232,82.62,4,"L232_3,L232_2,L232_1,L232_0",0.0,2,14.0675,6.0675,2,0,NaN
07:57:10,L232,82.62,4,"L232_3,L232_2,L232_1,L232_0",0.0,2,14.7125,5.97,2,0,NaN
07:57:12,L232,82.62,4,"L232_3,L232_2,L232_1,L232_0",0.0,2,18.5975,5.8475,2,0,NaN
07:57:14,L232,82.62,4,"L232_3,L232_2,L232_1,L232_0",0.0,1,13.0375,6.075,1,0,NaN
07:57:16,L232,82.62,4,"L232_3,L232_2,L232_1,L232_0",0.0,2,17.64,7.5575,2,0,NaN
07:57:18,L232,82.62,4,"L232_3,L232_2,L232_1,L232_0",0.0,2,20.97,6.815,2,0,NaN
07:57:20,L232,82.62,4,"L232_3,L232_2,L232_1,L232_0",0.0,2,24.57,9.087499999999999,2,0,NaN
07:57:22,L232,82.62,4,"L232_3,L232_2,L232_1,L232_0",0.0,3,28.7275,11.0525,3,0,NaN
07:57:24,L232,82.62,4,"L232_3,L232_2,L232_1,L232_0",0.0,3,29.365000000000002,10.592500000000001,3,0,NaN
07:57:26,L232,82.62,4,"L232_3,L232_2,L232_1,L232_0",0.0,3,27.3975,9.25,3,0,NaN
07:57:28,L232,82.62,4,"L232_3,L232_2,L232_1,L232_0",0.0,2,22.4675,7.987499999999999,2,0,NaN
07:57:30,L232,82.62,4,"L232_3,L232_2,L232_1,L232_0",0.0,2,13.05,7.577500000000001,2,0,NaN
07:57:32,L232,82.62,4,"L232_3,L232_2,L232_1,L232_0",0.0,2,10.1875,7.8,2,0,NaN
07:57:34,L232,82.62,4,"L232_3,L232_2,L232_1,L232_0",0.0,2,14.002500000000001,9.175,2,0,NaN
07:57:36,L232,82.62,4,"L232_3,L232_2,L232_1,L232_0",0.0,2,10.537500000000001,9.217500000000001,2,0,NaN
07:57:38,L232,82.62,4,"L232_3,L232_2,L232_1,L232_0",0.0,2,9.927500000000002,9.17,2,0,NaN
07:57:40,L232,82.62,4,"L232_3,L232_2,L232_1,L232_0",0.5775,2,8.977500000000001,9.292499999999999,2,0,NaN
07:57:42,L232,82.62,4,"L232_3,L232_2,L232_1,L232_0",0.5775,2,16.3575,10.035,2,0,NaN
07:57:44,L232,82.62,4,"L232_3,L232_2,L232_1,L232_0",0.4725,2,19.0675,8.52,2,0,NaN
07:57:46,L232,82.62,4,"L232_3,L232_2,L232_1,L232_0",0.0,2,15.515,9.0875,2,0,NaN
07:57:48,L232,82.62,4,"L232_3,L232_2,L232_1,L232_0",0.0,2,12.6825,9.365,2,0,NaN
07:57:50,L232,82.62,4,"L232_3,L232_2,L232_1,L232_0",1.155,2,10.7475,10.4175,2,0,NaN
07:57:52,L232,82.62,4,"L232_3,L232_2,L232_1,L232_0",2.0925,2,11.1525,12.115000000000002,2,0,NaN
07:57:54,L232,82.62,4,"L232_3,L232_2,L232_1,L232_0",3.6775,3,10.567499999999999,13.307500000000001,3,0,NaN
07:57:56,L232,82.62,4,"L232_3,L232_2,L232_1,L232_0",3.5125,3,11.4575,12.817499999999999,3,0,NaN
07:57:58,L232,82.62,4,"L232_3,L232_2,L232_1,L232_0",4.5,2,10.620000000000001,12.517499999999998,2,0,NaN
07:58:00,L232,82.62,4,"L232_3,L232_2,L232_1,L232_0",2.6100000000000003,3,14.3575,13.2975,3,0,NaN
07:58:02,L232,82.62,4,"L232_3,L232_2,L232_1,L232_0",0.5775,2,14.190000000000001,10.57,2,0,NaN
07:58:04,L232,82.62,4,"L232_3,L232_2,L232_1,L232_0",0.0,3,17.8275,12.1325,3,0,NaN
07:58:06,L232,82.62,4,"L232_3,L232_2,L232_1,L232_0",2.8075,3,16.582500000000003,14.090000000000002,3,0,NaN
07:58:08,L232,82.62,4,"L232_3,L232_2,L232_1,L232_0",0.0,3,21.205,12.467500000000001,3,0,NaN
07:58:10,L232,82.62,4,"L232_3,L232_2,L232_1,L232_0",0.0,3,25.189999999999998,14.262500000000003,3,0,NaN
07:58:12,L232,82.62,4,"L232_3,L232_2,L232_1,L232_0",0.0,2,19.8225,11.725000000000001,2,0,NaN
07:58:14,L232,82.62,4,"L232_3,L232_2,L232_1,L232_0",0.0,3,21.0225,13.405000000000001,3,0,NaN
07:58:16,L232,82.62,4,"L232_3,L232_2,L232_1,L232_0",0.4475,3,19.1025,11.004999999999999,3,0,NaN
07:58:18,L232,82.62,4,"L232_3,L232_2,L232_1,L232_0",0.0,2,17.3975,10.93,2,0,NaN
07:58:20,L232,82.62,4,"L232_3,L232_2,L232_1,L232_0",0.5775,2,15.725000000000001,10.4875,2,0,NaN
07:58:22,L232,82.62,4,"L232_3,L232_2,L232_1,L232_0",0.48,2,14.600000000000001,10.850000000000001,2,0,NaN
07:58:24,L232,82.62,4,"L232_3,L232_2,L232_1,L232_0",1.0875,2,17.124999999999996,11.42,2,0,NaN
07:58:26,L232,82.62,4,"L232_3,L232_2,L232_1,L232_0",0.0,2,21.445,9.427499999999998,2,0,NaN
07:58:28,L232,82.62,4,"L232_3,L232_2,L232_1,L232_0",0.5775,2,16.384999999999998,8.0775,2,0,NaN
07:58:30,L232,82.62,4,"L232_3,L232_2,L232_1,L232_0",0.5775,2,10.514999999999999,7.645,2,0,NaN
07:58:32,L232,82.62,4,"L232_3,L232_2,L232_1,L232_0",0.0,2,13.729999999999999,7.177500000000001,2,0,NaN
07:58:34,L232,82.62,4,"L232_3,L232_2,L232_1,L232_0",0.0,1,12.4575,5.67,1,0,NaN
07:58:36,L232,82.62,4,"L232_3,L232_2,L232_1,L232_0",0.0,2,13.3075,5.9225,2,0,NaN
07:58:38,L232,82.62,4,"L232_3,L232_2,L232_1,L232_0",0.0,2,13.5775,5.685,2,0,NaN
07:58:40,L232,82.62,4,"L232_3,L232_2,L232_1,L232_0",0.0,2,13.435,6.91,2,0,NaN
07:58:42,L232,82.62,4,"L232_3,L232_2,L232_1,L232_0",0.0,2,15.495,6.9575,2,0,NaN
07:58:44,L232,82.62,4,"L232_3,L232_2,L232_1,L232_0",0.0,2,14.3,6.9825,2,0,NaN
07:58:46,L232,82.62,4,"L232_3,L232_2,L232_1,L232_0",0.0,2,13.055,6.7875,2,0,NaN
07:58:48,L232,82.62,4,"L232_3,L232_2,L232_1,L232_0",0.0,2,16.9725,6.592499999999999,2,0,NaN
07:58:50,L232,82.62,4,"L232_3,L232_2,L232_1,L232_0",0.0,2,13.105,5.5925,2,0,NaN
07:58:52,L232,82.62,4,"L232_3,L232_2,L232_1,L232_0",0.0,2,12.305,6.2875,2,0,NaN
07:58:54,L232,82.62,4,"L232_3,L232_2,L232_1,L232_0",0.0,2,13.622499999999999,4.465,2,0,NaN
07:58:56,L232,82.62,4,"L232_3,L232_2,L232_1,L232_0",0.0,1,7.88,4.8925,1,0,NaN
07:58:58,L232,82.62,4,"L232_3,L232_2,L232_1,L232_0",0.0,1,8.525,5.2275,1,0,NaN
07:59:00,L232,82.62,4,"L232_3,L232_2,L232_1,L232_0",0.0,2,12.5475,4.7675,2,0,NaN
07:59:02,L232,82.62,4,"L232_3,L232_2,L232_1,L232_0",0.0,1,10.5275,5.28,1,0,NaN
07:59:04,L232,82.62,4,"L232_3,L232_2,L232_1,L232_0",0.0,2,12.900000000000002,7.265,2,0,NaN
07:59:06,L232,82.62,4,"L232_3,L232_2,L232_1,L232_0",0.0,2,16.47,7.535,2,0,NaN
07:59:08,L232,82.62,4,"L232_3,L232_2,L232_1,L232_0",0.0,2,21.2025,8.469999999999999,2,0,NaN
07:59:10,L232,82.62,4,"L232_3,L232_2,L232_1,L232_0",0.0,2,16.615000000000002,8.127500000000001,2,0,NaN
07:59:12,L232,82.62,4,"L232_3,L232_2,L232_1,L232_0",0.0,2,17.5125,8.2725,2,0,NaN
07:59:14,L232,82.62,4,"L232_3,L232_2,L232_1,L232_0",0.4675,2,14.61,8.33,2,0,NaN
07:59:16,L232,82.62,4,"L232_3,L232_2,L232_1,L232_0",0.0,2,15.43,7.135,2,0,NaN
07:59:18,L232,82.62,4,"L232_3,L232_2,L232_1,L232_0",0.0,2,13.997499999999999,8.0625,2,0,NaN
07:59:20,L232,82.62,4,"L232_3,L232_2,L232_1,L232_0",0.0,2,10.4125,7.1325,2,0,NaN
07:59:22,L232,82.62,4,"L232_3,L232_2,L232_1,L232_0",0.0,2,12.315000000000001,6.3225,2,0,NaN
07:59:24,L232,82.62,4,"L232_3,L232_2,L232_1,L232_0",0.0,1,9.522499999999999,5.2,1,0,NaN
07:59:26,L232,82.62,4,"L232_3,L232_2,L232_1,L232_0",0.0,2,13.07,5.8175,2,0,NaN
07:59:28,L232,82.62,4,"L232_3,L232_2,L232_1,L232_0",0.0,2,13.739999999999998,7.7925,2,0,NaN
07:59:30,L232,82.62,4,"L232_3,L232_2,L232_1,L232_0",0.5775,2,12.565,9.185,2,0,NaN
07:59:32,L232,82.62,4,"L232_3,L232_2,L232_1,L232_0",1.7125,2,10.587499999999999,10.4,2,0,NaN
07:59:34,L232,82.62,4,"L232_3,L232_2,L232_1,L232_0",3.4025,3,11.6875,11.52,3,0,NaN
07:59:36,L232,82.62,4,"L232_3,L232_2,L232_1,L232_0",4.685,2,11.655,11.6125,2,0,NaN
07:59:38,L232,82.62,4,"L232_3,L232_2,L232_1,L232_0",2.0325,3,13.405000000000001,9.650000000000002,3,0,NaN
07:59:40,L232,82.62,4,"L232_3,L232_2,L232_1,L232_0",0.4175,2,9.115,8.9525,2,0,NaN
07:59:42,L232,82.62,4,"L232_3,L232_2,L232_1,L232_0",0.0,2,12.17,9.805,2,0,NaN
07:59:44,L232,82.62,4,"L232_3,L232_2,L232_1,L232_0",1.155,2,10.2975,9.875,2,0,NaN
07:59:46,L232,82.62,4,"L232_3,L232_2,L232_1,L232_0",0.8975,3,17.1575,10.92,3,0,NaN
07:59:48,L232,82.62,4,"L232_3,L232_2,L232_1,L232_0",1.155,3,16.6675,10.760000000000002,3,0,NaN
07:59:50,L232,82.62,4,"L232_3,L232_2,L232_1,L232_0",0.0,2,18.3625,8.96,2,0,NaN
07:59:52,L232,82.62,4,"L232_3,L232_2,L232_1,L232_0",0.0,2,11.9475,8.4575,2,0,NaN
07:59:54,L232,82.62,4,"L232_3,L232_2,L232_1,L232_0",0.0,2,13.7575,8.515,2,0,NaN
07:59:56,L232,82.62,4,"L232_3,L232_2,L232_1,L232_0",0.0,2,13.6875,8.44,2,0,NaN
07:59:58,L232,82.62,4,"L232_3,L232_2,L232_1,L232_0",0.0,2,14.2875,8.2725,2,0,NaN
08:00:00,L232,82.62,4,"L232_3,L232_2,L232_1,L232_0",0.0,2,15.3925,9.6125,2,0,NaN
08:00:02,L232,82.62,4,"L232_3,L232_2,L232_1,L232_0",0.0,2,15.302499999999998,10.5025,2,0,NaN
08:00:04,L232,82.62,4,"L232_3,L232_2,L232_1,L232_0",0.5775,3,17.1,12.629999999999999,3,0,NaN
08:00:06,L232,82.62,4,"L232_3,L232_2,L232_1,L232_0",0.0,3,19.229999999999997,13.787500000000001,3,0,NaN
08:00:08,L232,82.62,4,"L232_3,L232_2,L232_1,L232_0",0.0,3,21.747500000000002,13.98,3,0,NaN
08:00:10,L232,82.62,4,"L232_3,L232_2,L232_1,L232_0",0.0,4,32.7275,12.379999999999999,4,0,NaN
08:00:12,L232,82.62,4,"L232_3,L232_2,L232_1,L232_0",0.0,3,26.3075,11.9225,3,0,NaN
08:00:14,L232,82.62,4,"L232_3,L232_2,L232_1,L232_0",0.0,2,22.255,10.8625,2,0,NaN
08:00:16,L232,82.62,4,"L232_3,L232_2,L232_1,L232_0",0.0,2,14.67,8.3575,2,0,NaN
08:00:18,L232,82.62,4,"L232_3,L232_2,L232_1,L232_0",0.0,2,12.14,6.39,2,0,NaN
08:00:20,L232,82.62,4,"L232_3,L232_2,L232_1,L232_0",0.0,2,14.25,7.4,2,0,NaN
08:00:22,L232,82.62,4,"L232_3,L232_2,L232_1,L232_0",0.0,2,10.950000000000001,7.5825000000000005,2,0,NaN
08:00:24,L232,82.62,4,"L232_3,L232_2,L232_1,L232_0",0.0,3,20.7575,8.0075,3,0,NaN
08:00:26,L232,82.62,4,"L232_3,L232_2,L232_1,L232_0",0.0,2,13.685,9.405000000000001,2,0,NaN
08:00:28,L232,82.62,4,"L232_3,L232_2,L232_1,L232_0",0.0,2,18.015,10.9175,2,0,NaN
08:00:30,L232,82.62,4,"L232_3,L232_2,L232_1,L232_0",0.0,2,17.5,10.11,2,0,NaN
08:00:32,L232,82.62,4,"L232_3,L232_2,L232_1,L232_0",0.0,2,19.1325,11.91,2,0,NaN
08:00:34,L232,82.62,4,"L232_3,L232_2,L232_1,L232_0",0.5775,3,18.51,11.182500000000001,3,0,NaN
08:00:36,L232,82.62,4,"L232_3,L232_2,L232_1,L232_0",0.4725,2,14.895,10.9125,2,0,NaN
08:00:38,L232,82.62,4,"L232_3,L232_2,L232_1,L232_0",0.4575,3,15.9675,11.707500000000001,3,0,NaN
08:00:40,L232,82.62,4,"L232_3,L232_2,L232_1,L232_0",1.155,2,9.46,9.935,2,0,NaN
08:00:42,L232,82.62,4,"L232_3,L232_2,L232_1,L232_0",2.1175,3,17.395,13.875,3,0,NaN
08:00:44,L232,82.62,4,"L232_3,L232_2,L232_1,L232_0",2.31,4,19.485,14.7775,4,0,NaN
08:00:46,L232,82.62,4,"L232_3,L232_2,L232_1,L232_0",0.8999999999999999,4,20.8075,16.845,4,0,NaN
08:00:48,L232,82.62,4,"L232_3,L232_2,L232_1,L232_0",0.5775,3,18.825000000000003,16.635,3,0,NaN
08:00:50,L232,82.62,4,"L232_3,L232_2,L232_1,L232_0",1.155,4,16.7275,15.337499999999999,4,0,NaN
08:00:52,L232,82.62,4,"L232_3,L232_2,L232_1,L232_0",1.665,3,13.717500000000001,13.954999999999998,3,0,NaN
08:00:54,L232,82.62,4,"L232_3,L232_2,L232_1,L232_0",0.9975,4,20.577499999999997,15.9025,4,0,NaN
08:00:56,L232,82.62,4,"L232_3,L232_2,L232_1,L232_0",1.155,3,15.797499999999998,15.645000000000001,3,0,NaN
08:00:58,L232,82.62,4,"L232_3,L232_2,L232_1,L232_0",0.9275,3,14.02,13.59,3,0,NaN
08:01:00,L232,82.62,4,"L232_3,L232_2,L232_1,L232_0",1.155,4,16.595000000000002,13.107500000000002,4,0,NaN
08:01:02,L232,82.62,4,"L232_3,L232_2,L232_1,L232_0",1.575,4,17.42,13.989999999999998,4,0,NaN
08:01:04,L232,82.62,4,"L232_3,L232_2,L232_1,L232_0",0.0,2,15.3425,11.467500000000001,2,0,NaN
08:01:06,L232,82.62,4,"L232_3,L232_2,L232_1,L232_0",0.0,3,19.790000000000003,12.1125,3,0,NaN
08:01:08,L232,82.62,4,"L232_3,L232_2,L232_1,L232_0",0.0,2,21.349999999999998,12.0225,2,0,NaN
08:01:10,L232,82.62,4,"L232_3,L232_2,L232_1,L232_0",1.7325,3,20.769999999999996,12.030000000000001,3,0,NaN
08:01:12,L232,82.62,4,"L232_3,L232_2,L232_1,L232_0",0.0,3,22.1,13.485,3,0,NaN
08:01:14,L232,82.62,4,"L232_3,L232_2,L232_1,L232_0",0.0,3,21.89,14.629999999999999,3,0,NaN
08:01:16,L232,82.62,4,"L232_3,L232_2,L232_1,L232_0",1.155,3,16.1125,11.462500000000002,3,0,NaN
08:01:18,L232,82.62,4,"L232_3,L232_2,L232_1,L232_0",0.0,3,13.407500000000002,12.567499999999999,3,0,NaN
08:01:20,L232,82.62,4,"L232_3,L232_2,L232_1,L232_0",2.785,3,14.3975,13.82,3,0,NaN
08:01:22,L232,82.62,4,"L232_3,L232_2,L232_1,L232_0",0.0,4,21.735000000000003,14.3575,4,0,NaN
08:01:24,L232,82.62,4,"L232_3,L232_2,L232_1,L232_0",0.0,3,22.792500000000004,14.2275,3,0,NaN
08:01:26,L232,82.62,4,"L232_3,L232_2,L232_1,L232_0",0.5775,3,21.525000000000002,14.407500000000002,3,0,NaN
08:01:28,L232,82.62,4,"L232_3,L232_2,L232_1,L232_0",0.0,3,16.59,13.96,3,0,NaN
08:01:30,L232,82.62,4,"L232_3,L232_2,L232_1,L232_0",0.0,3,20.887500000000003,10.992500000000001,3,0,NaN
08:01:32,L232,82.62,4,"L232_3,L232_2,L232_1,L232_0",0.0,2,16.4275,8.8775,2,0,NaN
08:01:34,L232,82.62,4,"L232_3,L232_2,L232_1,L232_0",0.0,2,17.060000000000002,8.6725,2,0,NaN
08:01:36,L232,82.62,4,"L232_3,L232_2,L232_1,L232_0",0.0,2,20.735,10.925,2,0,NaN
08:01:38,L232,82.62,4,"L232_3,L232_2,L232_1,L232_0",0.0,2,19.814999999999998,9.96,2,0,NaN
08:01:40,L232,82.62,4,"L232_3,L232_2,L232_1,L232_0",0.0,2,15.23,9.022499999999999,2,0,NaN
08:01:42,L232,82.62,4,"L232_3,L232_2,L232_1,L232_0",0.53,2,13.9825,9.0625,2,0,NaN
08:01:44,L232,82.62,4,"L232_3,L232_2,L232_1,L232_0",0.405,2,8.5,8.940000000000001,2,0,NaN
08:01:46,L232,82.62,4,"L232_3,L232_2,L232_1,L232_0",0.905,3,11.1025,9.2075,3,0,NaN
08:01:48,L232,82.62,4,"L232_3,L232_2,L232_1,L232_0",0.06,2,11.055,6.9174999999999995,2,0,NaN
08:01:50,L232,82.62,4,"L232_3,L232_2,L232_1,L232_0",0.6375,2,6.2700000000000005,6.9575,2,0,NaN
08:01:52,L232,82.62,4,"L232_3,L232_2,L232_1,L232_0",0.505,2,7.875,7.47,2,0,NaN
08:01:54,L232,82.62,4,"L232_3,L232_2,L232_1,L232_0",0.06,2,13.7525,7.445,2,0,NaN
08:01:56,L232,82.62,4,"L232_3,L232_2,L232_1,L232_0",0.6375,2,7.645,7.0625,2,0,NaN
08:01:58,L232,82.62,4,"L232_3,L232_2,L232_1,L232_0",0.5674999999999999,2,13.985,7.5025,2,0,NaN
08:02:00,L232,82.62,4,"L232_3,L232_2,L232_1,L232_0",0.06,2,15.6075,7.8325,2,0,NaN
08:02:02,L232,82.62,4,"L232_3,L232_2,L232_1,L232_0",0.06,2,18.1175,7.93,2,0,NaN
08:02:04,L232,82.62,4,"L232_3,L232_2,L232_1,L232_0",0.06,2,11.612499999999999,7.0625,2,0,NaN
08:02:06,L232,82.62,4,"L232_3,L232_2,L232_1,L232_0",0.06,2,14.2,8.2725,2,0,NaN
08:02:08,L232,82.62,4,"L232_3,L232_2,L232_1,L232_0",0.06,3,17.9525,9.025,3,0,NaN
08:02:10,L232,82.62,4,"L232_3,L232_2,L232_1,L232_0",1.4825,2,14.515,9.370000000000001,2,0,NaN
08:02:12,L232,82.62,4,"L232_3,L232_2,L232_1,L232_0",2.9025,3,13.757500000000002,9.3825,3,0,NaN
08:02:14,L232,82.62,4,"L232_3,L232_2,L232_1,L232_0",2.9025,2,16.322499999999998,10.3375,2,0,NaN
08:02:16,L232,82.62,4,"L232_3,L232_2,L232_1,L232_0",2.9025,2,13.265,9.434999999999999,2,0,NaN
08:02:18,L232,82.62,4,"L232_3,L232_2,L232_1,L232_0",3.7775,2,13.2125,11.2575,2,0,NaN
08:02:20,L232,82.62,4,"L232_3,L232_2,L232_1,L232_0",4.65,2,17.905,8.175,2,0,NaN
08:02:22,L232,82.62,4,"L232_3,L232_2,L232_1,L232_0",4.65,2,17.130000000000003,9.495000000000001,2,0,NaN
08:02:24,L232,82.62,4,"L232_3,L232_2,L232_1,L232_0",4.65,2,15.805,8.4625,2,0,NaN
08:02:26,L232,82.62,4,"L232_3,L232_2,L232_1,L232_0",4.65,2,12.765,8.65,2,0,NaN
08:02:28,L232,82.62,4,"L232_3,L232_2,L232_1,L232_0",4.65,2,8.2075,9.482500000000002,2,0,NaN
08:02:30,L232,82.62,4,"L232_3,L232_2,L232_1,L232_0",4.65,3,15.535,11.7975,3,0,NaN
08:02:32,L232,82.62,4,"L232_3,L232_2,L232_1,L232_0",4.65,3,17.150000000000002,11.605,3,0,NaN
08:02:34,L232,82.62,4,"L232_3,L232_2,L232_1,L232_0",4.65,3,16.5125,11.9325,3,0,NaN
08:02:36,L232,82.62,4,"L232_3,L232_2,L232_1,L232_0",3.36,3,13.7,13.205,3,0,NaN
08:02:38,L232,82.62,4,"L232_3,L232_2,L232_1,L232_0",4.655,3,13.430000000000001,13.73,3,0,NaN
08:02:40,L232,82.62,4,"L232_3,L232_2,L232_1,L232_0",5.5275,3,14.0675,13.857500000000002,3,0,NaN
08:02:42,L232,82.62,4,"L232_3,L232_2,L232_1,L232_0",6.9775,3,11.947500000000002,14.2175,3,0,NaN
08:02:44,L232,82.62,4,"L232_3,L232_2,L232_1,L232_0",7.275,4,19.38,15.450000000000001,4,0,NaN
08:02:46,L232,82.62,4,"L232_3,L232_2,L232_1,L232_0",7.275,4,18.29,15.8925,4,0,NaN
08:02:48,L232,82.62,4,"L232_3,L232_2,L232_1,L232_0",6.285,4,14.025,17.035,4,0,NaN
08:02:50,L232,82.62,4,"L232_3,L232_2,L232_1,L232_0",6.3975,4,15.749999999999998,17.5175,4,0,NaN
08:02:52,L232,82.62,4,"L232_3,L232_2,L232_1,L232_0",7.465,3,10.8475,16.395,3,0,NaN
08:02:54,L232,82.62,4,"L232_3,L232_2,L232_1,L232_0",7.2725,3,12.2925,13.945,3,0,NaN
08:02:56,L232,82.62,4,"L232_3,L232_2,L232_1,L232_0",8.145,3,14.4325,14.1075,3,0,NaN
08:02:58,L232,82.62,4,"L232_3,L232_2,L232_1,L232_0",8.145,3,16.814999999999998,13.265,3,0,NaN
08:03:00,L232,82.62,4,"L232_3,L232_2,L232_1,L232_0",8.145,3,14.030000000000001,11.6425,3,0,NaN
08:03:02,L232,82.62,4,"L232_3,L232_2,L232_1,L232_0",8.145,3,15.89,13.4525,3,0,NaN
08:03:04,L232,82.62,4,"L232_3,L232_2,L232_1,L232_0",8.145,3,16.08,12.2025,3,0,NaN
08:03:06,L232,82.62,4,"L232_3,L232_2,L232_1,L232_0",8.145,3,14.74,12.445,3,0,NaN
08:03:08,L232,82.62,4,"L232_3,L232_2,L232_1,L232_0",9.0575,3,12.305,12.2775,3,0,NaN
08:03:10,L232,82.62,4,"L232_3,L232_2,L232_1,L232_0",11.865,3,14.697500000000002,11.88,3,0,NaN
08:03:12,L232,82.62,4,"L232_3,L232_2,L232_1,L232_0",11.7075,3,11.8025,12.137500000000001,3,0,NaN
08:03:14,L232,82.62,4,"L232_3,L232_2,L232_1,L232_0",11.65,3,14.48,13.352500000000001,3,0,NaN
08:03:16,L232,82.62,4,"L232_3,L232_2,L232_1,L232_0",11.6425,3,11.31,14.052500000000002,3,0,NaN
08:03:18,L232,82.62,4,"L232_3,L232_2,L232_1,L232_0",11.6425,3,16.985,13.895,3,0,NaN
08:03:20,L232,82.62,4,"L232_3,L232_2,L232_1,L232_0",11.6425,3,12.8825,14.575000000000003,3,0,NaN
08:03:22,L232,82.62,4,"L232_3,L232_2,L232_1,L232_0",11.6425,3,9.4125,13.835000000000003,3,0,NaN
08:03:24,L232,82.62,4,"L232_3,L232_2,L232_1,L232_0",11.6425,3,9.2775,14.1325,3,0,NaN
08:03:26,L232,82.62,4,"L232_3,L232_2,L232_1,L232_0",11.6425,3,11.8275,15.265,3,0,NaN
08:03:28,L232,82.62,4,"L232_3,L232_2,L232_1,L232_0",11.6425,4,13.82,14.747499999999999,4,0,NaN
08:03:30,L232,82.62,4,"L232_3,L232_2,L232_1,L232_0",11.6425,3,7.3125,14.364999999999998,3,0,NaN
08:03:32,L232,82.62,4,"L232_3,L232_2,L232_1,L232_0",13.39,4,12.07,16.71,4,0,NaN
08:03:34,L232,82.62,4,"L232_3,L232_2,L232_1,L232_0",13.39,4,19.54,16.7475,4,0,NaN
08:03:36,L232,82.62,4,"L232_3,L232_2,L232_1,L232_0",13.39,4,16.3275,17.892500000000002,4,0,NaN
08:03:38,L232,82.62,4,"L232_3,L232_2,L232_1,L232_0",15.14,4,20.38,20.854999999999997,4,0,NaN
08:03:40,L232,82.62,4,"L232_3,L232_2,L232_1,L232_0",10.7675,4,15.3225,20.467499999999998,4,0,NaN
08:03:42,L232,82.62,4,"L232_3,L232_2,L232_1,L232_0",10.7925,5,17.362500000000004,22.44,5,0,NaN
08:03:44,L232,82.62,4,"L232_3,L232_2,L232_1,L232_0",12.5175,4,12.767499999999998,21.59,4,0,NaN
08:03:46,L232,82.62,4,"L232_3,L232_2,L232_1,L232_0",15.1375,4,13.8825,20.03,4,0,NaN
08:03:48,L232,82.62,4,"L232_3,L232_2,L232_1,L232_0",17.462500000000002,5,12.989999999999998,22.315,5,0,NaN
08:03:50,L232,82.62,4,"L232_3,L232_2,L232_1,L232_0",12.515,6,21.045,24.805,6,0,NaN
08:03:52,L232,82.62,4,"L232_3,L232_2,L232_1,L232_0",9.02,6,22.715,24.362499999999997,6,0,NaN
08:03:54,L232,82.62,4,"L232_3,L232_2,L232_1,L232_0",15.1375,5,20.5325,24.4,5,0,NaN
08:03:56,L232,82.62,4,"L232_3,L232_2,L232_1,L232_0",21.065,4,9.895,21.235000000000003,4,0,NaN
08:03:58,L232,82.62,4,"L232_3,L232_2,L232_1,L232_0",21.75,5,13.717500000000001,20.78,5,0,NaN
08:04:00,L232,82.62,4,"L232_3,L232_2,L232_1,L232_0",21.75,4,7.855,21.282500000000002,4,0,NaN
08:04:02,L232,82.62,4,"L232_3,L232_2,L232_1,L232_0",21.75,4,11.9375,21.3775,4,0,NaN
08:04:04,L232,82.62,4,"L232_3,L232_2,L232_1,L232_0",21.75,4,12.1,21.982499999999998,4,0,NaN
08:04:06,L232,82.62,4,"L232_3,L232_2,L232_1,L232_0",21.75,4,12.29,21.4625,4,0,NaN
08:04:08,L232,82.62,4,"L232_3,L232_2,L232_1,L232_0",21.75,4,12.9525,21.69,4,0,NaN
08:04:10,L232,82.62,4,"L232_3,L232_2,L232_1,L232_0",21.75,5,16.0125,22.07,5,0,NaN
08:04:12,L232,82.62,4,"L232_3,L232_2,L232_1,L232_0",21.75,4,9.504999999999999,22.1275,4,0,NaN
08:04:14,L232,82.62,4,"L232_3,L232_2,L232_1,L232_0",21.75,4,7.4750000000000005,21.3825,4,0,NaN
08:04:16,L232,82.62,4,"L232_3,L232_2,L232_1,L232_0",21.75,4,7.25,21.735,4,0,NaN
08:04:18,L232,82.62,4,"L232_3,L232_2,L232_1,L232_0",19.3175,5,10.4275,22.2375,5,0,NaN
08:04:20,L232,82.62,4,"L232_3,L232_2,L232_1,L232_0",13.39,4,10.9125,21.980000000000004,4,0,NaN
08:04:22,L232,82.62,4,"L232_3,L232_2,L232_1,L232_0",9.02,6,18.405,24.639999999999997,6,0,NaN
08:04:24,L232,82.62,4,"L232_3,L232_2,L232_1,L232_0",9.895,5,16.9175,25.78,5,0,NaN
08:04:26,L232,82.62,4,"L232_3,L232_2,L232_1,L232_0",14.76,5,16.8525,25.8125,5,0,NaN
08:04:28,L232,82.62,4,"L232_3,L232_2,L232_1,L232_0",10.7675,6,16.7225,26.905,6,0,NaN
08:04:30,L232,82.62,4,"L232_3,L232_2,L232_1,L232_0",11.4525,6,17.465,27.09,6,0,NaN
08:04:32,L232,82.62,4,"L232_3,L232_2,L232_1,L232_0",16.925,6,14.74,27.26,6,0,NaN
08:04:34,L232,82.62,4,"L232_3,L232_2,L232_1,L232_0",19.705000000000002,6,15.6025,26.722500000000004,6,0,NaN
08:04:36,L232,82.62,4,"L232_3,L232_2,L232_1,L232_0",20.0025,6,11.709999999999999,26.53,6,0,NaN
08:04:38,L232,82.62,4,"L232_3,L232_2,L232_1,L232_0",19.3175,6,12.630000000000003,25.360000000000003,6,0,NaN
08:04:40,L232,82.62,4,"L232_3,L232_2,L232_1,L232_0",13.5775,5,15.195,26.040000000000003,5,0,NaN
08:04:42,L232,82.62,4,"L232_3,L232_2,L232_1,L232_0",8.145,5,20.755000000000003,24.935000000000002,5,0,NaN
08:04:44,L232,82.62,4,"L232_3,L232_2,L232_1,L232_0",11.2625,5,16.5125,25.26,5,0,NaN
08:04:46,L232,82.62,4,"L232_3,L232_2,L232_1,L232_0",15.6325,5,10.975000000000001,25.245,5,0,NaN
08:04:48,L232,82.62,4,"L232_3,L232_2,L232_1,L232_0",19.1275,5,13.037499999999998,25.650000000000002,5,0,NaN
08:04:50,L232,82.62,4,"L232_3,L232_2,L232_1,L232_0",15.1375,5,17.61,24.2175,5,0,NaN
08:04:52,L232,82.62,4,"L232_3,L232_2,L232_1,L232_0",12.3275,5,15.52,21.980000000000004,5,0,NaN
08:04:54,L232,82.62,4,"L232_3,L232_2,L232_1,L232_0",17.38,4,12.7425,22.157500000000002,4,0,NaN
08:04:56,L232,82.62,4,"L232_3,L232_2,L232_1,L232_0",21.75,4,10.35,20.94,4,0,NaN
08:04:58,L232,82.62,4,"L232_3,L232_2,L232_1,L232_0",21.75,4,9.512500000000001,21.2825,4,0,NaN
08:05:00,L232,82.62,4,"L232_3,L232_2,L232_1,L232_0",21.75,5,13.5875,21.8075,5,0,NaN
08:05:02,L232,82.62,4,"L232_3,L232_2,L232_1,L232_0",21.75,4,13.4275,22.665,4,0,NaN
08:05:04,L232,82.62,4,"L232_3,L232_2,L232_1,L232_0",21.75,5,14.195,22.68,5,0,NaN
08:05:06,L232,82.62,4,"L232_3,L232_2,L232_1,L232_0",21.75,4,13.2975,21.985,4,0,NaN
08:05:08,L232,82.62,4,"L232_3,L232_2,L232_1,L232_0",21.75,4,11.3675,20.8975,4,0,NaN
08:05:10,L232,82.62,4,"L232_3,L232_2,L232_1,L232_0",21.75,4,11.88,20.8525,4,0,NaN
08:05:12,L232,82.62,4,"L232_3,L232_2,L232_1,L232_0",21.75,4,11.66,20.6975,4,0,NaN
08:05:14,L232,82.62,4,"L232_3,L232_2,L232_1,L232_0",21.75,4,11.95,21.2825,4,0,NaN
08:05:16,L232,82.62,4,"L232_3,L232_2,L232_1,L232_0",21.75,4,10.84,20.2725,4,0,NaN
08:05:18,L232,82.62,4,"L232_3,L232_2,L232_1,L232_0",19.3175,4,8.912500000000001,20.585,4,0,NaN
08:05:20,L232,82.62,4,"L232_3,L232_2,L232_1,L232_0",13.39,4,10.022499999999999,21.207500000000003,4,0,NaN
08:05:22,L232,82.62,4,"L232_3,L232_2,L232_1,L232_0",14.76,4,10.3425,21.64,4,0,NaN
08:05:24,L232,82.62,4,"L232_3,L232_2,L232_1,L232_0",20.0025,4,13.34,22.335,4,0,NaN
08:05:26,L232,82.62,4,"L232_3,L232_2,L232_1,L232_0",21.75,4,13.525,21.51,4,0,NaN
08:05:28,L232,82.62,4,"L232_3,L232_2,L232_1,L232_0",19.3175,5,17.1625,22.78,5,0,NaN
08:05:30,L232,82.62,4,"L232_3,L232_2,L232_1,L232_0",12.515,5,19.5,24.205,5,0,NaN
08:05:32,L232,82.62,4,"L232_3,L232_2,L232_1,L232_0",14.76,5,19.425,24.259999999999998,5,0,NaN
08:05:34,L232,82.62,4,"L232_3,L232_2,L232_1,L232_0",19.1275,5,18.7,23.735,5,0,NaN
08:05:36,L232,82.62,4,"L232_3,L232_2,L232_1,L232_0",20.0025,5,8.77,22.874999999999996,5,0,NaN
08:05:38,L232,82.62,4,"L232_3,L232_2,L232_1,L232_0",21.75,4,9.297500000000001,21.975,4,0,NaN
08:05:40,L232,82.62,4,"L232_3,L232_2,L232_1,L232_0",21.75,4,8.3475,20.7475,4,0,NaN
08:05:42,L232,82.62,4,"L232_3,L232_2,L232_1,L232_0",22.3275,4,5.922499999999999,20.582500000000003,4,0,NaN
08:05:44,L232,82.62,4,"L232_3,L232_2,L232_1,L232_0",21.75,4,9.5125,20.105,4,0,NaN
08:05:46,L232,82.62,4,"L232_3,L232_2,L232_1,L232_0",21.75,4,8.9475,19.185000000000002,4,0,NaN
08:05:48,L232,82.62,4,"L232_3,L232_2,L232_1,L232_0",21.75,4,8.595,19.45,4,0,NaN
08:05:50,L232,82.62,4,"L232_3,L232_2,L232_1,L232_0",21.75,4,5.76,19.185000000000002,4,0,NaN
08:05:52,L232,82.62,4,"L232_3,L232_2,L232_1,L232_0",21.75,4,6.055,18.04,4,0,NaN
08:05:54,L232,82.62,4,"L232_3,L232_2,L232_1,L232_0",15.1375,4,5.984999999999999,19.060000000000002,4,0,NaN
08:05:56,L232,82.62,4,"L232_3,L232_2,L232_1,L232_0",12.3275,4,6.0525,17.7875,4,0,NaN
08:05:58,L232,82.62,4,"L232_3,L232_2,L232_1,L232_0",17.38,4,2.975,17.7875,4,0,NaN
08:06:00,L232,82.62,4,"L232_3,L232_2,L232_1,L232_0",21.75,4,1.05,16.39,4,0,NaN
08:06:02,L232,82.62,4,"L232_3,L232_2,L232_1,L232_0",21.75,3,0.0,16.39,3,0,NaN
08:06:04,L232,82.62,4,"L232_3,L232_2,L232_1,L232_0",21.75,3,0.0,16.39,3,0,NaN
08:06:06,L232,82.62,4,"L232_3,L232_2,L232_1,L232_0",21.75,3,0.0,16.39,3,0,NaN
08:06:08,L232,82.62,4,"L232_3,L232_2,L232_1,L232_0",21.75,3,0.0,16.39,3,0,NaN
08:06:10,L232,82.62,4,"L232_3,L232_2,L232_1,L232_0",21.75,3,0.0,16.39,3,0,NaN
08:06:12,L232,82.62,4,"L232_3,L232_2,L232_1,L232_0",21.75,3,0.0,16.39,3,0,NaN
08:06:14,L232,82.62,4,"L232_3,L232_2,L232_1,L232_0",21.75,3,0.0,16.39,3,0,NaN
08:06:16,L232,82.62,4,"L232_3,L232_2,L232_1,L232_0",21.75,3,0.0,16.39,3,0,NaN
08:06:18,L232,82.62,4,"L232_3,L232_2,L232_1,L232_0",21.75,3,0.0,16.39,3,0,NaN
08:06:20,L232,82.62,4,"L232_3,L232_2,L232_1,L232_0",21.75,3,0.0,16.39,3,0,NaN
08:06:22,L232,82.62,4,"L232_3,L232_2,L232_1,L232_0",21.75,3,0.0,16.39,3,0,NaN
08:06:24,L232,82.62,4,"L232_3,L232_2,L232_1,L232_0",21.75,3,0.0,16.39,3,0,NaN
08:06:26,L232,82.62,4,"L232_3,L232_2,L232_1,L232_0",21.75,3,0.0,16.39,3,0,NaN
08:06:28,L232,82.62,4,"L232_3,L232_2,L232_1,L232_0",21.75,3,0.0,16.39,3,0,NaN
08:06:30,L232,82.62,4,"L232_3,L232_2,L232_1,L232_0",21.75,3,0.0,16.39,3,0,NaN
08:06:32,L232,82.62,4,"L232_3,L232_2,L232_1,L232_0",21.75,3,0.0,16.39,3,0,NaN
08:06:34,L232,82.62,4,"L232_3,L232_2,L232_1,L232_0",21.75,3,0.0,16.39,3,0,NaN
08:06:36,L232,82.62,4,"L232_3,L232_2,L232_1,L232_0",21.75,3,0.0,16.39,3,0,NaN
08:06:38,L232,82.62,4,"L232_3,L232_2,L232_1,L232_0",21.75,3,0.0,16.39,3,0,NaN
08:06:40,L232,82.62,4,"L232_3,L232_2,L232_1,L232_0",21.75,3,0.0,16.39,3,0,NaN
08:06:42,L232,82.62,4,"L232_3,L232_2,L232_1,L232_0",21.75,3,0.0,16.39,3,0,NaN
08:06:44,L232,82.62,4,"L232_3,L232_2,L232_1,L232_0",19.3175,4,1.47,17.09,4,0,NaN
08:06:46,L232,82.62,4,"L232_3,L232_2,L232_1,L232_0",13.39,4,3.045,17.7875,4,0,NaN
08:06:48,L232,82.62,4,"L232_3,L232_2,L232_1,L232_0",14.76,4,2.975,17.7875,4,0,NaN
08:06:50,L232,82.62,4,"L232_3,L232_2,L232_1,L232_0",20.0025,4,2.625,17.09,4,0,NaN
08:06:52,L232,82.62,4,"L232_3,L232_2,L232_1,L232_0",21.75,3,0.0,16.39,3,0,NaN
08:06:54,L232,82.62,4,"L232_3,L232_2,L232_1,L232_0",19.3175,4,1.4349999999999998,17.09,4,0,NaN
08:06:56,L232,82.62,4,"L232_3,L232_2,L232_1,L232_0",13.39,4,3.045,17.7875,4,0,NaN
08:06:58,L232,82.62,4,"L232_3,L232_2,L232_1,L232_0",13.885,4,2.905,17.7875,4,0,NaN
08:07:00,L232,82.62,4,"L232_3,L232_2,L232_1,L232_0",20.0025,4,2.6950000000000003,17.09,4,0,NaN
08:07:02,L232,82.62,4,"L232_3,L232_2,L232_1,L232_0",21.75,3,0.0,16.39,3,0,NaN
08:07:04,L232,82.62,4,"L232_3,L232_2,L232_1,L232_0",21.75,3,0.0,16.39,3,0,NaN
08:07:06,L232,82.62,4,"L232_3,L232_2,L232_1,L232_0",21.75,3,0.0,16.39,3,0,NaN
08:07:08,L232,82.62,4,"L232_3,L232_2,L232_1,L232_0",21.75,3,0.0,16.39,3,0,NaN
08:07:10,L232,82.62,4,"L232_3,L232_2,L232_1,L232_0",21.75,3,0.0,16.39,3,0,NaN
08:07:12,L232,82.62,4,"L232_3,L232_2,L232_1,L232_0",21.75,3,0.0,16.39,3,0,NaN
08:07:14,L232,82.62,4,"L232_3,L232_2,L232_1,L232_0",21.75,3,0.0,16.39,3,0,NaN
08:07:16,L232,82.62,4,"L232_3,L232_2,L232_1,L232_0",21.75,3,0.0,16.39,3,0,NaN
08:07:18,L232,82.62,4,"L232_3,L232_2,L232_1,L232_0",21.75,3,0.0,16.39,3,0,NaN
08:07:20,L232,82.62,4,"L232_3,L232_2,L232_1,L232_0",21.75,3,0.0,16.39,3,0,NaN
08:07:22,L232,82.62,4,"L232_3,L232_2,L232_1,L232_0",16.01,4,2.835,17.7875,4,0,NaN
08:07:24,L232,82.62,4,"L232_3,L232_2,L232_1,L232_0",9.895,4,5.8875,19.1875,4,0,NaN
08:07:26,L232,82.62,4,"L232_3,L232_2,L232_1,L232_0",11.2625,4,5.8875,19.1875,4,0,NaN
08:07:28,L232,82.62,4,"L232_3,L232_2,L232_1,L232_0",14.9475,4,6.12,18.4875,4,0,NaN
08:07:30,L232,82.62,4,"L232_3,L232_2,L232_1,L232_0",13.39,4,4.2,17.7875,4,0,NaN
08:07:32,L232,82.62,4,"L232_3,L232_2,L232_1,L232_0",13.885,4,2.8000000000000003,17.7875,4,0,NaN
08:07:34,L232,82.62,4,"L232_3,L232_2,L232_1,L232_0",20.0025,4,2.94,17.09,4,0,NaN
08:07:36,L232,82.62,4,"L232_3,L232_2,L232_1,L232_0",21.75,3,0.0,16.39,3,0,NaN
08:07:38,L232,82.62,4,"L232_3,L232_2,L232_1,L232_0",21.75,3,0.0,16.39,3,0,NaN
08:07:40,L232,82.62,4,"L232_3,L232_2,L232_1,L232_0",21.75,3,0.0,16.39,3,0,NaN
08:07:42,L232,82.62,4,"L232_3,L232_2,L232_1,L232_0",21.75,3,0.0,16.39,3,0,NaN
08:07:44,L232,82.62,4,"L232_3,L232_2,L232_1,L232_0",21.75,3,0.0,16.39,3,0,NaN
08:07:46,L232,82.62,4,"L232_3,L232_2,L232_1,L232_0",21.75,3,0.0,16.39,3,0,NaN
08:07:48,L232,82.62,4,"L232_3,L232_2,L232_1,L232_0",21.75,3,0.0,16.39,3,0,NaN
08:07:50,L232,82.62,4,"L232_3,L232_2,L232_1,L232_0",21.75,3,0.0,16.39,3,0,NaN
08:07:52,L232,82.62,4,"L232_3,L232_2,L232_1,L232_0",21.75,3,0.0,16.39,3,0,NaN
08:07:54,L232,82.62,4,"L232_3,L232_2,L232_1,L232_0",21.75,3,0.0,16.39,3,0,NaN
08:07:56,L232,82.62,4,"L232_3,L232_2,L232_1,L232_0",21.75,3,0.0,16.39,3,0,NaN
08:07:58,L232,82.62,4,"L232_3,L232_2,L232_1,L232_0",21.75,3,0.0,16.39,3,0,NaN
08:08:00,L232,82.62,4,"L232_3,L232_2,L232_1,L232_0",21.75,3,0.0,16.39,3,0,NaN
08:08:02,L232,82.62,4,"L232_3,L232_2,L232_1,L232_0",21.75,3,0.0,16.39,3,0,NaN
08:08:04,L232,82.62,4,"L232_3,L232_2,L232_1,L232_0",21.75,3,0.0,16.39,3,0,NaN
08:08:06,L232,82.62,4,"L232_3,L232_2,L232_1,L232_0",21.75,3,0.0,16.39,3,0,NaN
08:08:08,L232,82.62,4,"L232_3,L232_2,L232_1,L232_0",21.75,3,0.0,16.39,3,0,NaN
08:08:10,L232,82.62,4,"L232_3,L232_2,L232_1,L232_0",21.75,3,0.0,16.39,3,0,NaN
08:08:12,L232,82.62,4,"L232_3,L232_2,L232_1,L232_0",21.75,3,0.0,16.39,3,0,NaN
08:08:14,L232,82.62,4,"L232_3,L232_2,L232_1,L232_0",21.75,3,0.0,16.39,3,0,NaN
08:08:16,L232,82.62,4,"L232_3,L232_2,L232_1,L232_0",21.75,3,0.0,16.39,3,0,NaN
08:08:18,L232,82.62,4,"L232_3,L232_2,L232_1,L232_0",21.75,3,0.0,16.39,3,0,NaN
08:08:20,L232,82.62,4,"L232_3,L232_2,L232_1,L232_0",21.7525,3,0.0,16.3875,3,0,NaN
08:08:22,L232,82.62,4,"L232_3,L232_2,L232_1,L232_0",21.755,3,0.0,16.3825,3,0,NaN
08:08:24,L232,82.62,4,"L232_3,L232_2,L232_1,L232_0",21.7675,3,0.0,16.37,3,0,NaN
08:08:26,L232,82.62,4,"L232_3,L232_2,L232_1,L232_0",21.785,3,0.0325,16.3475,3,0,NaN
08:08:28,L232,82.62,4,"L232_3,L232_2,L232_1,L232_0",21.0125,3,0.0975,16.3175,3,0,NaN
08:08:30,L232,82.62,4,"L232_3,L232_2,L232_1,L232_0",20.5075,3,0.36,16.3175,3,0,NaN
08:08:32,L232,82.62,4,"L232_3,L232_2,L232_1,L232_0",19.8675,3,0.75,15.85,3,0,NaN
08:08:34,L232,82.62,4,"L232_3,L232_2,L232_1,L232_0",17.2075,3,1.35,14.92,3,0,NaN
08:08:36,L232,82.62,4,"L232_3,L232_2,L232_1,L232_0",14.4825,3,1.4025,14.9225,3,0,NaN
08:08:38,L232,82.62,4,"L232_3,L232_2,L232_1,L232_0",10.775,3,2.3649999999999998,14.0175,3,0,NaN
08:08:40,L232,82.62,4,"L232_3,L232_2,L232_1,L232_0",9.1025,2,2.7,13.26,2,0,NaN
08:08:42,L232,82.62,4,"L232_3,L232_2,L232_1,L232_0",5.435,2,3.1725,12.17,2,0,NaN
08:08:44,L232,82.62,4,"L232_3,L232_2,L232_1,L232_0",2.8625,2,5.22,11.235,2,0,NaN
08:08:46,L232,82.62,4,"L232_3,L232_2,L232_1,L232_0",1.155,2,5.14,10.62,2,0,NaN
08:08:48,L232,82.62,4,"L232_3,L232_2,L232_1,L232_0",1.155,2,6.029999999999999,10.005,2,0,NaN
08:08:50,L232,82.62,4,"L232_3,L232_2,L232_1,L232_0",0.5775,3,12.225,10.75,3,0,NaN
08:08:52,L232,82.62,4,"L232_3,L232_2,L232_1,L232_0",0.0,2,14.235,11.8625,2,0,NaN
08:08:54,L232,82.62,4,"L232_3,L232_2,L232_1,L232_0",0.0,3,20.025,13.605,3,0,NaN
08:08:56,L232,82.62,4,"L232_3,L232_2,L232_1,L232_0",0.0,3,23.8,12.75,3,0,NaN
08:08:58,L232,82.62,4,"L232_3,L232_2,L232_1,L232_0",0.0,2,18.52,11.4925,2,0,NaN
08:09:00,L232,82.62,4,"L232_3,L232_2,L232_1,L232_0",0.0,3,20.1075,10.5125,3,0,NaN
08:09:02,L232,82.62,4,"L232_3,L232_2,L232_1,L232_0",0.0,2,16.752499999999998,8.445,2,0,NaN
08:09:04,L232,82.62,4,"L232_3,L232_2,L232_1,L232_0",0.0,2,13.015,8.3775,2,0,NaN
08:09:06,L232,82.62,4,"L232_3,L232_2,L232_1,L232_0",0.0,2,14.6025,7.16,2,0,NaN
08:09:08,L232,82.62,4,"L232_3,L232_2,L232_1,L232_0",0.0,1,10.0975,4.99,1,0,NaN
08:09:10,L232,82.62,4,"L232_3,L232_2,L232_1,L232_0",0.0,2,12.267499999999998,5.4625,2,0,NaN
08:09:12,L232,82.62,4,"L232_3,L232_2,L232_1,L232_0",0.0,2,16.025000000000002,6.2475000000000005,2,0,NaN
08:09:14,L232,82.62,4,"L232_3,L232_2,L232_1,L232_0",0.0,1,11.01,5.865,1,0,NaN
08:09:16,L232,82.62,4,"L232_3,L232_2,L232_1,L232_0",0.0,2,12.8975,6.0200000000000005,2,0,NaN
08:09:18,L232,82.62,4,"L232_3,L232_2,L232_1,L232_0",0.0,1,10.962499999999999,5.975,1,0,NaN
08:09:20,L232,82.62,4,"L232_3,L232_2,L232_1,L232_0",0.0,2,11.94,5.41,2,0,NaN
08:09:22,L232,82.62,4,"L232_3,L232_2,L232_1,L232_0",0.0,1,10.875,4.8925,1,0,NaN
08:09:24,L232,82.62,4,"L232_3,L232_2,L232_1,L232_0",0.0,2,11.43,4.585,2,0,NaN
08:09:26,L232,82.62,4,"L232_3,L232_2,L232_1,L232_0",0.0,1,10.5,4.2075,1,0,NaN
08:09:28,L232,82.62,4,"L232_3,L232_2,L232_1,L232_0",0.0,1,9.9375,5.5600000000000005,1,0,NaN
08:09:30,L232,82.62,4,"L232_3,L232_2,L232_1,L232_0",0.0,2,12.8,6.3075,2,0,NaN
08:09:32,L232,82.62,4,"L232_3,L232_2,L232_1,L232_0",0.0,2,14.4075,6.92,2,0,NaN
08:09:34,L232,82.62,4,"L232_3,L232_2,L232_1,L232_0",0.0,2,17.505,7.75,2,0,NaN
08:09:36,L232,82.62,4,"L232_3,L232_2,L232_1,L232_0",0.0,2,16.3475,5.805,2,0,NaN
08:09:38,L232,82.62,4,"L232_3,L232_2,L232_1,L232_0",0.0,2,15.2675,6.9475,2,0,NaN
08:09:40,L232,82.62,4,"L232_3,L232_2,L232_1,L232_0",0.0,2,15.562499999999998,6.72,2,0,NaN
08:09:42,L232,82.62,4,"L232_3,L232_2,L232_1,L232_0",0.0,1,11.7225,6.9174999999999995,1,0,NaN
08:09:44,L232,82.62,4,"L232_3,L232_2,L232_1,L232_0",0.0,2,14.012500000000001,5.8325000000000005,2,0,NaN
08:09:46,L232,82.62,4,"L232_3,L232_2,L232_1,L232_0",0.0,2,9.39,4.52,2,0,NaN
08:09:48,L232,82.62,4,"L232_3,L232_2,L232_1,L232_0",0.0,1,6.612500000000001,5.0424999999999995,1,0,NaN
08:09:50,L232,82.62,4,"L232_3,L232_2,L232_1,L232_0",0.0,2,8.469999999999999,5.0675,2,0,NaN
08:09:52,L232,82.62,4,"L232_3,L232_2,L232_1,L232_0",0.0,2,9.212499999999999,5.87,2,0,NaN
08:09:54,L232,82.62,4,"L232_3,L232_2,L232_1,L232_0",0.0,1,7.8475,5.75,1,0,NaN
08:09:56,L232,82.62,4,"L232_3,L232_2,L232_1,L232_0",0.0,1,7.300000000000001,6.21,1,0,NaN
08:09:58,L232,82.62,4,"L232_3,L232_2,L232_1,L232_0",0.5775,1,6.5075,6.99,1,0,NaN
08:10:00,L232,82.62,4,"L232_3,L232_2,L232_1,L232_0",1.155,2,7.705,8.3575,2,0,NaN
08:10:02,L232,82.62,4,"L232_3,L232_2,L232_1,L232_0",2.31,2,7.9925,9.024999999999999,2,0,NaN
08:10:04,L232,82.62,4,"L232_3,L232_2,L232_1,L232_0",3.1225,2,9.585,9.635,2,0,NaN
08:10:06,L232,82.62,4,"L232_3,L232_2,L232_1,L232_0",0.0,2,10.787500000000001,6.99,2,0,NaN
08:10:08,L232,82.62,4,"L232_3,L232_2,L232_1,L232_0",0.0,2,12.8125,7.815,2,0,NaN
08:10:10,L232,82.62,4,"L232_3,L232_2,L232_1,L232_0",0.0,2,10.16,6.2475,2,0,NaN
08:10:12,L232,82.62,4,"L232_3,L232_2,L232_1,L232_0",0.0,2,10.145,5.925,2,0,NaN
08:10:14,L232,82.62,4,"L232_3,L232_2,L232_1,L232_0",0.0,1,7.4725,5.887499999999999,1,0,NaN
08:10:16,L232,82.62,4,"L232_3,L232_2,L232_1,L232_0",0.0,2,14.742500000000001,9.35,2,0,NaN
08:10:18,L232,82.62,4,"L232_3,L232_2,L232_1,L232_0",0.0,2,16.26,8.5775,2,0,NaN
08:10:20,L232,82.62,4,"L232_3,L232_2,L232_1,L232_0",0.0,2,13.535,9.1,2,0,NaN
08:10:22,L232,82.62,4,"L232_3,L232_2,L232_1,L232_0",0.5775,2,15.715,12.0275,2,0,NaN
08:10:24,L232,82.62,4,"L232_3,L232_2,L232_1,L232_0",0.4675,3,18.587500000000002,12.2275,3,0,NaN
08:10:26,L232,82.62,4,"L232_3,L232_2,L232_1,L232_0",0.0,2,18.6775,11.614999999999998,2,0,NaN
08:10:28,L232,82.62,4,"L232_3,L232_2,L232_1,L232_0",0.0,3,25.11,9.7925,3,0,NaN
08:10:30,L232,82.62,4,"L232_3,L232_2,L232_1,L232_0",0.0,2,23.4,11.8675,2,0,NaN
08:10:32,L232,82.62,4,"L232_3,L232_2,L232_1,L232_0",0.0,3,23.755,12.255,3,0,NaN
08:10:34,L232,82.62,4,"L232_3,L232_2,L232_1,L232_0",0.0,2,21.0925,9.842500000000001,2,0,NaN
08:10:36,L232,82.62,4,"L232_3,L232_2,L232_1,L232_0",0.0,2,20.744999999999997,9.344999999999999,2,0,NaN
08:10:38,L232,82.62,4,"L232_3,L232_2,L232_1,L232_0",0.0,2,23.645,8.7325,2,0,NaN
08:10:40,L232,82.62,4,"L232_3,L232_2,L232_1,L232_0",0.0,2,20.009999999999998,9.35,2,0,NaN
08:10:42,L232,82.62,4,"L232_3,L232_2,L232_1,L232_0",0.0,2,17.6,9.715,2,0,NaN
08:10:44,L232,82.62,4,"L232_3,L232_2,L232_1,L232_0",0.0,3,18.0,10.195,3,0,NaN
08:10:46,L232,82.62,4,"L232_3,L232_2,L232_1,L232_0",0.0,2,20.5,10.9025,2,0,NaN
08:10:48,L232,82.62,4,"L232_3,L232_2,L232_1,L232_0",0.4675,3,22.14,11.147499999999999,3,0,NaN
08:10:50,L232,82.62,4,"L232_3,L232_2,L232_1,L232_0",1.155,3,19.735,13.267500000000002,3,0,NaN
08:10:52,L232,82.62,4,"L232_3,L232_2,L232_1,L232_0",0.5,3,21.4075,13.735,3,0,NaN
08:10:54,L232,82.62,4,"L232_3,L232_2,L232_1,L232_0",0.5775,4,21.9925,15.247500000000002,4,0,NaN
08:10:56,L232,82.62,4,"L232_3,L232_2,L232_1,L232_0",0.0,4,28.412499999999998,16.685000000000002,4,0,NaN
08:10:58,L232,82.62,4,"L232_3,L232_2,L232_1,L232_0",0.5125,4,26.0,15.7,4,0,NaN
08:11:00,L232,82.62,4,"L232_3,L232_2,L232_1,L232_0",0.0,4,24.727500000000003,13.815000000000001,4,0,NaN
08:11:02,L232,82.62,4,"L232_3,L232_2,L232_1,L232_0",0.4575,4,27.159999999999997,15.6525,4,0,NaN
08:11:04,L232,82.62,4,"L232_3,L232_2,L232_1,L232_0",1.4875,4,28.484999999999996,18.1375,4,0,NaN
08:11:06,L232,82.62,4,"L232_3,L232_2,L232_1,L232_0",1.7325,4,25.667500000000004,16.5325,4,0,NaN
08:11:08,L232,82.62,4,"L232_3,L232_2,L232_1,L232_0",0.0,4,24.57,17.060000000000002,4,0,NaN
08:11:10,L232,82.62,4,"L232_3,L232_2,L232_1,L232_0",3.7725,4,24.880000000000003,17.275,4,0,NaN
08:11:12,L232,82.62,4,"L232_3,L232_2,L232_1,L232_0",1.155,4,27.405,18.1125,4,0,NaN
08:11:14,L232,82.62,4,"L232_3,L232_2,L232_1,L232_0",0.0,4,31.702500000000004,18.142500000000002,4,0,NaN
08:11:16,L232,82.62,4,"L232_3,L232_2,L232_1,L232_0",2.71,4,25.302500000000002,18.7475,4,0,NaN
08:11:18,L232,82.62,4,"L232_3,L232_2,L232_1,L232_0",1.155,4,22.33,17.020000000000003,4,0,NaN
08:11:20,L232,82.62,4,"L232_3,L232_2,L232_1,L232_0",0.4425,3,17.8125,15.8825,3,0,NaN
08:11:22,L232,82.62,4,"L232_3,L232_2,L232_1,L232_0",0.5775,4,13.8925,15.9675,4,0,NaN
08:11:24,L232,82.62,4,"L232_3,L232_2,L232_1,L232_0",0.5775,3,12.575,11.605,3,0,NaN
08:11:26,L232,82.62,4,"L232_3,L232_2,L232_1,L232_0",0.0,3,15.725,11.335,3,0,NaN
08:11:28,L232,82.62,4,"L232_3,L232_2,L232_1,L232_0",1.7325,3,18.4325,15.777500000000002,3,0,NaN
08:11:30,L232,82.62,4,"L232_3,L232_2,L232_1,L232_0",0.0,3,18.415,15.2175,3,0,NaN
08:11:32,L232,82.62,4,"L232_3,L232_2,L232_1,L232_0",0.0,3,15.592500000000001,14.907499999999999,3,0,NaN
08:11:34,L232,82.62,4,"L232_3,L232_2,L232_1,L232_0",0.0,3,12.009999999999998,14.0,3,0,NaN
08:11:36,L232,82.62,4,"L232_3,L232_2,L232_1,L232_0",1.155,2,8.4425,11.684999999999999,2,0,NaN
08:11:38,L232,82.62,4,"L232_3,L232_2,L232_1,L232_0",1.105,3,10.3125,12.21,3,0,NaN
08:11:40,L232,82.62,4,"L232_3,L232_2,L232_1,L232_0",2.0175,3,12.405000000000001,11.6,3,0,NaN
08:11:42,L232,82.62,4,"L232_3,L232_2,L232_1,L232_0",1.3025,3,16.0125,9.775,3,0,NaN
08:11:44,L232,82.62,4,"L232_3,L232_2,L232_1,L232_0",0.285,3,17.53,11.634999999999998,3,0,NaN
08:11:46,L232,82.62,4,"L232_3,L232_2,L232_1,L232_0",0.285,3,18.715,12.205000000000002,3,0,NaN
08:11:48,L232,82.62,4,"L232_3,L232_2,L232_1,L232_0",0.285,4,21.35,14.594999999999999,4,0,NaN
08:11:50,L232,82.62,4,"L232_3,L232_2,L232_1,L232_0",1.79,4,21.7025,15.307500000000001,4,0,NaN
08:11:52,L232,82.62,4,"L232_3,L232_2,L232_1,L232_0",0.285,3,16.1375,13.127500000000001,3,0,NaN
08:11:54,L232,82.62,4,"L232_3,L232_2,L232_1,L232_0",2.1,3,11.095,13.7525,3,0,NaN
08:11:56,L232,82.62,4,"L232_3,L232_2,L232_1,L232_0",3.3075,4,13.895,14.935,4,0,NaN
08:11:58,L232,82.62,4,"L232_3,L232_2,L232_1,L232_0",1.61,3,12.6425,14.4825,3,0,NaN
08:12:00,L232,82.62,4,"L232_3,L232_2,L232_1,L232_0",3.5025,4,15.469999999999999,16.4175,4,0,NaN
08:12:02,L232,82.62,4,"L232_3,L232_2,L232_1,L232_0",5.362500000000001,4,14.115,16.7225,4,0,NaN
08:12:04,L232,82.62,4,"L232_3,L232_2,L232_1,L232_0",6.422499999999999,4,13.5,18.815,4,0,NaN
08:12:06,L232,82.62,4,"L232_3,L232_2,L232_1,L232_0",6.95,4,11.575,18.4375,4,0,NaN
08:12:08,L232,82.62,4,"L232_3,L232_2,L232_1,L232_0",1.155,4,13.1775,14.280000000000001,4,0,NaN
08:12:10,L232,82.62,4,"L232_3,L232_2,L232_1,L232_0",0.0,4,15.905,16.15,4,0,NaN
08:12:12,L232,82.62,4,"L232_3,L232_2,L232_1,L232_0",2.31,4,21.792499999999997,17.18,4,0,NaN
08:12:14,L232,82.62,4,"L232_3,L232_2,L232_1,L232_0",1.07,4,25.284999999999997,16.28,4,0,NaN
08:12:16,L232,82.62,4,"L232_3,L232_2,L232_1,L232_0",0.0,3,23.1375,15.302499999999998,3,0,NaN
08:12:18,L232,82.62,4,"L232_3,L232_2,L232_1,L232_0",0.0,4,23.215,12.9875,4,0,NaN
08:12:20,L232,82.62,4,"L232_3,L232_2,L232_1,L232_0",0.4475,2,14.885,11.647499999999999,2,0,NaN
08:12:22,L232,82.62,4,"L232_3,L232_2,L232_1,L232_0",0.0,2,14.03,10.7175,2,0,NaN
08:12:24,L232,82.62,4,"L232_3,L232_2,L232_1,L232_0",1.0725,2,14.09,11.190000000000001,2,0,NaN
08:12:26,L232,82.62,4,"L232_3,L232_2,L232_1,L232_0",0.0,2,11.8775,9.350000000000001,2,0,NaN
08:12:28,L232,82.62,4,"L232_3,L232_2,L232_1,L232_0",0.0,2,12.295,10.067499999999999,2,0,NaN
08:12:30,L232,82.62,4,"L232_3,L232_2,L232_1,L232_0",0.5775,2,13.0875,8.629999999999999,2,0,NaN
08:12:32,L232,82.62,4,"L232_3,L232_2,L232_1,L232_0",0.0,2,12.200000000000001,8.215,2,0,NaN
08:12:34,L232,82.62,4,"L232_3,L232_2,L232_1,L232_0",0.0,2,17.002499999999998,8.7825,2,0,NaN
08:12:36,L232,82.62,4,"L232_3,L232_2,L232_1,L232_0",0.0,2,21.15,8.73,2,0,NaN
08:12:38,L232,82.62,4,"L232_3,L232_2,L232_1,L232_0",0.0,2,20.839999999999996,10.572500000000002,2,0,NaN
08:12:40,L232,82.62,4,"L232_3,L232_2,L232_1,L232_0",0.5775,2,14.617500000000001,10.3375,2,0,NaN
08:12:42,L232,82.62,4,"L232_3,L232_2,L232_1,L232_0",0.0,3,18.41,9.8825,3,0,NaN
08:12:44,L232,82.62,4,"L232_3,L232_2,L232_1,L232_0",0.4825,2,15.37,9.669999999999998,2,0,NaN
08:12:46,L232,82.62,4,"L232_3,L232_2,L232_1,L232_0",0.0,3,17.48,10.6175,3,0,NaN
08:12:48,L232,82.62,4,"L232_3,L232_2,L232_1,L232_0",0.0,3,22.087500000000002,13.5275,3,0,NaN
08:12:50,L232,82.62,4,"L232_3,L232_2,L232_1,L232_0",0.0,3,24.4575,13.2625,3,0,NaN
08:12:52,L232,82.62,4,"L232_3,L232_2,L232_1,L232_0",0.0,3,22.3375,11.645,3,0,NaN
08:12:54,L232,82.62,4,"L232_3,L232_2,L232_1,L232_0",0.0,3,23.762499999999996,10.84,3,0,NaN
08:12:56,L232,82.62,4,"L232_3,L232_2,L232_1,L232_0",0.0,2,19.22,9.4175,2,0,NaN
08:12:58,L232,82.62,4,"L232_3,L232_2,L232_1,L232_0",0.0,3,20.574999999999996,11.377500000000001,3,0,NaN
08:13:00,L232,82.62,4,"L232_3,L232_2,L232_1,L232_0",0.0,2,14.11,8.66,2,0,NaN
08:13:02,L232,82.62,4,"L232_3,L232_2,L232_1,L232_0",0.0,2,16.4475,9.3275,2,0,NaN
08:13:04,L232,82.62,4,"L232_3,L232_2,L232_1,L232_0",0.5775,2,21.895,9.27,2,0,NaN
08:13:06,L232,82.62,4,"L232_3,L232_2,L232_1,L232_0",0.0,3,22.2825,8.02,3,0,NaN
08:13:08,L232,82.62,4,"L232_3,L232_2,L232_1,L232_0",0.0,2,17.427500000000002,7.69,2,0,NaN
08:13:10,L232,82.62,4,"L232_3,L232_2,L232_1,L232_0",0.0,2,17.8725,7.652500000000001,2,0,NaN
08:13:12,L232,82.62,4,"L232_3,L232_2,L232_1,L232_0",0.0,2,13.67,6.6075,2,0,NaN
08:13:14,L232,82.62,4,"L232_3,L232_2,L232_1,L232_0",0.0,2,20.085,8.185,2,0,NaN
08:13:16,L232,82.62,4,"L232_3,L232_2,L232_1,L232_0",0.0,2,21.009999999999998,10.67,2,0,NaN
08:13:18,L232,82.62,4,"L232_3,L232_2,L232_1,L232_0",0.0,2,24.37,9.2975,2,0,NaN
08:13:20,L232,82.62,4,"L232_3,L232_2,L232_1,L232_0",0.0,2,19.82,8.8725,2,0,NaN
08:13:22,L232,82.62,4,"L232_3,L232_2,L232_1,L232_0",0.0,3,24.5225,9.035,3,0,NaN
08:13:24,L232,82.62,4,"L232_3,L232_2,L232_1,L232_0",0.0,3,31.23,11.315000000000001,3,0,NaN
08:13:26,L232,82.62,4,"L232_3,L232_2,L232_1,L232_0",0.0,2,23.400000000000002,13.0975,2,0,NaN
08:13:28,L232,82.62,4,"L232_3,L232_2,L232_1,L232_0",0.0,3,18.195,12.1425,3,0,NaN
08:13:30,L232,82.62,4,"L232_3,L232_2,L232_1,L232_0",0.0,3,16.32,11.0475,3,0,NaN
08:13:32,L232,82.62,4,"L232_3,L232_2,L232_1,L232_0",0.0,2,13.025,10.93,2,0,NaN
08:13:34,L232,82.62,4,"L232_3,L232_2,L232_1,L232_0",0.44,2,13.569999999999999,10.662500000000001,2,0,NaN
08:13:36,L232,82.62,4,"L232_3,L232_2,L232_1,L232_0",0.5775,2,11.9325,9.5825,2,0,NaN
08:13:38,L232,82.62,4,"L232_3,L232_2,L232_1,L232_0",0.0,2,12.345,9.8,2,0,NaN
08:13:40,L232,82.62,4,"L232_3,L232_2,L232_1,L232_0",0.0,2,12.0,9.2,2,0,NaN
08:13:42,L232,82.62,4,"L232_3,L232_2,L232_1,L232_0",0.0,2,8.7325,8.165,2,0,NaN
08:13:44,L232,82.62,4,"L232_3,L232_2,L232_1,L232_0",0.0,2,10.840000000000002,8.6225,2,0,NaN
08:13:46,L232,82.62,4,"L232_3,L232_2,L232_1,L232_0",0.5775,2,7.055,7.26,2,0,NaN
08:13:48,L232,82.62,4,"L232_3,L232_2,L232_1,L232_0",1.1425,2,9.0325,7.5875,2,0,NaN
08:13:50,L232,82.62,4,"L232_3,L232_2,L232_1,L232_0",0.97,2,11.64,8.4425,2,0,NaN
08:13:52,L232,82.62,4,"L232_3,L232_2,L232_1,L232_0",1.7325,2,12.1925,9.467500000000001,2,0,NaN
08:13:54,L232,82.62,4,"L232_3,L232_2,L232_1,L232_0",3.1900000000000004,3,11.695,10.375,3,0,NaN
08:13:56,L232,82.62,4,"L232_3,L232_2,L232_1,L232_0",4.06,2,6.5275,11.122499999999999,2,0,NaN
08:13:58,L232,82.62,4,"L232_3,L232_2,L232_1,L232_0",5.2125,3,11.825000000000001,14.330000000000002,3,0,NaN
08:14:00,L232,82.62,4,"L232_3,L232_2,L232_1,L232_0",7.015000000000001,4,14.505,16.2225,4,0,NaN
08:14:02,L232,82.62,4,"L232_3,L232_2,L232_1,L232_0",8.725000000000001,3,13.2425,16.775,3,0,NaN
08:14:04,L232,82.62,4,"L232_3,L232_2,L232_1,L232_0",9.61,4,14.535,18.535,4,0,NaN
08:14:06,L232,82.62,4,"L232_3,L232_2,L232_1,L232_0",8.350000000000001,4,14.512500000000001,16.32,4,0,NaN
08:14:08,L232,82.62,4,"L232_3,L232_2,L232_1,L232_0",4.455,4,12.8225,14.674999999999999,4,0,NaN
08:14:10,L232,82.62,4,"L232_3,L232_2,L232_1,L232_0",2.2425,4,15.045,10.540000000000001,4,0,NaN
08:14:12,L232,82.62,4,"L232_3,L232_2,L232_1,L232_0",0.0,4,21.3375,12.825,4,0,NaN
08:14:14,L232,82.62,4,"L232_3,L232_2,L232_1,L232_0",1.155,4,26.534999999999997,18.0825,4,0,NaN
08:14:16,L232,82.62,4,"L232_3,L232_2,L232_1,L232_0",2.1425,4,27.8825,20.849999999999998,4,0,NaN
08:14:18,L232,82.62,4,"L232_3,L232_2,L232_1,L232_0",0.0,4,23.0575,19.104999999999997,4,0,NaN
08:14:20,L232,82.62,4,"L232_3,L232_2,L232_1,L232_0",0.0,4,20.0975,19.439999999999998,4,0,NaN
08:14:22,L232,82.62,4,"L232_3,L232_2,L232_1,L232_0",1.7325,4,15.7375,17.612499999999997,4,0,NaN
08:14:24,L232,82.62,4,"L232_3,L232_2,L232_1,L232_0",1.0275,4,14.7125,16.245,4,0,NaN
08:14:26,L232,82.62,4,"L232_3,L232_2,L232_1,L232_0",0.0,3,16.1325,14.225000000000001,3,0,NaN
08:14:28,L232,82.62,4,"L232_3,L232_2,L232_1,L232_0",0.4325,3,14.715000000000002,12.600000000000001,3,0,NaN
08:14:30,L232,82.62,4,"L232_3,L232_2,L232_1,L232_0",0.0,2,10.254999999999999,8.285,2,0,NaN
08:14:32,L232,82.62,4,"L232_3,L232_2,L232_1,L232_0",0.0,2,12.1525,7.8100000000000005,2,0,NaN
08:14:34,L232,82.62,4,"L232_3,L232_2,L232_1,L232_0",1.155,2,13.1875,7.97,2,0,NaN
08:14:36,L232,82.62,4,"L232_3,L232_2,L232_1,L232_0",0.0,2,10.7725,7.665,2,0,NaN
08:14:38,L232,82.62,4,"L232_3,L232_2,L232_1,L232_0",0.4275,2,12.1975,8.845,2,0,NaN
08:14:40,L232,82.62,4,"L232_3,L232_2,L232_1,L232_0",0.0,2,17.0275,9.2,2,0,NaN
08:14:42,L232,82.62,4,"L232_3,L232_2,L232_1,L232_0",0.0,2,15.8,10.927500000000002,2,0,NaN
08:14:44,L232,82.62,4,"L232_3,L232_2,L232_1,L232_0",0.0,2,13.1675,10.925,2,0,NaN
08:14:46,L232,82.62,4,"L232_3,L232_2,L232_1,L232_0",0.5775,3,13.29,11.515,3,0,NaN
08:14:48,L232,82.62,4,"L232_3,L232_2,L232_1,L232_0",0.0,2,13.152500000000002,10.64,2,0,NaN
08:14:50,L232,82.62,4,"L232_3,L232_2,L232_1,L232_0",1.155,2,13.205,10.335,2,0,NaN
08:14:52,L232,82.62,4,"L232_3,L232_2,L232_1,L232_0",0.0,2,12.185,7.9075,2,0,NaN
08:14:54,L232,82.62,4,"L232_3,L232_2,L232_1,L232_0",0.0,2,9.18,7.4575,2,0,NaN
08:14:56,L232,82.62,4,"L232_3,L232_2,L232_1,L232_0",0.0,2,9.392500000000002,7.445,2,0,NaN
08:14:58,L232,82.62,4,"L232_3,L232_2,L232_1,L232_0",0.0,2,8.397499999999999,7.0175,2,0,NaN
08:15:00,L232,82.62,4,"L232_3,L232_2,L232_1,L232_0",0.0,2,14.8975,9.004999999999999,2,0,NaN
08:15:02,L232,82.62,4,"L232_3,L232_2,L232_1,L232_0",1.025,2,13.68,9.24,2,0,NaN
08:15:04,L232,82.62,4,"L232_3,L232_2,L232_1,L232_0",0.0,2,13.4925,10.004999999999999,2,0,NaN
08:15:06,L232,82.62,4,"L232_3,L232_2,L232_1,L232_0",0.0,2,12.092499999999998,10.445,2,0,NaN
08:15:08,L232,82.62,4,"L232_3,L232_2,L232_1,L232_0",0.5775,3,17.115000000000002,9.805,3,0,NaN
08:15:10,L232,82.62,4,"L232_3,L232_2,L232_1,L232_0",0.45,2,12.535,8.2275,2,0,NaN
08:15:12,L232,82.62,4,"L232_3,L232_2,L232_1,L232_0",0.0,2,15.170000000000002,7.4725,2,0,NaN
08:15:14,L232,82.62,4,"L232_3,L232_2,L232_1,L232_0",0.5775,2,11.035,7.8075,2,0,NaN
08:15:16,L232,82.62,4,"L232_3,L232_2,L232_1,L232_0",0.0,2,16.445,8.5,2,0,NaN
08:15:18,L232,82.62,4,"L232_3,L232_2,L232_1,L232_0",0.0,2,17.775,8.4825,2,0,NaN
08:15:20,L232,82.62,4,"L232_3,L232_2,L232_1,L232_0",0.0,2,15.13,7.535,2,0,NaN
08:15:22,L232,82.62,4,"L232_3,L232_2,L232_1,L232_0",0.0,2,18.715,8.02,2,0,NaN
08:15:24,L232,82.62,4,"L232_3,L232_2,L232_1,L232_0",0.0,2,12.045,6.765,2,0,NaN
08:15:26,L232,82.62,4,"L232_3,L232_2,L232_1,L232_0",0.0,2,17.2625,9.192499999999999,2,0,NaN
08:15:28,L232,82.62,4,"L232_3,L232_2,L232_1,L232_0",0.0,2,16.5075,9.6125,2,0,NaN
08:15:30,L232,82.62,4,"L232_3,L232_2,L232_1,L232_0",0.485,2,16.2275,11.07,2,0,NaN
08:15:32,L232,82.62,4,"L232_3,L232_2,L232_1,L232_0",0.0,2,11.754999999999999,10.52,2,0,NaN
08:15:34,L232,82.62,4,"L232_3,L232_2,L232_1,L232_0",1.005,2,10.74,10.307500000000001,2,0,NaN
08:15:36,L232,82.62,4,"L232_3,L232_2,L232_1,L232_0",0.0,2,12.612499999999999,8.385,2,0,NaN
08:15:38,L232,82.62,4,"L232_3,L232_2,L232_1,L232_0",0.0,3,22.165000000000003,7.8475,3,0,NaN
08:15:40,L232,82.62,4,"L232_3,L232_2,L232_1,L232_0",0.0,2,21.947499999999998,7.865,2,0,NaN
08:15:42,L232,82.62,4,"L232_3,L232_2,L232_1,L232_0",0.0,2,20.585,8.059999999999999,2,0,NaN
08:15:44,L232,82.62,4,"L232_3,L232_2,L232_1,L232_0",0.0,2,21.64,8.7175,2,0,NaN
08:15:46,L232,82.62,4,"L232_3,L232_2,L232_1,L232_0",0.0,2,11.967500000000001,6.6975,2,0,NaN
08:15:48,L232,82.62,4,"L232_3,L232_2,L232_1,L232_0",0.0,2,10.5,6.99,2,0,NaN
08:15:50,L232,82.62,4,"L232_3,L232_2,L232_1,L232_0",0.0,2,12.1375,5.885,2,0,NaN
08:15:52,L232,82.62,4,"L232_3,L232_2,L232_1,L232_0",0.0,1,9.377500000000001,5.6675,1,0,NaN
08:15:54,L232,82.62,4,"L232_3,L232_2,L232_1,L232_0",0.5775,1,5.4575,5.3625,1,0,NaN
08:15:56,L232,82.62,4,"L232_3,L232_2,L232_1,L232_0",0.0,2,13.98,7.1575,2,0,NaN
08:15:58,L232,82.62,4,"L232_3,L232_2,L232_1,L232_0",0.0,2,17.1325,8.045,2,0,NaN
08:16:00,L232,82.62,4,"L232_3,L232_2,L232_1,L232_0",0.0,2,14.6825,8.3875,2,0,NaN
08:16:02,L232,82.62,4,"L232_3,L232_2,L232_1,L232_0",0.0,2,16.4475,9.11,2,0,NaN
08:16:04,L232,82.62,4,"L232_3,L232_2,L232_1,L232_0",0.0,2,14.497499999999999,6.914999999999999,2,0,NaN
08:16:06,L232,82.62,4,"L232_3,L232_2,L232_1,L232_0",0.0,2,12.934999999999999,7.8175,2,0,NaN
08:16:08,L232,82.62,4,"L232_3,L232_2,L232_1,L232_0",0.0,2,17.1625,7.9174999999999995,2,0,NaN
08:16:10,L232,82.62,4,"L232_3,L232_2,L232_1,L232_0",0.0,2,12.1575,6.99,2,0,NaN
08:16:12,L232,82.62,4,"L232_3,L232_2,L232_1,L232_0",0.0,2,14.0,7.625,2,0,NaN
08:16:14,L232,82.62,4,"L232_3,L232_2,L232_1,L232_0",0.5775,2,15.3125,8.092500000000001,2,0,NaN
08:16:16,L232,82.62,4,"L232_3,L232_2,L232_1,L232_0",0.5025,2,14.875,9.25,2,0,NaN
08:16:18,L232,82.62,4,"L232_3,L232_2,L232_1,L232_0",1.155,2,12.485000000000001,9.629999999999999,2,0,NaN
08:16:20,L232,82.62,4,"L232_3,L232_2,L232_1,L232_0",1.0375,2,10.47,10.575,2,0,NaN
08:16:22,L232,82.62,4,"L232_3,L232_2,L232_1,L232_0",1.155,2,12.062500000000002,10.6,2,0,NaN
08:16:24,L232,82.62,4,"L232_3,L232_2,L232_1,L232_0",0.0,3,16.295,9.2225,3,0,NaN
08:16:26,L232,82.62,4,"L232_3,L232_2,L232_1,L232_0",0.0,2,12.91,9.142499999999998,2,0,NaN
08:16:28,L232,82.62,4,"L232_3,L232_2,L232_1,L232_0",0.5775,2,20.295,8.6025,2,0,NaN
08:16:30,L232,82.62,4,"L232_3,L232_2,L232_1,L232_0",0.0,2,15.5025,8.682500000000001,2,0,NaN
08:16:32,L232,82.62,4,"L232_3,L232_2,L232_1,L232_0",0.0,2,15.8025,9.2825,2,0,NaN
08:16:34,L232,82.62,4,"L232_3,L232_2,L232_1,L232_0",0.0,2,14.860000000000001,8.504999999999999,2,0,NaN
08:16:36,L232,82.62,4,"L232_3,L232_2,L232_1,L232_0",0.0,2,14.882499999999999,10.02,2,0,NaN
08:16:38,L232,82.62,4,"L232_3,L232_2,L232_1,L232_0",0.0,2,14.735,9.307500000000001,2,0,NaN
08:16:40,L232,82.62,4,"L232_3,L232_2,L232_1,L232_0",0.0,2,18.12,9.785,2,0,NaN
08:16:42,L232,82.62,4,"L232_3,L232_2,L232_1,L232_0",0.0,3,23.76,12.48,3,0,NaN
08:16:44,L232,82.62,4,"L232_3,L232_2,L232_1,L232_0",0.0,2,19.73,10.145000000000001,2,0,NaN
08:16:46,L232,82.62,4,"L232_3,L232_2,L232_1,L232_0",0.0,2,16.37,9.5275,2,0,NaN
08:16:48,L232,82.62,4,"L232_3,L232_2,L232_1,L232_0",0.0,2,14.0925,9.4575,2,0,NaN
08:16:50,L232,82.62,4,"L232_3,L232_2,L232_1,L232_0",0.0,2,15.1,6.272500000000001,2,0,NaN
08:16:52,L232,82.62,4,"L232_3,L232_2,L232_1,L232_0",0.0,2,23.669999999999998,8.495000000000001,2,0,NaN
08:16:54,L232,82.62,4,"L232_3,L232_2,L232_1,L232_0",0.0,2,15.3125,7.85,2,0,NaN
08:16:56,L232,82.62,4,"L232_3,L232_2,L232_1,L232_0",0.0,2,19.7525,8.605,2,0,NaN
08:16:58,L232,82.62,4,"L232_3,L232_2,L232_1,L232_0",0.0,2,20.399999999999995,10.504999999999999,2,0,NaN
08:17:00,L232,82.62,4,"L232_3,L232_2,L232_1,L232_0",0.0,3,26.490000000000002,8.305,3,0,NaN
08:17:02,L232,82.62,4,"L232_3,L232_2,L232_1,L232_0",0.0,2,24.9,9.127500000000001,2,0,NaN
08:17:04,L232,82.62,4,"L232_3,L232_2,L232_1,L232_0",0.0,2,19.869999999999997,7.965,2,0,NaN
08:17:06,L232,82.62,4,"L232_3,L232_2,L232_1,L232_0",0.0,2,12.272499999999999,8.817499999999999,2,0,NaN
08:17:08,L232,82.62,4,"L232_3,L232_2,L232_1,L232_0",0.0,2,11.78,8.1875,2,0,NaN
08:17:10,L232,82.62,4,"L232_3,L232_2,L232_1,L232_0",0.5775,2,12.3625,9.100000000000001,2,0,NaN
08:17:12,L232,82.62,4,"L232_3,L232_2,L232_1,L232_0",0.0,2,13.905000000000001,7.7975,2,0,NaN
08:17:14,L232,82.62,4,"L232_3,L232_2,L232_1,L232_0",0.0,2,11.087499999999999,6.4875,2,0,NaN
08:17:16,L232,82.62,4,"L232_3,L232_2,L232_1,L232_0",0.0,2,12.165000000000001,6.7625,2,0,NaN
08:17:18,L232,82.62,4,"L232_3,L232_2,L232_1,L232_0",0.0,1,9.3775,6.2925,1,0,NaN
08:17:20,L232,82.62,4,"L232_3,L232_2,L232_1,L232_0",0.0,2,9.4325,5.45,2,0,NaN
08:17:22,L232,82.62,4,"L232_3,L232_2,L232_1,L232_0",0.0,2,12.105,6.2075,2,0,NaN
08:17:24,L232,82.62,4,"L232_3,L232_2,L232_1,L232_0",0.0,2,11.6525,7.0475,2,0,NaN
08:17:26,L232,82.62,4,"L232_3,L232_2,L232_1,L232_0",0.0,2,17.150000000000002,7.275,2,0,NaN
08:17:28,L232,82.62,4,"L232_3,L232_2,L232_1,L232_0",0.0,2,14.2125,7.6875,2,0,NaN
08:17:30,L232,82.62,4,"L232_3,L232_2,L232_1,L232_0",0.0,2,17.3575,10.719999999999999,2,0,NaN
08:17:32,L232,82.62,4,"L232_3,L232_2,L232_1,L232_0",0.4925,3,24.11,11.254999999999999,3,0,NaN
08:17:34,L232,82.62,4,"L232_3,L232_2,L232_1,L232_0",0.5775,3,18.884999999999998,12.1675,3,0,NaN
08:17:36,L232,82.62,4,"L232_3,L232_2,L232_1,L232_0",0.0,4,26.835,13.3125,4,0,NaN
08:17:38,L232,82.62,4,"L232_3,L232_2,L232_1,L232_0",0.0,3,22.645,11.645,3,0,NaN
08:17:40,L232,82.62,4,"L232_3,L232_2,L232_1,L232_0",0.0,3,18.5125,10.482500000000002,3,0,NaN
08:17:42,L232,82.62,4,"L232_3,L232_2,L232_1,L232_0",0.0,3,21.9925,9.6425,3,0,NaN
08:17:44,L232,82.62,4,"L232_3,L232_2,L232_1,L232_0",0.0,2,16.41,8.61,2,0,NaN
08:17:46,L232,82.62,4,"L232_3,L232_2,L232_1,L232_0",0.5775,2,13.8,9.467500000000001,2,0,NaN
08:17:48,L232,82.62,4,"L232_3,L232_2,L232_1,L232_0",0.5775,2,16.37,9.810000000000002,2,0,NaN
08:17:50,L232,82.62,4,"L232_3,L232_2,L232_1,L232_0",0.0,2,17.604999999999997,11.3825,2,0,NaN
08:17:52,L232,82.62,4,"L232_3,L232_2,L232_1,L232_0",1.0675,2,15.262500000000001,12.1975,2,0,NaN
08:17:54,L232,82.62,4,"L232_3,L232_2,L232_1,L232_0",0.5775,2,13.372500000000002,10.945,2,0,NaN
08:17:56,L232,82.62,4,"L232_3,L232_2,L232_1,L232_0",0.5775,3,17.255000000000003,10.21,3,0,NaN
08:17:58,L232,82.62,4,"L232_3,L232_2,L232_1,L232_0",0.0,2,8.8275,8.55,2,0,NaN
08:18:00,L232,82.62,4,"L232_3,L232_2,L232_1,L232_0",1.0375,2,12.332500000000001,10.565000000000001,2,0,NaN
08:18:02,L232,82.62,4,"L232_3,L232_2,L232_1,L232_0",0.0,2,12.9825,8.54,2,0,NaN
08:18:04,L232,82.62,4,"L232_3,L232_2,L232_1,L232_0",0.0,2,14.192499999999999,9.615000000000002,2,0,NaN
08:18:06,L232,82.62,4,"L232_3,L232_2,L232_1,L232_0",1.155,2,15.405,11.4025,2,0,NaN
08:18:08,L232,82.62,4,"L232_3,L232_2,L232_1,L232_0",0.0,3,18.1125,10.695,3,0,NaN
08:18:10,L232,82.62,4,"L232_3,L232_2,L232_1,L232_0",0.5775,2,15.26,9.495000000000001,2,0,NaN
08:18:12,L232,82.62,4,"L232_3,L232_2,L232_1,L232_0",0.0,2,18.3525,10.0225,2,0,NaN
08:18:14,L232,82.62,4,"L232_3,L232_2,L232_1,L232_0",0.0,3,19.775000000000002,10.455,3,0,NaN
08:18:16,L232,82.62,4,"L232_3,L232_2,L232_1,L232_0",0.5775,3,20.467499999999998,10.68,3,0,NaN
08:18:18,L232,82.62,4,"L232_3,L232_2,L232_1,L232_0",0.0,3,19.435,10.959999999999999,3,0,NaN
08:18:20,L232,82.62,4,"L232_3,L232_2,L232_1,L232_0",0.0,2,20.2725,9.754999999999999,2,0,NaN
08:18:22,L232,82.62,4,"L232_3,L232_2,L232_1,L232_0",0.5775,2,13.3625,9.705000000000002,2,0,NaN
08:18:24,L232,82.62,4,"L232_3,L232_2,L232_1,L232_0",0.4675,2,15.1075,9.864999999999998,2,0,NaN
08:18:26,L232,82.62,4,"L232_3,L232_2,L232_1,L232_0",1.155,2,11.8775,9.645,2,0,NaN
08:18:28,L232,82.62,4,"L232_3,L232_2,L232_1,L232_0",0.5025,2,13.7575,7.390000000000001,2,0,NaN
08:18:30,L232,82.62,4,"L232_3,L232_2,L232_1,L232_0",0.0,2,15.89,8.4475,2,0,NaN
08:18:32,L232,82.62,4,"L232_3,L232_2,L232_1,L232_0",0.0,2,18.725,9.184999999999999,2,0,NaN
08:18:34,L232,82.62,4,"L232_3,L232_2,L232_1,L232_0",0.0,2,11.19,9.785,2,0,NaN
08:18:36,L232,82.62,4,"L232_3,L232_2,L232_1,L232_0",1.0325,2,10.3025,11.864999999999998,2,0,NaN
08:18:38,L232,82.62,4,"L232_3,L232_2,L232_1,L232_0",0.5775,3,17.564999999999998,12.95,3,0,NaN
08:18:40,L232,82.62,4,"L232_3,L232_2,L232_1,L232_0",0.0,3,19.2825,13.424999999999999,3,0,NaN
08:18:42,L232,82.62,4,"L232_3,L232_2,L232_1,L232_0",2.1550000000000002,3,15.8425,12.892499999999998,3,0,NaN
08:18:44,L232,82.62,4,"L232_3,L232_2,L232_1,L232_0",0.0,2,14.682500000000001,9.215,2,0,NaN
08:18:46,L232,82.62,4,"L232_3,L232_2,L232_1,L232_0",0.0,2,13.02,7.442500000000001,2,0,NaN
08:18:48,L232,82.62,4,"L232_3,L232_2,L232_1,L232_0",0.0,1,8.8925,5.5925,1,0,NaN
08:18:50,L232,82.62,4,"L232_3,L232_2,L232_1,L232_0",0.0,2,10.9125,5.465,2,0,NaN
08:18:52,L232,82.62,4,"L232_3,L232_2,L232_1,L232_0",0.0,2,9.7425,5.2700000000000005,2,0,NaN
08:18:54,L232,82.62,4,"L232_3,L232_2,L232_1,L232_0",0.0,1,8.6625,5.9625,1,0,NaN
08:18:56,L232,82.62,4,"L232_3,L232_2,L232_1,L232_0",0.0,1,9.3575,5.81,1,0,NaN
08:18:58,L232,82.62,4,"L232_3,L232_2,L232_1,L232_0",0.0,2,10.6125,6.165,2,0,NaN
08:19:00,L232,82.62,4,"L232_3,L232_2,L232_1,L232_0",0.0,2,12.165,6.4825,2,0,NaN
08:19:02,L232,82.62,4,"L232_3,L232_2,L232_1,L232_0",0.0,2,14.745000000000001,7.3025,2,0,NaN
08:19:04,L232,82.62,4,"L232_3,L232_2,L232_1,L232_0",0.0,2,17.287499999999998,8.61,2,0,NaN
08:19:06,L232,82.62,4,"L232_3,L232_2,L232_1,L232_0",0.0,3,20.564999999999998,9.215,3,0,NaN
08:19:08,L232,82.62,4,"L232_3,L232_2,L232_1,L232_0",0.0,2,17.79,10.1475,2,0,NaN
08:19:10,L232,82.62,4,"L232_3,L232_2,L232_1,L232_0",0.0,2,18.615000000000002,9.7425,2,0,NaN
08:19:12,L232,82.62,4,"L232_3,L232_2,L232_1,L232_0",0.0,2,19.6325,9.489999999999998,2,0,NaN
08:19:14,L232,82.62,4,"L232_3,L232_2,L232_1,L232_0",0.0,3,20.9075,11.432500000000001,3,0,NaN
08:19:16,L232,82.62,4,"L232_3,L232_2,L232_1,L232_0",0.4525,3,19.0475,13.7775,3,0,NaN
08:19:18,L232,82.62,4,"L232_3,L232_2,L232_1,L232_0",0.5775,3,20.7725,12.887500000000001,3,0,NaN
08:19:20,L232,82.62,4,"L232_3,L232_2,L232_1,L232_0",0.4175,2,16.325,11.75,2,0,NaN
08:19:22,L232,82.62,4,"L232_3,L232_2,L232_1,L232_0",0.5775,3,14.7275,11.695,3,0,NaN
08:19:24,L232,82.62,4,"L232_3,L232_2,L232_1,L232_0",0.5775,3,15.482499999999998,9.740000000000002,3,0,NaN
08:19:26,L232,82.62,4,"L232_3,L232_2,L232_1,L232_0",0.4425,2,13.555,9.0625,2,0,NaN
08:19:28,L232,82.62,4,"L232_3,L232_2,L232_1,L232_0",0.5775,2,10.825,8.565,2,0,NaN
08:19:30,L232,82.62,4,"L232_3,L232_2,L232_1,L232_0",0.0,2,14.3725,7.7375,2,0,NaN
08:19:32,L232,82.62,4,"L232_3,L232_2,L232_1,L232_0",0.5775,2,7.35,6.5875,2,0,NaN
08:19:34,L232,82.62,4,"L232_3,L232_2,L232_1,L232_0",0.0,2,10.165,6.61,2,0,NaN
08:19:36,L232,82.62,4,"L232_3,L232_2,L232_1,L232_0",0.0,2,15.2025,7.5725,2,0,NaN
08:19:38,L232,82.62,4,"L232_3,L232_2,L232_1,L232_0",0.0,2,14.4875,9.962499999999999,2,0,NaN
08:19:40,L232,82.62,4,"L232_3,L232_2,L232_1,L232_0",0.0,2,17.98,9.21,2,0,NaN
08:19:42,L232,82.62,4,"L232_3,L232_2,L232_1,L232_0",0.0,2,16.7875,8.045,2,0,NaN
08:19:44,L232,82.62,4,"L232_3,L232_2,L232_1,L232_0",0.0,2,18.25,7.5525,2,0,NaN
08:19:46,L232,82.62,4,"L232_3,L232_2,L232_1,L232_0",0.0,2,18.08,7.69,2,0,NaN
08:19:48,L232,82.62,4,"L232_3,L232_2,L232_1,L232_0",0.0,2,20.46,7.7675,2,0,NaN
08:19:50,L232,82.62,4,"L232_3,L232_2,L232_1,L232_0",0.0,2,21.667499999999997,7.9799999999999995,2,0,NaN
08:19:52,L232,82.62,4,"L232_3,L232_2,L232_1,L232_0",0.0,2,23.0175,10.057500000000001,2,0,NaN
08:19:54,L232,82.62,4,"L232_3,L232_2,L232_1,L232_0",0.0,2,24.845,10.629999999999999,2,0,NaN
08:19:56,L232,82.62,4,"L232_3,L232_2,L232_1,L232_0",0.0,3,27.43,12.08,3,0,NaN
08:19:58,L232,82.62,4,"L232_3,L232_2,L232_1,L232_0",0.0,3,27.310000000000002,12.337499999999999,3,0,NaN
08:20:00,L232,82.62,4,"L232_3,L232_2,L232_1,L232_0",0.0,2,15.787499999999998,10.9375,2,0,NaN
08:20:02,L232,82.62,4,"L232_3,L232_2,L232_1,L232_0",0.5775,3,16.2375,10.99,3,0,NaN
08:20:04,L232,82.62,4,"L232_3,L232_2,L232_1,L232_0",0.0,2,12.6725,10.24,2,0,NaN
08:20:06,L232,82.62,4,"L232_3,L232_2,L232_1,L232_0",0.5775,2,12.912500000000001,10.6325,2,0,NaN
08:20:08,L232,82.62,4,"L232_3,L232_2,L232_1,L232_0",1.0875,3,15.6625,11.434999999999999,3,0,NaN
08:20:10,L232,82.62,4,"L232_3,L232_2,L232_1,L232_0",1.0575,3,17.6975,12.3425,3,0,NaN
08:20:12,L232,82.62,4,"L232_3,L232_2,L232_1,L232_0",0.5775,3,17.245,10.372499999999999,3,0,NaN
08:20:14,L232,82.62,4,"L232_3,L232_2,L232_1,L232_0",0.0,2,13.385,10.220000000000002,2,0,NaN
08:20:16,L232,82.62,4,"L232_3,L232_2,L232_1,L232_0",1.05,3,18.335,11.309999999999999,3,0,NaN
08:20:18,L232,82.62,4,"L232_3,L232_2,L232_1,L232_0",0.0,2,21.3425,9.7425,2,0,NaN
08:20:20,L232,82.62,4,"L232_3,L232_2,L232_1,L232_0",0.0,2,21.03,9.98,2,0,NaN
08:20:22,L232,82.62,4,"L232_3,L232_2,L232_1,L232_0",0.0,2,21.945,9.6175,2,0,NaN
08:20:24,L232,82.62,4,"L232_3,L232_2,L232_1,L232_0",0.0,2,19.645,11.4725,2,0,NaN
08:20:26,L232,82.62,4,"L232_3,L232_2,L232_1,L232_0",0.5775,2,17.9425,11.795,2,0,NaN
08:20:28,L232,82.62,4,"L232_3,L232_2,L232_1,L232_0",0.0,3,16.9225,12.58,3,0,NaN
08:20:30,L232,82.62,4,"L232_3,L232_2,L232_1,L232_0",0.0,3,23.5575,10.969999999999999,3,0,NaN
08:20:32,L232,82.62,4,"L232_3,L232_2,L232_1,L232_0",0.0,3,22.789999999999996,11.834999999999999,3,0,NaN
08:20:34,L232,82.62,4,"L232_3,L232_2,L232_1,L232_0",0.0,3,21.6875,11.1175,3,0,NaN
08:20:36,L232,82.62,4,"L232_3,L232_2,L232_1,L232_0",0.0,2,16.6575,11.567499999999999,2,0,NaN
08:20:38,L232,82.62,4,"L232_3,L232_2,L232_1,L232_0",0.0,3,20.674999999999997,11.19,3,0,NaN
08:20:40,L232,82.62,4,"L232_3,L232_2,L232_1,L232_0",0.0,3,18.765,10.765,3,0,NaN
08:20:42,L232,82.62,4,"L232_3,L232_2,L232_1,L232_0",0.0,3,22.380000000000003,11.79,3,0,NaN
08:20:44,L232,82.62,4,"L232_3,L232_2,L232_1,L232_0",0.0,3,22.685,9.879999999999999,3,0,NaN
08:20:46,L232,82.62,4,"L232_3,L232_2,L232_1,L232_0",0.4925,2,16.189999999999998,11.217500000000001,2,0,NaN
08:20:48,L232,82.62,4,"L232_3,L232_2,L232_1,L232_0",0.0,2,12.280000000000001,11.182500000000001,2,0,NaN
08:20:50,L232,82.62,4,"L232_3,L232_2,L232_1,L232_0",0.0,2,14.182500000000001,9.7175,2,0,NaN
08:20:52,L232,82.62,4,"L232_3,L232_2,L232_1,L232_0",0.5775,2,11.5575,9.615,2,0,NaN
08:20:54,L232,82.62,4,"L232_3,L232_2,L232_1,L232_0",0.0,2,9.5975,9.355,2,0,NaN
08:20:56,L232,82.62,4,"L232_3,L232_2,L232_1,L232_0",0.0,2,12.18,9.255,2,0,NaN
08:20:58,L232,82.62,4,"L232_3,L232_2,L232_1,L232_0",0.0,2,10.5575,9.4575,2,0,NaN
08:21:00,L232,82.62,4,"L232_3,L232_2,L232_1,L232_0",0.0,2,10.662499999999998,6.715,2,0,NaN
08:21:02,L232,82.62,4,"L232_3,L232_2,L232_1,L232_0",0.0,2,13.205000000000002,6.452500000000001,2,0,NaN
08:21:04,L232,82.62,4,"L232_3,L232_2,L232_1,L232_0",0.0,2,17.325000000000003,8.8375,2,0,NaN
08:21:06,L232,82.62,4,"L232_3,L232_2,L232_1,L232_0",0.0,2,20.4375,9.067499999999999,2,0,NaN
08:21:08,L232,82.62,4,"L232_3,L232_2,L232_1,L232_0",0.0,2,15.959999999999999,9.915,2,0,NaN
08:21:10,L232,82.62,4,"L232_3,L232_2,L232_1,L232_0",1.01,2,13.2,9.657499999999999,2,0,NaN
08:21:12,L232,82.62,4,"L232_3,L232_2,L232_1,L232_0",0.0,2,12.35,7.465,2,0,NaN
08:21:14,L232,82.62,4,"L232_3,L232_2,L232_1,L232_0",0.0,2,15.912500000000001,8.4225,2,0,NaN
08:21:16,L232,82.62,4,"L232_3,L232_2,L232_1,L232_0",0.0,2,14.1325,7.33,2,0,NaN
08:21:18,L232,82.62,4,"L232_3,L232_2,L232_1,L232_0",1.155,2,13.1125,8.6725,2,0,NaN
08:21:20,L232,82.62,4,"L232_3,L232_2,L232_1,L232_0",0.0,2,20.317500000000003,9.459999999999999,2,0,NaN
08:21:22,L232,82.62,4,"L232_3,L232_2,L232_1,L232_0",0.4375,2,13.692499999999999,9.415,2,0,NaN
08:21:24,L232,82.62,4,"L232_3,L232_2,L232_1,L232_0",0.0,2,12.31,9.19,2,0,NaN
08:21:26,L232,82.62,4,"L232_3,L232_2,L232_1,L232_0",0.5775,2,12.4625,10.680000000000001,2,0,NaN
08:21:28,L232,82.62,4,"L232_3,L232_2,L232_1,L232_0",0.0,3,14.857500000000002,10.092500000000001,3,0,NaN
08:21:30,L232,82.62,4,"L232_3,L232_2,L232_1,L232_0",0.5775,2,13.4025,10.092500000000001,2,0,NaN
08:21:32,L232,82.62,4,"L232_3,L232_2,L232_1,L232_0",0.0,2,18.522500000000004,10.3025,2,0,NaN
08:21:34,L232,82.62,4,"L232_3,L232_2,L232_1,L232_0",0.0,2,18.73,10.65,2,0,NaN
08:21:36,L232,82.62,4,"L232_3,L232_2,L232_1,L232_0",0.0,3,20.462500000000002,11.614999999999998,3,0,NaN
08:21:38,L232,82.62,4,"L232_3,L232_2,L232_1,L232_0",0.5775,2,16.2925,13.857500000000002,2,0,NaN
08:21:40,L232,82.62,4,"L232_3,L232_2,L232_1,L232_0",1.7325,3,15.45,13.5875,3,0,NaN
08:21:42,L232,82.62,4,"L232_3,L232_2,L232_1,L232_0",0.0,3,16.84,10.4925,3,0,NaN
08:21:44,L232,82.62,4,"L232_3,L232_2,L232_1,L232_0",0.0,2,15.99,11.165,2,0,NaN
08:21:46,L232,82.62,4,"L232_3,L232_2,L232_1,L232_0",0.0,2,13.54,10.567499999999999,2,0,NaN
08:21:48,L232,82.62,4,"L232_3,L232_2,L232_1,L232_0",1.0475,3,14.565,10.58,3,0,NaN
08:21:50,L232,82.62,4,"L232_3,L232_2,L232_1,L232_0",0.5775,2,10.26,8.4125,2,0,NaN
08:21:52,L232,82.62,4,"L232_3,L232_2,L232_1,L232_0",0.5775,2,14.79,8.1325,2,0,NaN
08:21:54,L232,82.62,4,"L232_3,L232_2,L232_1,L232_0",0.0,2,10.4025,5.8549999999999995,2,0,NaN
08:21:56,L232,82.62,4,"L232_3,L232_2,L232_1,L232_0",0.0,2,12.6425,6.5625,2,0,NaN
08:21:58,L232,82.62,4,"L232_3,L232_2,L232_1,L232_0",0.0,2,11.725,5.745,2,0,NaN
08:22:00,L232,82.62,4,"L232_3,L232_2,L232_1,L232_0",0.0,1,10.5,6.04,1,0,NaN
08:22:02,L232,82.62,4,"L232_3,L232_2,L232_1,L232_0",0.0,2,11.979999999999999,5.4350000000000005,2,0,NaN
08:22:04,L232,82.62,4,"L232_3,L232_2,L232_1,L232_0",0.0,2,10.4925,5.9275,2,0,NaN
08:22:06,L232,82.62,4,"L232_3,L232_2,L232_1,L232_0",0.0,1,9.6075,5.5925,1,0,NaN
08:22:08,L232,82.62,4,"L232_3,L232_2,L232_1,L232_0",0.0,2,11.907499999999999,7.24,2,0,NaN
08:22:10,L232,82.62,4,"L232_3,L232_2,L232_1,L232_0",0.0,2,18.637500000000003,8.6175,2,0,NaN
08:22:12,L232,82.62,4,"L232_3,L232_2,L232_1,L232_0",0.0,2,19.752499999999998,8.5025,2,0,NaN
08:22:14,L232,82.62,4,"L232_3,L232_2,L232_1,L232_0",0.0,2,20.4025,7.755,2,0,NaN
08:22:16,L232,82.62,4,"L232_3,L232_2,L232_1,L232_0",0.0,2,18.997500000000002,6.675,2,0,NaN
08:22:18,L232,82.62,4,"L232_3,L232_2,L232_1,L232_0",0.0,2,14.215,8.0875,2,0,NaN
08:22:20,L232,82.62,4,"L232_3,L232_2,L232_1,L232_0",0.0,2,12.565000000000001,7.9399999999999995,2,0,NaN
08:22:22,L232,82.62,4,"L232_3,L232_2,L232_1,L232_0",0.0,2,16.0325,8.785,2,0,NaN
08:22:24,L232,82.62,4,"L232_3,L232_2,L232_1,L232_0",0.0,2,14.162500000000001,7.39,2,0,NaN
08:22:26,L232,82.62,4,"L232_3,L232_2,L232_1,L232_0",0.0,2,18.43,9.0475,2,0,NaN
08:22:28,L232,82.62,4,"L232_3,L232_2,L232_1,L232_0",0.0,2,16.705,8.425,2,0,NaN
08:22:30,L232,82.62,4,"L232_3,L232_2,L232_1,L232_0",0.0,2,16.575,9.572499999999998,2,0,NaN
08:22:32,L232,82.62,4,"L232_3,L232_2,L232_1,L232_0",0.0,2,16.32,10.4175,2,0,NaN
08:22:34,L232,82.62,4,"L232_3,L232_2,L232_1,L232_0",0.0,3,26.0225,11.8675,3,0,NaN
08:22:36,L232,82.62,4,"L232_3,L232_2,L232_1,L232_0",0.0,2,21.485,10.6325,2,0,NaN
08:22:38,L232,82.62,4,"L232_3,L232_2,L232_1,L232_0",0.0,3,22.6275,9.17,3,0,NaN
08:22:40,L232,82.62,4,"L232_3,L232_2,L232_1,L232_0",0.5775,2,14.462499999999999,8.8475,2,0,NaN
08:22:42,L232,82.62,4,"L232_3,L232_2,L232_1,L232_0",0.0,2,8.265,7.975,2,0,NaN
08:22:44,L232,82.62,4,"L232_3,L232_2,L232_1,L232_0",0.5775,2,12.827499999999999,7.9975000000000005,2,0,NaN
08:22:46,L232,82.62,4,"L232_3,L232_2,L232_1,L232_0",1.155,2,7.2075000000000005,6.915,2,0,NaN
08:22:48,L232,82.62,4,"L232_3,L232_2,L232_1,L232_0",0.4575,2,12.499999999999998,9.209999999999999,2,0,NaN
08:22:50,L232,82.62,4,"L232_3,L232_2,L232_1,L232_0",0.5775,3,16.725,11.2125,3,0,NaN
08:22:52,L232,82.62,4,"L232_3,L232_2,L232_1,L232_0",0.46,2,20.919999999999998,10.1275,2,0,NaN
08:22:54,L232,82.62,4,"L232_3,L232_2,L232_1,L232_0",0.0,2,21.12,10.5725,2,0,NaN
08:22:56,L232,82.62,4,"L232_3,L232_2,L232_1,L232_0",0.0,2,18.07,9.09,2,0,NaN
08:22:58,L232,82.62,4,"L232_3,L232_2,L232_1,L232_0",0.0,2,15.959999999999997,7.2575,2,0,NaN
08:23:00,L232,82.62,4,"L232_3,L232_2,L232_1,L232_0",0.0,2,13.89,5.5525,2,0,NaN
08:23:02,L232,82.62,4,"L232_3,L232_2,L232_1,L232_0",0.0,1,9.725,4.97,1,0,NaN
08:23:04,L232,82.62,4,"L232_3,L232_2,L232_1,L232_0",0.0,1,11.0025,5.7425,1,0,NaN
08:23:06,L232,82.62,4,"L232_3,L232_2,L232_1,L232_0",0.0,1,10.612499999999999,5.5925,1,0,NaN
08:23:08,L232,82.62,4,"L232_3,L232_2,L232_1,L232_0",0.0,2,11.46,5.4625,2,0,NaN
08:23:10,L232,82.62,4,"L232_3,L232_2,L232_1,L232_0",0.0,2,13.1275,7.1674999999999995,2,0,NaN
08:23:12,L232,82.62,4,"L232_3,L232_2,L232_1,L232_0",0.0,2,14.7,6.4525,2,0,NaN
08:23:14,L232,82.62,4,"L232_3,L232_2,L232_1,L232_0",0.0,2,11.272499999999999,7.335,2,0,NaN
08:23:16,L232,82.62,4,"L232_3,L232_2,L232_1,L232_0",0.0,2,15.985000000000001,9.785,2,0,NaN
08:23:18,L232,82.62,4,"L232_3,L232_2,L232_1,L232_0",0.0,2,20.837500000000002,8.315,2,0,NaN
08:23:20,L232,82.62,4,"L232_3,L232_2,L232_1,L232_0",0.0,2,16.3,8.344999999999999,2,0,NaN
08:23:22,L232,82.62,4,"L232_3,L232_2,L232_1,L232_0",0.5775,2,11.605,9.467500000000001,2,0,NaN
08:23:24,L232,82.62,4,"L232_3,L232_2,L232_1,L232_0",1.015,2,11.299999999999999,9.665,2,0,NaN
08:23:26,L232,82.62,4,"L232_3,L232_2,L232_1,L232_0",0.5775,2,9.8225,8.3675,2,0,NaN
08:23:28,L232,82.62,4,"L232_3,L232_2,L232_1,L232_0",0.1725,2,9.8225,7.0225,2,0,NaN
08:23:30,L232,82.62,4,"L232_3,L232_2,L232_1,L232_0",1.0350000000000001,2,8.9975,6.8425,2,0,NaN
08:23:32,L232,82.62,4,"L232_3,L232_2,L232_1,L232_0",0.0,2,8.9825,6.5025,2,0,NaN
08:23:34,L232,82.62,4,"L232_3,L232_2,L232_1,L232_0",0.5125,1,6.4975000000000005,6.49,1,0,NaN
08:23:36,L232,82.62,4,"L232_3,L232_2,L232_1,L232_0",0.0,2,11.085,7.6575,2,0,NaN
08:23:38,L232,82.62,4,"L232_3,L232_2,L232_1,L232_0",0.0,2,10.3175,6.06,2,0,NaN
08:23:40,L232,82.62,4,"L232_3,L232_2,L232_1,L232_0",0.0,2,13.23,6.9025,2,0,NaN
08:23:42,L232,82.62,4,"L232_3,L232_2,L232_1,L232_0",0.0,2,14.7425,6.595,2,0,NaN
08:23:44,L232,82.62,4,"L232_3,L232_2,L232_1,L232_0",0.0,2,11.49,6.745,2,0,NaN
08:23:46,L232,82.62,4,"L232_3,L232_2,L232_1,L232_0",0.0,2,11.3525,6.3374999999999995,2,0,NaN
08:23:48,L232,82.62,4,"L232_3,L232_2,L232_1,L232_0",0.0,1,9.6925,5.8275,1,0,NaN
08:23:50,L232,82.62,4,"L232_3,L232_2,L232_1,L232_0",0.0,1,10.4275,5.49,1,0,NaN
08:23:52,L232,82.62,4,"L232_3,L232_2,L232_1,L232_0",0.0,2,13.3175,5.4,2,0,NaN
08:23:54,L232,82.62,4,"L232_3,L232_2,L232_1,L232_0",0.0,2,13.4825,5.105,2,0,NaN
08:23:56,L232,82.62,4,"L232_3,L232_2,L232_1,L232_0",0.0,1,10.13,5.6525,1,0,NaN
08:23:58,L232,82.62,4,"L232_3,L232_2,L232_1,L232_0",0.0,2,16.11,8.0425,2,0,NaN
08:24:00,L232,82.62,4,"L232_3,L232_2,L232_1,L232_0",0.0,2,20.395,7.475,2,0,NaN
08:24:02,L232,82.62,4,"L232_3,L232_2,L232_1,L232_0",0.0,2,21.85,8.467500000000001,2,0,NaN
08:24:04,L232,82.62,4,"L232_3,L232_2,L232_1,L232_0",0.0,2,20.42,7.7075,2,0,NaN
08:24:06,L232,82.62,4,"L232_3,L232_2,L232_1,L232_0",0.0,2,22.55,7.465,2,0,NaN
08:24:08,L232,82.62,4,"L232_3,L232_2,L232_1,L232_0",0.0,2,20.53,6.7725,2,0,NaN
08:24:10,L232,82.62,4,"L232_3,L232_2,L232_1,L232_0",0.0,2,15.37,6.655,2,0,NaN
08:24:12,L232,82.62,4,"L232_3,L232_2,L232_1,L232_0",0.0,2,16.485,6.455,2,0,NaN
08:24:14,L232,82.62,4,"L232_3,L232_2,L232_1,L232_0",0.0,2,17.847499999999997,6.295,2,0,NaN
08:24:16,L232,82.62,4,"L232_3,L232_2,L232_1,L232_0",0.0,1,12.0725,5.0625,1,0,NaN
08:24:18,L232,82.62,4,"L232_3,L232_2,L232_1,L232_0",0.0,2,16.235,5.965,2,0,NaN
08:24:20,L232,82.62,4,"L232_3,L232_2,L232_1,L232_0",0.0,2,14.475000000000001,5.6575,2,0,NaN
08:24:22,L232,82.62,4,"L232_3,L232_2,L232_1,L232_0",0.0,2,15.285,5.3375,2,0,NaN
08:24:24,L232,82.62,4,"L232_3,L232_2,L232_1,L232_0",0.0,2,13.067499999999999,5.63,2,0,NaN
08:24:26,L232,82.62,4,"L232_3,L232_2,L232_1,L232_0",0.0,1,11.057500000000001,4.805,1,0,NaN
08:24:28,L232,82.62,4,"L232_3,L232_2,L232_1,L232_0",0.0,1,7.869999999999999,4.34,1,0,NaN
08:24:30,L232,82.62,4,"L232_3,L232_2,L232_1,L232_0",0.0,2,9.375,4.485,2,0,NaN
08:24:32,L232,82.62,4,"L232_3,L232_2,L232_1,L232_0",0.0,1,7.8925,5.5925,1,0,NaN
08:24:34,L232,82.62,4,"L232_3,L232_2,L232_1,L232_0",0.0,2,14.305,6.41,2,0,NaN
08:24:36,L232,82.62,4,"L232_3,L232_2,L232_1,L232_0",0.0,2,14.52,7.12,2,0,NaN
08:24:38,L232,82.62,4,"L232_3,L232_2,L232_1,L232_0",0.0,2,18.2775,7.1625000000000005,2,0,NaN
08:24:40,L232,82.62,4,"L232_3,L232_2,L232_1,L232_0",0.0,2,14.212499999999999,7.0075,2,0,NaN
08:24:42,L232,82.62,4,"L232_3,L232_2,L232_1,L232_0",0.0,2,16.37,7.79,2,0,NaN
08:24:44,L232,82.62,4,"L232_3,L232_2,L232_1,L232_0",0.0,2,13.9225,6.655,2,0,NaN
08:24:46,L232,82.62,4,"L232_3,L232_2,L232_1,L232_0",0.0,2,13.350000000000001,6.1125,2,0,NaN
08:24:48,L232,82.62,4,"L232_3,L232_2,L232_1,L232_0",0.0,2,13.895,5.992500000000001,2,0,NaN
08:24:50,L232,82.62,4,"L232_3,L232_2,L232_1,L232_0",0.0,2,12.405000000000001,7.545,2,0,NaN
08:24:52,L232,82.62,4,"L232_3,L232_2,L232_1,L232_0",0.0,2,16.82,7.665,2,0,NaN
08:24:54,L232,82.62,4,"L232_3,L232_2,L232_1,L232_0",0.0,2,17.895,7.3575,2,0,NaN
08:24:56,L232,82.62,4,"L232_3,L232_2,L232_1,L232_0",0.0,2,15.5375,6.53,2,0,NaN
08:24:58,L232,82.62,4,"L232_3,L232_2,L232_1,L232_0",0.0,1,11.02,5.25,1,0,NaN
08:25:00,L232,82.62,4,"L232_3,L232_2,L232_1,L232_0",0.0,2,10.44,5.0825,2,0,NaN
08:25:02,L232,82.62,4,"L232_3,L232_2,L232_1,L232_0",0.0,1,10.1375,4.935,1,0,NaN
08:25:04,L232,82.62,4,"L232_3,L232_2,L232_1,L232_0",0.2,1,7.36,4.37,1,0,NaN
08:25:06,L232,82.62,4,"L232_3,L232_2,L232_1,L232_0",0.0,1,8.3375,4.08,1,0,NaN
08:25:08,L232,82.62,4,"L232_3,L232_2,L232_1,L232_0",0.0,1,7.79,4.195,1,0,NaN
08:25:10,L232,82.62,4,"L232_3,L232_2,L232_1,L232_0",0.0,1,10.462499999999999,4.72,1,0,NaN
08:25:12,L232,82.62,4,"L232_3,L232_2,L232_1,L232_0",0.0,1,10.6375,5.39,1,0,NaN
08:25:14,L232,82.62,4,"L232_3,L232_2,L232_1,L232_0",0.0,2,14.3325,5.09,2,0,NaN
08:25:16,L232,82.62,4,"L232_3,L232_2,L232_1,L232_0",0.0,1,8.27,4.8925,1,0,NaN
08:25:18,L232,82.62,4,"L232_3,L232_2,L232_1,L232_0",0.0,2,12.044999999999998,5.47,2,0,NaN
08:25:20,L232,82.62,4,"L232_3,L232_2,L232_1,L232_0",0.0,2,15.785,5.5925,2,0,NaN
08:25:22,L232,82.62,4,"L232_3,L232_2,L232_1,L232_0",0.0,1,13.5425,5.5925,1,0,NaN
08:25:24,L232,82.62,4,"L232_3,L232_2,L232_1,L232_0",0.0,1,12.860000000000001,6.01,1,0,NaN
08:25:26,L232,82.62,4,"L232_3,L232_2,L232_1,L232_0",0.0,2,14.21,6.29,2,0,NaN
08:25:28,L232,82.62,4,"L232_3,L232_2,L232_1,L232_0",0.0,1,10.7575,5.74,1,0,NaN
08:25:30,L232,82.62,4,"L232_3,L232_2,L232_1,L232_0",0.4225,2,11.61,6.855,2,0,NaN
08:25:32,L232,82.62,4,"L232_3,L232_2,L232_1,L232_0",0.0,2,13.4475,7.855,2,0,NaN
08:25:34,L232,82.62,4,"L232_3,L232_2,L232_1,L232_0",0.0,2,17.61,6.775,2,0,NaN
08:25:36,L232,82.62,4,"L232_3,L232_2,L232_1,L232_0",0.0,2,12.690000000000001,7.07,2,0,NaN
08:25:38,L232,82.62,4,"L232_3,L232_2,L232_1,L232_0",0.5775,2,18.927500000000002,8.3875,2,0,NaN
08:25:40,L232,82.62,4,"L232_3,L232_2,L232_1,L232_0",0.0,2,20.4575,7.7525,2,0,NaN
08:25:42,L232,82.62,4,"L232_3,L232_2,L232_1,L232_0",0.0,2,14.520000000000001,7.33,2,0,NaN
08:25:44,L232,82.62,4,"L232_3,L232_2,L232_1,L232_0",0.5775,2,19.1425,10.54,2,0,NaN
08:25:46,L232,82.62,4,"L232_3,L232_2,L232_1,L232_0",0.0,2,21.305,10.465,2,0,NaN
08:25:48,L232,82.62,4,"L232_3,L232_2,L232_1,L232_0",0.0,2,17.770000000000003,9.112499999999999,2,0,NaN
08:25:50,L232,82.62,4,"L232_3,L232_2,L232_1,L232_0",0.0,2,13.56,10.442499999999999,2,0,NaN
08:25:52,L232,82.62,4,"L232_3,L232_2,L232_1,L232_0",0.0,2,13.295,8.035,2,0,NaN
08:25:54,L232,82.62,4,"L232_3,L232_2,L232_1,L232_0",0.0,2,15.467499999999998,9.1075,2,0,NaN
08:25:56,L232,82.62,4,"L232_3,L232_2,L232_1,L232_0",0.5925,2,8.454999999999998,8.2275,2,0,NaN
08:25:58,L232,82.62,4,"L232_3,L232_2,L232_1,L232_0",0.0,2,11.2925,9.375,2,0,NaN
08:26:00,L232,82.62,4,"L232_3,L232_2,L232_1,L232_0",0.0,2,15.120000000000001,8.965,2,0,NaN
08:26:02,L232,82.62,4,"L232_3,L232_2,L232_1,L232_0",0.0,2,16.5625,9.0825,2,0,NaN
08:26:04,L232,82.62,4,"L232_3,L232_2,L232_1,L232_0",0.0,2,9.937500000000002,7.1525,2,0,NaN
08:26:06,L232,82.62,4,"L232_3,L232_2,L232_1,L232_0",0.0,2,13.169999999999998,7.522500000000001,2,0,NaN
08:26:08,L232,82.62,4,"L232_3,L232_2,L232_1,L232_0",0.0,2,13.317499999999999,7.635,2,0,NaN
08:26:10,L232,82.62,4,"L232_3,L232_2,L232_1,L232_0",0.0,2,12.335,8.155000000000001,2,0,NaN
08:26:12,L232,82.62,4,"L232_3,L232_2,L232_1,L232_0",0.0,2,14.74,6.885,2,0,NaN
08:26:14,L232,82.62,4,"L232_3,L232_2,L232_1,L232_0",0.0,2,12.6875,5.5,2,0,NaN
08:26:16,L232,82.62,4,"L232_3,L232_2,L232_1,L232_0",0.0,1,7.49,4.6275,1,0,NaN
08:26:18,L232,82.62,4,"L232_3,L232_2,L232_1,L232_0",0.0,1,7.57,4.665,1,0,NaN
08:26:20,L232,82.62,4,"L232_3,L232_2,L232_1,L232_0",0.0,2,12.43,4.965,2,0,NaN
08:26:22,L232,82.62,4,"L232_3,L232_2,L232_1,L232_0",0.0,1,10.955,5.99,1,0,NaN
08:26:24,L232,82.62,4,"L232_3,L232_2,L232_1,L232_0",0.0,2,13.9675,6.3275,2,0,NaN
08:26:26,L232,82.62,4,"L232_3,L232_2,L232_1,L232_0",0.0,1,10.9475,5.5925,1,0,NaN
08:26:28,L232,82.62,4,"L232_3,L232_2,L232_1,L232_0",0.0,2,13.6325,5.6075,2,0,NaN
08:26:30,L232,82.62,4,"L232_3,L232_2,L232_1,L232_0",0.0,1,11.712499999999999,5.54,1,0,NaN
08:26:32,L232,82.62,4,"L232_3,L232_2,L232_1,L232_0",0.0,2,15.224999999999998,6.5325,2,0,NaN
08:26:34,L232,82.62,4,"L232_3,L232_2,L232_1,L232_0",0.0,2,14.005,6.5975,2,0,NaN
08:26:36,L232,82.62,4,"L232_3,L232_2,L232_1,L232_0",0.0,2,13.1775,7.3075,2,0,NaN
08:26:38,L232,82.62,4,"L232_3,L232_2,L232_1,L232_0",0.0,2,15.6725,6.3075,2,0,NaN
08:26:40,L232,82.62,4,"L232_3,L232_2,L232_1,L232_0",0.0,2,15.072499999999998,6.6325,2,0,NaN
08:26:42,L232,82.62,4,"L232_3,L232_2,L232_1,L232_0",0.0,1,12.100000000000001,5.5925,1,0,NaN
08:26:44,L232,82.62,4,"L232_3,L232_2,L232_1,L232_0",0.0,1,10.162500000000001,4.985,1,0,NaN
08:26:46,L232,82.62,4,"L232_3,L232_2,L232_1,L232_0",0.0,1,10.600000000000001,4.325,1,0,NaN
08:26:48,L232,82.62,4,"L232_3,L232_2,L232_1,L232_0",0.0,2,11.024999999999999,4.55,2,0,NaN
08:26:50,L232,82.62,4,"L232_3,L232_2,L232_1,L232_0",0.0,1,8.53,4.6675,1,0,NaN
08:26:52,L232,82.62,4,"L232_3,L232_2,L232_1,L232_0",0.0,1,10.237499999999999,4.425,1,0,NaN
08:26:54,L232,82.62,4,"L232_3,L232_2,L232_1,L232_0",0.0,1,9.85,4.9225,1,0,NaN
08:26:56,L232,82.62,4,"L232_3,L232_2,L232_1,L232_0",0.0,2,12.6475,4.635,2,0,NaN
08:26:58,L232,82.62,4,"L232_3,L232_2,L232_1,L232_0",0.0,1,9.205,5.5475,1,0,NaN
08:27:00,L232,82.62,4,"L232_3,L232_2,L232_1,L232_0",0.0,2,15.045,6.0975,2,0,NaN
08:27:02,L232,82.62,4,"L232_3,L232_2,L232_1,L232_0",0.0,2,15.805,6.985,2,0,NaN
08:27:04,L232,82.62,4,"L232_3,L232_2,L232_1,L232_0",0.0,2,17.8525,8.39,2,0,NaN
08:27:06,L232,82.62,4,"L232_3,L232_2,L232_1,L232_0",0.0,2,20.990000000000002,8.99,2,0,NaN
08:27:08,L232,82.62,4,"L232_3,L232_2,L232_1,L232_0",0.0,3,20.6925,10.912500000000001,3,0,NaN
08:27:10,L232,82.62,4,"L232_3,L232_2,L232_1,L232_0",0.0,3,20.0475,11.502500000000001,3,0,NaN
08:27:12,L232,82.62,4,"L232_3,L232_2,L232_1,L232_0",0.0,3,18.8625,11.252500000000001,3,0,NaN
08:27:14,L232,82.62,4,"L232_3,L232_2,L232_1,L232_0",0.0,2,14.477500000000001,11.215,2,0,NaN
08:27:16,L232,82.62,4,"L232_3,L232_2,L232_1,L232_0",0.0,3,24.35,14.6025,3,0,NaN
08:27:18,L232,82.62,4,"L232_3,L232_2,L232_1,L232_0",1.155,4,25.99,15.485,4,0,NaN
08:27:20,L232,82.62,4,"L232_3,L232_2,L232_1,L232_0",1.6225,4,24.977500000000003,16.57,4,0,NaN
08:27:22,L232,82.62,4,"L232_3,L232_2,L232_1,L232_0",0.5775,4,21.029999999999998,14.739999999999998,4,0,NaN
08:27:24,L232,82.62,4,"L232_3,L232_2,L232_1,L232_0",0.0,3,19.352500000000003,14.155,3,0,NaN
08:27:26,L232,82.62,4,"L232_3,L232_2,L232_1,L232_0",1.155,4,22.1275,12.98,4,0,NaN
08:27:28,L232,82.62,4,"L232_3,L232_2,L232_1,L232_0",2.0475,2,14.424999999999999,12.2625,2,0,NaN
08:27:30,L232,82.62,4,"L232_3,L232_2,L232_1,L232_0",0.5775,2,13.1425,10.205000000000002,2,0,NaN
08:27:32,L232,82.62,4,"L232_3,L232_2,L232_1,L232_0",0.0,2,12.61,9.41,2,0,NaN
08:27:34,L232,82.62,4,"L232_3,L232_2,L232_1,L232_0",0.0,2,13.269999999999998,10.572500000000002,2,0,NaN
08:27:36,L232,82.62,4,"L232_3,L232_2,L232_1,L232_0",0.0,2,13.1,11.024999999999999,2,0,NaN
08:27:38,L232,82.62,4,"L232_3,L232_2,L232_1,L232_0",1.0925,2,10.5025,10.902500000000002,2,0,NaN
08:27:40,L232,82.62,4,"L232_3,L232_2,L232_1,L232_0",0.5775,2,12.245,9.565000000000001,2,0,NaN
08:27:42,L232,82.62,4,"L232_3,L232_2,L232_1,L232_0",0.9525,3,17.1675,10.482500000000002,3,0,NaN
08:27:44,L232,82.62,4,"L232_3,L232_2,L232_1,L232_0",1.155,2,12.065,10.122499999999999,2,0,NaN
08:27:46,L232,82.62,4,"L232_3,L232_2,L232_1,L232_0",1.155,2,13.17,10.63,2,0,NaN
08:27:48,L232,82.62,4,"L232_3,L232_2,L232_1,L232_0",0.0,2,17.24,7.7225,2,0,NaN
08:27:50,L232,82.62,4,"L232_3,L232_2,L232_1,L232_0",0.0,2,10.025,6.835,2,0,NaN
08:27:52,L232,82.62,4,"L232_3,L232_2,L232_1,L232_0",0.0,2,15.565000000000001,7.7775,2,0,NaN
08:27:54,L232,82.62,4,"L232_3,L232_2,L232_1,L232_0",0.0,2,17.5625,7.5975,2,0,NaN
08:27:56,L232,82.62,4,"L232_3,L232_2,L232_1,L232_0",0.0,3,22.7025,9.612499999999999,3,0,NaN
08:27:58,L232,82.62,4,"L232_3,L232_2,L232_1,L232_0",0.0,2,16.3875,9.8975,2,0,NaN
08:28:00,L232,82.62,4,"L232_3,L232_2,L232_1,L232_0",0.5775,3,22.5725,13.2275,3,0,NaN
08:28:02,L232,82.62,4,"L232_3,L232_2,L232_1,L232_0",0.0,3,24.2275,13.307500000000001,3,0,NaN
08:28:04,L232,82.62,4,"L232_3,L232_2,L232_1,L232_0",1.155,3,25.11,16.11,3,0,NaN
08:28:06,L232,82.62,4,"L232_3,L232_2,L232_1,L232_0",2.8875,4,24.805,16.09,4,0,NaN
08:28:08,L232,82.62,4,"L232_3,L232_2,L232_1,L232_0",4.4425,3,13.987499999999999,15.9525,3,0,NaN
08:28:10,L232,82.62,4,"L232_3,L232_2,L232_1,L232_0",7.205,4,13.45,17.5925,4,0,NaN
08:28:12,L232,82.62,4,"L232_3,L232_2,L232_1,L232_0",8.3825,4,8.657499999999999,18.3975,4,0,NaN
08:28:14,L232,82.62,4,"L232_3,L232_2,L232_1,L232_0",10.99,4,6.8275,19.5725,4,0,NaN
08:28:16,L232,82.62,4,"L232_3,L232_2,L232_1,L232_0",11.795,4,7.73,20.455,4,0,NaN
08:28:18,L232,82.62,4,"L232_3,L232_2,L232_1,L232_0",8.89,4,11.6125,19.1075,4,0,NaN
08:28:20,L232,82.62,4,"L232_3,L232_2,L232_1,L232_0",6.355,4,8.005,15.7875,4,0,NaN
08:28:22,L232,82.62,4,"L232_3,L232_2,L232_1,L232_0",4.9425,3,8.197500000000002,16.15,3,0,NaN
08:28:24,L232,82.62,4,"L232_3,L232_2,L232_1,L232_0",0.5775,3,10.16,13.4325,3,0,NaN
08:28:26,L232,82.62,4,"L232_3,L232_2,L232_1,L232_0",0.0,3,15.4575,12.995000000000001,3,0,NaN
08:28:28,L232,82.62,4,"L232_3,L232_2,L232_1,L232_0",0.0,3,16.915,13.2475,3,0,NaN
08:28:30,L232,82.62,4,"L232_3,L232_2,L232_1,L232_0",1.155,4,15.429999999999998,14.905,4,0,NaN
08:28:32,L232,82.62,4,"L232_3,L232_2,L232_1,L232_0",2.1125,3,10.835,13.875,3,0,NaN
08:28:34,L232,82.62,4,"L232_3,L232_2,L232_1,L232_0",1.7325,4,17.36,16.169999999999998,4,0,NaN
08:28:36,L232,82.62,4,"L232_3,L232_2,L232_1,L232_0",1.155,4,19.122500000000002,16.2575,4,0,NaN
08:28:38,L232,82.62,4,"L232_3,L232_2,L232_1,L232_0",0.5775,4,20.85,12.822500000000002,4,0,NaN
08:28:40,L232,82.62,4,"L232_3,L232_2,L232_1,L232_0",0.0,2,15.809999999999999,11.09,2,0,NaN
08:28:42,L232,82.62,4,"L232_3,L232_2,L232_1,L232_0",0.0,2,12.64,10.0675,2,0,NaN
08:28:44,L232,82.62,4,"L232_3,L232_2,L232_1,L232_0",0.0,2,11.0925,9.329999999999998,2,0,NaN
08:28:46,L232,82.62,4,"L232_3,L232_2,L232_1,L232_0",0.4325,2,9.825000000000001,7.8425,2,0,NaN
08:28:48,L232,82.62,4,"L232_3,L232_2,L232_1,L232_0",0.0,2,11.85,5.47,2,0,NaN
08:28:50,L232,82.62,4,"L232_3,L232_2,L232_1,L232_0",0.0,2,11.4175,5.3,2,0,NaN
08:28:52,L232,82.62,4,"L232_3,L232_2,L232_1,L232_0",0.0,1,10.785,5.5925,1,0,NaN
08:28:54,L232,82.62,4,"L232_3,L232_2,L232_1,L232_0",0.0,2,12.727500000000001,6.272500000000001,2,0,NaN
08:28:56,L232,82.62,4,"L232_3,L232_2,L232_1,L232_0",0.0,1,11.0,6.2925,1,0,NaN
08:28:58,L232,82.62,4,"L232_3,L232_2,L232_1,L232_0",0.0,2,13.467500000000001,5.725,2,0,NaN
08:29:00,L232,82.62,4,"L232_3,L232_2,L232_1,L232_0",0.0,1,11.83,6.64,1,0,NaN
08:29:02,L232,82.62,4,"L232_3,L232_2,L232_1,L232_0",0.0,2,16.0425,5.24,2,0,NaN
08:29:04,L232,82.62,4,"L232_3,L232_2,L232_1,L232_0",0.0,1,8.41,4.09,1,0,NaN
08:29:06,L232,82.62,4,"L232_3,L232_2,L232_1,L232_0",0.0,2,11.790000000000001,3.9875,2,0,NaN
08:29:08,L232,82.62,4,"L232_3,L232_2,L232_1,L232_0",0.0,1,6.795,4.195,1,0,NaN
08:29:10,L232,82.62,4,"L232_3,L232_2,L232_1,L232_0",0.0,2,13.649999999999999,5.5925,2,0,NaN
08:29:12,L232,82.62,4,"L232_3,L232_2,L232_1,L232_0",0.0,2,14.399999999999999,6.5875,2,0,NaN
08:29:14,L232,82.62,4,"L232_3,L232_2,L232_1,L232_0",0.0,2,17.5,6.3825,2,0,NaN
08:29:16,L232,82.62,4,"L232_3,L232_2,L232_1,L232_0",0.0,2,17.709999999999997,6.15,2,0,NaN
08:29:18,L232,82.62,4,"L232_3,L232_2,L232_1,L232_0",0.0,2,18.085,6.15,2,0,NaN
08:29:20,L232,82.62,4,"L232_3,L232_2,L232_1,L232_0",0.0,1,13.945,5.5875,1,0,NaN
08:29:22,L232,82.62,4,"L232_3,L232_2,L232_1,L232_0",0.0,2,15.455,5.6025,2,0,NaN
08:29:24,L232,82.62,4,"L232_3,L232_2,L232_1,L232_0",0.0,2,13.8625,7.96,2,0,NaN
08:29:26,L232,82.62,4,"L232_3,L232_2,L232_1,L232_0",0.0,2,13.795,7.17,2,0,NaN
08:29:28,L232,82.62,4,"L232_3,L232_2,L232_1,L232_0",0.0,2,17.12,7.2825,2,0,NaN
08:29:30,L232,82.62,4,"L232_3,L232_2,L232_1,L232_0",0.0,2,13.015,7.105,2,0,NaN
08:29:32,L232,82.62,4,"L232_3,L232_2,L232_1,L232_0",0.0,2,13.1525,6.815,2,0,NaN
08:29:34,L232,82.62,4,"L232_3,L232_2,L232_1,L232_0",0.0,2,10.125,7.35,2,0,NaN
08:29:36,L232,82.62,4,"L232_3,L232_2,L232_1,L232_0",0.0,2,14.86,7.045,2,0,NaN
08:29:38,L232,82.62,4,"L232_3,L232_2,L232_1,L232_0",0.0,2,14.03,8.36,2,0,NaN
08:29:40,L232,82.62,4,"L232_3,L232_2,L232_1,L232_0",0.0,2,13.465000000000002,8.8825,2,0,NaN
08:29:42,L232,82.62,4,"L232_3,L232_2,L232_1,L232_0",0.0,2,12.5925,7.54,2,0,NaN
08:29:44,L232,82.62,4,"L232_3,L232_2,L232_1,L232_0",0.0,2,8.925,8.365,2,0,NaN
08:29:46,L232,82.62,4,"L232_3,L232_2,L232_1,L232_0",0.0,2,11.3825,7.84,2,0,NaN
08:29:48,L232,82.62,4,"L232_3,L232_2,L232_1,L232_0",0.9075,2,8.2075,7.015,2,0,NaN
08:29:50,L232,82.62,4,"L232_3,L232_2,L232_1,L232_0",0.0,2,7.715000000000001,6.6225,2,0,NaN
08:29:52,L232,82.62,4,"L232_3,L232_2,L232_1,L232_0",0.5775,2,10.015,6.69,2,0,NaN
08:29:54,L232,82.62,4,"L232_3,L232_2,L232_1,L232_0",0.0,1,9.035,6.1875,1,0,NaN
08:29:56,L232,82.62,4,"L232_3,L232_2,L232_1,L232_0",0.0,2,12.165000000000001,7.2325,2,0,NaN
08:29:58,L232,82.62,4,"L232_3,L232_2,L232_1,L232_0",0.0,2,11.857499999999998,5.99,2,0,NaN
08:30:00,L232,82.62,4,"L232_3,L232_2,L232_1,L232_0",0.0,2,16.0975,6.9,2,0,NaN
08:30:02,L232,82.62,4,"L232_3,L232_2,L232_1,L232_0",0.0,2,16.41,6.3975,2,0,NaN
08:30:04,L232,82.62,4,"L232_3,L232_2,L232_1,L232_0",0.0,1,6.390000000000001,5.985,1,0,NaN
08:30:06,L232,82.62,4,"L232_3,L232_2,L232_1,L232_0",0.0,2,12.04,8.3875,2,0,NaN
08:30:08,L232,82.62,4,"L232_3,L232_2,L232_1,L232_0",0.0,2,19.715,7.717500000000001,2,0,NaN
08:30:10,L232,82.62,4,"L232_3,L232_2,L232_1,L232_0",0.0,2,20.43,7.755,2,0,NaN
08:30:12,L232,82.62,4,"L232_3,L232_2,L232_1,L232_0",0.0,2,18.345,7.342499999999999,2,0,NaN
08:30:14,L232,82.62,4,"L232_3,L232_2,L232_1,L232_0",0.0,2,20.66,7.8675,2,0,NaN
08:30:16,L232,82.62,4,"L232_3,L232_2,L232_1,L232_0",0.0,2,23.472499999999997,7.65,2,0,NaN
08:30:18,L232,82.62,4,"L232_3,L232_2,L232_1,L232_0",0.0,2,19.115000000000002,8.09,2,0,NaN
08:30:20,L232,82.62,4,"L232_3,L232_2,L232_1,L232_0",0.0,2,20.3825,9.6125,2,0,NaN
08:30:22,L232,82.62,4,"L232_3,L232_2,L232_1,L232_0",0.0,3,24.8425,11.9675,3,0,NaN
08:30:24,L232,82.62,4,"L232_3,L232_2,L232_1,L232_0",0.0,2,18.942500000000003,11.6325,2,0,NaN
08:30:26,L232,82.62,4,"L232_3,L232_2,L232_1,L232_0",0.5775,2,16.655,10.945,2,0,NaN
08:30:28,L232,82.62,4,"L232_3,L232_2,L232_1,L232_0",0.4325,3,15.47,10.8275,3,0,NaN
08:30:30,L232,82.62,4,"L232_3,L232_2,L232_1,L232_0",0.455,2,13.36,11.037500000000001,2,0,NaN
08:30:32,L232,82.62,4,"L232_3,L232_2,L232_1,L232_0",1.155,2,15.760000000000002,12.872499999999999,2,0,NaN
08:30:34,L232,82.62,4,"L232_3,L232_2,L232_1,L232_0",2.1275,3,17.660000000000004,12.0175,3,0,NaN
08:30:36,L232,82.62,4,"L232_3,L232_2,L232_1,L232_0",0.0,2,21.049999999999997,9.6725,2,0,NaN
08:30:38,L232,82.62,4,"L232_3,L232_2,L232_1,L232_0",0.0,2,15.46,9.79,2,0,NaN
08:30:40,L232,82.62,4,"L232_3,L232_2,L232_1,L232_0",0.5775,2,12.287500000000001,9.785,2,0,NaN
08:30:42,L232,82.62,4,"L232_3,L232_2,L232_1,L232_0",0.5,2,13.755,9.64,2,0,NaN
08:30:44,L232,82.62,4,"L232_3,L232_2,L232_1,L232_0",0.5775,2,12.575000000000001,9.787500000000001,2,0,NaN
08:30:46,L232,82.62,4,"L232_3,L232_2,L232_1,L232_0",0.0,2,17.2225,9.065000000000001,2,0,NaN
08:30:48,L232,82.62,4,"L232_3,L232_2,L232_1,L232_0",0.4275,3,18.294999999999998,10.285,3,0,NaN
08:30:50,L232,82.62,4,"L232_3,L232_2,L232_1,L232_0",0.0,2,19.765,10.485,2,0,NaN
08:30:52,L232,82.62,4,"L232_3,L232_2,L232_1,L232_0",0.0,3,25.2025,12.93,3,0,NaN
08:30:54,L232,82.62,4,"L232_3,L232_2,L232_1,L232_0",0.0,3,26.665,13.850000000000001,3,0,NaN
08:30:56,L232,82.62,4,"L232_3,L232_2,L232_1,L232_0",0.0,3,24.845,13.2775,3,0,NaN
08:30:58,L232,82.62,4,"L232_3,L232_2,L232_1,L232_0",0.0,3,19.875,12.995000000000001,3,0,NaN
08:31:00,L232,82.62,4,"L232_3,L232_2,L232_1,L232_0",0.0,3,19.525000000000002,11.787500000000001,3,0,NaN
08:31:02,L232,82.62,4,"L232_3,L232_2,L232_1,L232_0",0.0,2,15.347499999999998,10.475000000000001,2,0,NaN
08:31:04,L232,82.62,4,"L232_3,L232_2,L232_1,L232_0",0.5775,2,15.92,8.6475,2,0,NaN
08:31:06,L232,82.62,4,"L232_3,L232_2,L232_1,L232_0",0.0,2,14.137500000000001,5.57,2,0,NaN
08:31:08,L232,82.62,4,"L232_3,L232_2,L232_1,L232_0",0.0,2,12.7975,4.8625,2,0,NaN
08:31:10,L232,82.62,4,"L232_3,L232_2,L232_1,L232_0",0.0,1,9.5325,5.5925,1,0,NaN
08:31:12,L232,82.62,4,"L232_3,L232_2,L232_1,L232_0",0.0,1,11.8125,5.575,1,0,NaN
08:31:14,L232,82.62,4,"L232_3,L232_2,L232_1,L232_0",0.0,2,16.39,6.02,2,0,NaN
08:31:16,L232,82.62,4,"L232_3,L232_2,L232_1,L232_0",0.0,2,15.082500000000001,5.9275,2,0,NaN
08:31:18,L232,82.62,4,"L232_3,L232_2,L232_1,L232_0",0.0,1,11.9075,5.5925,1,0,NaN
08:31:20,L232,82.62,4,"L232_3,L232_2,L232_1,L232_0",0.0,2,15.149999999999999,6.5125,2,0,NaN
08:31:22,L232,82.62,4,"L232_3,L232_2,L232_1,L232_0",0.0,2,18.48,6.5575,2,0,NaN
08:31:24,L232,82.62,4,"L232_3,L232_2,L232_1,L232_0",0.0,2,13.5,6.6825,2,0,NaN
08:31:26,L232,82.62,4,"L232_3,L232_2,L232_1,L232_0",0.0,2,20.805,9.802500000000002,2,0,NaN
08:31:28,L232,82.62,4,"L232_3,L232_2,L232_1,L232_0",0.0,2,21.312500000000004,8.33,2,0,NaN
08:31:30,L232,82.62,4,"L232_3,L232_2,L232_1,L232_0",0.0,2,20.1,8.467500000000001,2,0,NaN
08:31:32,L232,82.62,4,"L232_3,L232_2,L232_1,L232_0",0.0,2,13.86,8.7425,2,0,NaN
08:31:34,L232,82.62,4,"L232_3,L232_2,L232_1,L232_0",0.5775,2,16.115000000000002,9.66,2,0,NaN
08:31:36,L232,82.62,4,"L232_3,L232_2,L232_1,L232_0",0.4975,2,14.395,10.6975,2,0,NaN
08:31:38,L232,82.62,4,"L232_3,L232_2,L232_1,L232_0",1.155,3,19.2675,11.850000000000001,3,0,NaN
08:31:40,L232,82.62,4,"L232_3,L232_2,L232_1,L232_0",0.0,3,21.400000000000002,13.375,3,0,NaN
08:31:42,L232,82.62,4,"L232_3,L232_2,L232_1,L232_0",0.0,3,18.040000000000003,12.432500000000001,3,0,NaN
08:31:44,L232,82.62,4,"L232_3,L232_2,L232_1,L232_0",0.5775,2,14.892499999999998,11.182500000000001,2,0,NaN
08:31:46,L232,82.62,4,"L232_3,L232_2,L232_1,L232_0",0.0,2,12.245000000000001,10.075,2,0,NaN
08:31:48,L232,82.62,4,"L232_3,L232_2,L232_1,L232_0",1.155,2,9.2825,9.7025,2,0,NaN
08:31:50,L232,82.62,4,"L232_3,L232_2,L232_1,L232_0",2.8875,3,12.41,11.405000000000001,3,0,NaN
08:31:52,L232,82.62,4,"L232_3,L232_2,L232_1,L232_0",1.5474999999999999,3,17.759999999999998,11.675,3,0,NaN
08:31:54,L232,82.62,4,"L232_3,L232_2,L232_1,L232_0",0.0,3,27.5175,15.905,3,0,NaN
08:31:56,L232,82.62,4,"L232_3,L232_2,L232_1,L232_0",0.0,4,28.2025,17.4025,4,0,NaN
08:31:58,L232,82.62,4,"L232_3,L232_2,L232_1,L232_0",0.4475,4,22.845000000000002,16.6875,4,0,NaN
08:32:00,L232,82.62,4,"L232_3,L232_2,L232_1,L232_0",1.155,4,17.805,17.107499999999998,4,0,NaN
08:32:02,L232,82.62,4,"L232_3,L232_2,L232_1,L232_0",1.0375,4,14.715,17.695,4,0,NaN
08:32:04,L232,82.62,4,"L232_3,L232_2,L232_1,L232_0",1.7325,3,11.782500000000002,14.03,3,0,NaN
08:32:06,L232,82.62,4,"L232_3,L232_2,L232_1,L232_0",2.23,3,9.307500000000001,14.607500000000002,3,0,NaN
08:32:08,L232,82.62,4,"L232_3,L232_2,L232_1,L232_0",2.36,3,9.375,14.425,3,0,NaN
08:32:10,L232,82.62,4,"L232_3,L232_2,L232_1,L232_0",5.555,3,8.415000000000001,15.09,3,0,NaN
08:32:12,L232,82.62,4,"L232_3,L232_2,L232_1,L232_0",6.1575,4,8.8925,14.440000000000001,4,0,NaN
08:32:14,L232,82.62,4,"L232_3,L232_2,L232_1,L232_0",3.8750000000000004,3,8.74,13.7025,3,0,NaN
08:32:16,L232,82.62,4,"L232_3,L232_2,L232_1,L232_0",1.6175000000000002,3,14.472500000000002,13.525,3,0,NaN
08:32:18,L232,82.62,4,"L232_3,L232_2,L232_1,L232_0",1.155,3,14.56,12.5625,3,0,NaN
08:32:20,L232,82.62,4,"L232_3,L232_2,L232_1,L232_0",1.155,3,13.342500000000001,13.2125,3,0,NaN
08:32:22,L232,82.62,4,"L232_3,L232_2,L232_1,L232_0",0.4675,3,14.890000000000002,13.065,3,0,NaN
08:32:24,L232,82.62,4,"L232_3,L232_2,L232_1,L232_0",0.5775,3,13.167499999999999,12.0225,3,0,NaN
08:32:26,L232,82.62,4,"L232_3,L232_2,L232_1,L232_0",0.5775,2,13.764999999999999,11.107500000000002,2,0,NaN
08:32:28,L232,82.62,4,"L232_3,L232_2,L232_1,L232_0",0.0,2,15.422500000000001,10.127500000000001,2,0,NaN
08:32:30,L232,82.62,4,"L232_3,L232_2,L232_1,L232_0",0.0,2,15.1775,10.162500000000001,2,0,NaN
08:32:32,L232,82.62,4,"L232_3,L232_2,L232_1,L232_0",0.0,2,16.6325,10.9925,2,0,NaN
08:32:34,L232,82.62,4,"L232_3,L232_2,L232_1,L232_0",0.5775,3,18.7625,13.7625,3,0,NaN
08:32:36,L232,82.62,4,"L232_3,L232_2,L232_1,L232_0",0.0,3,22.325,12.809999999999999,3,0,NaN
08:32:38,L232,82.62,4,"L232_3,L232_2,L232_1,L232_0",0.0,3,19.602500000000003,14.150000000000002,3,0,NaN
08:32:40,L232,82.62,4,"L232_3,L232_2,L232_1,L232_0",0.0,3,17.14,12.642499999999998,3,0,NaN
08:32:42,L232,82.62,4,"L232_3,L232_2,L232_1,L232_0",0.475,3,14.0,11.4525,3,0,NaN
08:32:44,L232,82.62,4,"L232_3,L232_2,L232_1,L232_0",0.0,2,10.72,9.3,2,0,NaN
08:32:46,L232,82.62,4,"L232_3,L232_2,L232_1,L232_0",1.0075,2,10.2075,9.032499999999999,2,0,NaN
08:32:48,L232,82.62,4,"L232_3,L232_2,L232_1,L232_0",0.0,2,13.475,6.99,2,0,NaN
08:32:50,L232,82.62,4,"L232_3,L232_2,L232_1,L232_0",0.0,2,14.55,7.405,2,0,NaN
08:32:52,L232,82.62,4,"L232_3,L232_2,L232_1,L232_0",0.0,2,14.927499999999998,6.465000000000001,2,0,NaN
08:32:54,L232,82.62,4,"L232_3,L232_2,L232_1,L232_0",0.0,2,10.0325,4.5649999999999995,2,0,NaN
08:32:56,L232,82.62,4,"L232_3,L232_2,L232_1,L232_0",0.0,1,8.195,5.2875,1,0,NaN
08:32:58,L232,82.62,4,"L232_3,L232_2,L232_1,L232_0",0.0,2,14.3875,5.3325,2,0,NaN
08:33:00,L232,82.62,4,"L232_3,L232_2,L232_1,L232_0",0.0,1,9.475000000000001,4.195,1,0,NaN
08:33:02,L232,82.62,4,"L232_3,L232_2,L232_1,L232_0",0.0,2,16.6025,5.595000000000001,2,0,NaN
08:33:04,L232,82.62,4,"L232_3,L232_2,L232_1,L232_0",0.0,2,16.15,6.9475,2,0,NaN
08:33:06,L232,82.62,4,"L232_3,L232_2,L232_1,L232_0",0.0,2,17.1725,6.1175,2,0,NaN
08:33:08,L232,82.62,4,"L232_3,L232_2,L232_1,L232_0",0.0,2,20.0975,5.8825,2,0,NaN
08:33:10,L232,82.62,4,"L232_3,L232_2,L232_1,L232_0",0.0,2,16.805,4.8925,2,0,NaN
08:33:12,L232,82.62,4,"L232_3,L232_2,L232_1,L232_0",0.0,2,15.252500000000001,6.115,2,0,NaN
08:33:14,L232,82.62,4,"L232_3,L232_2,L232_1,L232_0",0.0,2,15.379999999999999,6.255000000000001,2,0,NaN
08:33:16,L232,82.62,4,"L232_3,L232_2,L232_1,L232_0",0.0,1,12.6575,6.29,1,0,NaN
08:33:18,L232,82.62,4,"L232_3,L232_2,L232_1,L232_0",0.0,1,12.9625,5.915,1,0,NaN
08:33:20,L232,82.62,4,"L232_3,L232_2,L232_1,L232_0",0.0,1,12.592500000000001,6.397500000000001,1,0,NaN
08:33:22,L232,82.62,4,"L232_3,L232_2,L232_1,L232_0",0.0,2,16.435,5.64,2,0,NaN
08:33:24,L232,82.62,4,"L232_3,L232_2,L232_1,L232_0",0.0,2,13.48,5.16,2,0,NaN
08:33:26,L232,82.62,4,"L232_3,L232_2,L232_1,L232_0",0.0,1,11.829999999999998,4.8925,1,0,NaN
08:33:28,L232,82.62,4,"L232_3,L232_2,L232_1,L232_0",0.0,1,11.274999999999999,5.1975,1,0,NaN
08:33:30,L232,82.62,4,"L232_3,L232_2,L232_1,L232_0",0.0,1,11.455,5.2625,1,0,NaN
08:33:32,L232,82.62,4,"L232_3,L232_2,L232_1,L232_0",0.0,1,9.434999999999999,5.0975,1,0,NaN
08:33:34,L232,82.62,4,"L232_3,L232_2,L232_1,L232_0",0.0,1,8.717500000000001,4.3825,1,0,NaN
08:33:36,L232,82.62,4,"L232_3,L232_2,L232_1,L232_0",0.0,2,13.077499999999999,6.7175,2,0,NaN
08:33:38,L232,82.62,4,"L232_3,L232_2,L232_1,L232_0",0.0,2,14.4575,7.0375000000000005,2,0,NaN
08:33:40,L232,82.62,4,"L232_3,L232_2,L232_1,L232_0",0.0,2,20.5375,8.9525,2,0,NaN
08:33:42,L232,82.62,4,"L232_3,L232_2,L232_1,L232_0",0.0,2,19.5975,9.0075,2,0,NaN
08:33:44,L232,82.62,4,"L232_3,L232_2,L232_1,L232_0",0.0,2,24.4075,10.6875,2,0,NaN
08:33:46,L232,82.62,4,"L232_3,L232_2,L232_1,L232_0",0.0,2,15.9175,10.8275,2,0,NaN
08:33:48,L232,82.62,4,"L232_3,L232_2,L232_1,L232_0",0.0,3,20.765,12.825,3,0,NaN
08:33:50,L232,82.62,4,"L232_3,L232_2,L232_1,L232_0",0.0,3,20.990000000000002,14.347500000000002,3,0,NaN
08:33:52,L232,82.62,4,"L232_3,L232_2,L232_1,L232_0",0.5775,3,17.5025,13.4125,3,0,NaN
08:33:54,L232,82.62,4,"L232_3,L232_2,L232_1,L232_0",0.0,3,17.0225,12.8375,3,0,NaN
08:33:56,L232,82.62,4,"L232_3,L232_2,L232_1,L232_0",0.0,3,14.584999999999999,12.515,3,0,NaN
08:33:58,L232,82.62,4,"L232_3,L232_2,L232_1,L232_0",0.0,3,15.095,12.780000000000001,3,0,NaN
08:34:00,L232,82.62,4,"L232_3,L232_2,L232_1,L232_0",2.31,3,13.292499999999999,13.392499999999998,3,0,NaN
08:34:02,L232,82.62,4,"L232_3,L232_2,L232_1,L232_0",2.8875,3,15.9825,15.462500000000002,3,0,NaN
08:34:04,L232,82.62,4,"L232_3,L232_2,L232_1,L232_0",6.3999999999999995,4,14.8975,17.847500000000004,4,0,NaN
08:34:06,L232,82.62,4,"L232_3,L232_2,L232_1,L232_0",8.15,4,13.439999999999998,18.060000000000002,4,0,NaN
08:34:08,L232,82.62,4,"L232_3,L232_2,L232_1,L232_0",10.7825,4,13.7925,19.634999999999998,4,0,NaN
08:34:10,L232,82.62,4,"L232_3,L232_2,L232_1,L232_0",11.625,4,14.395000000000001,20.270000000000003,4,0,NaN
08:34:12,L232,82.62,4,"L232_3,L232_2,L232_1,L232_0",9.8675,4,14.33,19.0375,4,0,NaN
08:34:14,L232,82.62,4,"L232_3,L232_2,L232_1,L232_0",9.897499999999999,4,12.812499999999998,19.3675,4,0,NaN
08:34:16,L232,82.62,4,"L232_3,L232_2,L232_1,L232_0",9.1075,4,12.2025,16.8325,4,0,NaN
08:34:18,L232,82.62,4,"L232_3,L232_2,L232_1,L232_0",2.7225,4,14.3175,16.002499999999998,4,0,NaN
08:34:20,L232,82.62,4,"L232_3,L232_2,L232_1,L232_0",0.4275,4,19.7925,15.629999999999999,4,0,NaN
08:34:22,L232,82.62,4,"L232_3,L232_2,L232_1,L232_0",0.0,4,21.349999999999998,18.825000000000003,4,0,NaN
08:34:24,L232,82.62,4,"L232_3,L232_2,L232_1,L232_0",4.2,4,20.6025,20.777500000000003,4,0,NaN
08:34:26,L232,82.62,4,"L232_3,L232_2,L232_1,L232_0",7.885,5,20.127499999999998,22.4075,5,0,NaN
08:34:28,L232,82.62,4,"L232_3,L232_2,L232_1,L232_0",9.2575,5,19.0225,20.36,5,0,NaN
08:34:30,L232,82.62,4,"L232_3,L232_2,L232_1,L232_0",2.6525000000000003,4,17.61,17.932500000000005,4,0,NaN
08:34:32,L232,82.62,4,"L232_3,L232_2,L232_1,L232_0",0.5775,3,12.045000000000002,13.977500000000003,3,0,NaN
08:34:34,L232,82.62,4,"L232_3,L232_2,L232_1,L232_0",1.58,3,15.71,11.245,3,0,NaN
08:34:36,L232,82.62,4,"L232_3,L232_2,L232_1,L232_0",0.0,2,10.995000000000001,9.844999999999999,2,0,NaN
08:34:38,L232,82.62,4,"L232_3,L232_2,L232_1,L232_0",0.0,2,10.815,6.882499999999999,2,0,NaN
08:34:40,L232,82.62,4,"L232_3,L232_2,L232_1,L232_0",0.0,2,8.1725,6.755,2,0,NaN
08:34:42,L232,82.62,4,"L232_3,L232_2,L232_1,L232_0",0.0,2,11.5275,6.8549999999999995,2,0,NaN
08:34:44,L232,82.62,4,"L232_3,L232_2,L232_1,L232_0",0.0,2,12.31,7.495,2,0,NaN
08:34:46,L232,82.62,4,"L232_3,L232_2,L232_1,L232_0",1.055,2,10.0425,7.905,2,0,NaN
08:34:48,L232,82.62,4,"L232_3,L232_2,L232_1,L232_0",0.0,2,16.305,8.3875,2,0,NaN
08:34:50,L232,82.62,4,"L232_3,L232_2,L232_1,L232_0",0.0,2,16.515,8.565,2,0,NaN
08:34:52,L232,82.62,4,"L232_3,L232_2,L232_1,L232_0",0.0,2,19.16,9.355,2,0,NaN
08:34:54,L232,82.62,4,"L232_3,L232_2,L232_1,L232_0",0.5775,2,17.435,8.1525,2,0,NaN
08:34:56,L232,82.62,4,"L232_3,L232_2,L232_1,L232_0",0.0,2,18.105,8.790000000000001,2,0,NaN
08:34:58,L232,82.62,4,"L232_3,L232_2,L232_1,L232_0",0.0,2,16.105,7.725,2,0,NaN
08:35:00,L232,82.62,4,"L232_3,L232_2,L232_1,L232_0",1.0775,2,18.932499999999997,9.774999999999999,2,0,NaN
08:35:02,L232,82.62,4,"L232_3,L232_2,L232_1,L232_0",0.0,2,12.314999999999998,8.657499999999999,2,0,NaN
08:35:04,L232,82.62,4,"L232_3,L232_2,L232_1,L232_0",0.455,2,13.6975,9.965,2,0,NaN
08:35:06,L232,82.62,4,"L232_3,L232_2,L232_1,L232_0",0.0,2,14.872499999999999,8.275,2,0,NaN
08:35:08,L232,82.62,4,"L232_3,L232_2,L232_1,L232_0",0.5775,2,12.245,9.959999999999999,2,0,NaN
08:35:10,L232,82.62,4,"L232_3,L232_2,L232_1,L232_0",1.6324999999999998,2,12.279999999999998,9.815,2,0,NaN
08:35:12,L232,82.62,4,"L232_3,L232_2,L232_1,L232_0",0.0,2,13.185,9.0,2,0,NaN
08:35:14,L232,82.62,4,"L232_3,L232_2,L232_1,L232_0",0.505,2,14.6775,8.424999999999999,2,0,NaN
08:35:16,L232,82.62,4,"L232_3,L232_2,L232_1,L232_0",1.155,2,8.352500000000001,8.3875,2,0,NaN
08:35:18,L232,82.62,4,"L232_3,L232_2,L232_1,L232_0",0.465,3,16.8925,10.1525,3,0,NaN
08:35:20,L232,82.62,4,"L232_3,L232_2,L232_1,L232_0",0.0,2,17.314999999999998,11.095000000000002,2,0,NaN
08:35:22,L232,82.62,4,"L232_3,L232_2,L232_1,L232_0",0.0,2,16.0475,10.4375,2,0,NaN
08:35:24,L232,82.62,4,"L232_3,L232_2,L232_1,L232_0",0.0,2,20.1425,11.940000000000001,2,0,NaN
08:35:26,L232,82.62,4,"L232_3,L232_2,L232_1,L232_0",0.0,2,19.834999999999997,10.41,2,0,NaN
08:35:28,L232,82.62,4,"L232_3,L232_2,L232_1,L232_0",1.155,2,16.935,11.265,2,0,NaN
08:35:30,L232,82.62,4,"L232_3,L232_2,L232_1,L232_0",2.1525,3,21.2725,11.0625,3,0,NaN
08:35:32,L232,82.62,4,"L232_3,L232_2,L232_1,L232_0",0.5775,3,17.9525,10.322500000000002,3,0,NaN
08:35:34,L232,82.62,4,"L232_3,L232_2,L232_1,L232_0",0.0,2,17.015,10.575,2,0,NaN
08:35:36,L232,82.62,4,"L232_3,L232_2,L232_1,L232_0",0.5775,2,18.73,11.600000000000001,2,0,NaN
08:35:38,L232,82.62,4,"L232_3,L232_2,L232_1,L232_0",0.0,3,21.127499999999998,11.57,3,0,NaN
08:35:40,L232,82.62,4,"L232_3,L232_2,L232_1,L232_0",0.4375,3,20.7575,9.3925,3,0,NaN
08:35:42,L232,82.62,4,"L232_3,L232_2,L232_1,L232_0",0.0,2,20.645,10.0625,2,0,NaN
08:35:44,L232,82.62,4,"L232_3,L232_2,L232_1,L232_0",0.0,2,19.54,8.6975,2,0,NaN
08:35:46,L232,82.62,4,"L232_3,L232_2,L232_1,L232_0",0.0,2,25.004999999999995,9.4775,2,0,NaN
08:35:48,L232,82.62,4,"L232_3,L232_2,L232_1,L232_0",0.0,2,21.340000000000003,11.5,2,0,NaN
08:35:50,L232,82.62,4,"L232_3,L232_2,L232_1,L232_0",0.5775,2,17.1125,9.665,2,0,NaN
08:35:52,L232,82.62,4,"L232_3,L232_2,L232_1,L232_0",0.4725,2,18.0775,11.3625,2,0,NaN
08:35:54,L232,82.62,4,"L232_3,L232_2,L232_1,L232_0",0.5775,3,16.645,12.58,3,0,NaN
08:35:56,L232,82.62,4,"L232_3,L232_2,L232_1,L232_0",0.0,3,14.9325,12.6175,3,0,NaN
08:35:58,L232,82.62,4,"L232_3,L232_2,L232_1,L232_0",3.2249999999999996,3,16.69,13.004999999999999,3,0,NaN
08:36:00,L232,82.62,4,"L232_3,L232_2,L232_1,L232_0",0.5775,2,10.54,11.2775,2,0,NaN
08:36:02,L232,82.62,4,"L232_3,L232_2,L232_1,L232_0",0.0,3,13.8625,12.3625,3,0,NaN
08:36:04,L232,82.62,4,"L232_3,L232_2,L232_1,L232_0",1.65,3,14.4425,11.96,3,0,NaN
08:36:06,L232,82.62,4,"L232_3,L232_2,L232_1,L232_0",0.5775,2,14.084999999999999,10.485,2,0,NaN
08:36:08,L232,82.62,4,"L232_3,L232_2,L232_1,L232_0",1.6925,2,17.635,11.469999999999999,2,0,NaN
08:36:10,L232,82.62,4,"L232_3,L232_2,L232_1,L232_0",1.07,2,18.0975,11.295,2,0,NaN
08:36:12,L232,82.62,4,"L232_3,L232_2,L232_1,L232_0",1.155,2,18.5125,12.12,2,0,NaN
08:36:14,L232,82.62,4,"L232_3,L232_2,L232_1,L232_0",3.17,2,18.834999999999997,11.3525,2,0,NaN
08:36:16,L232,82.62,4,"L232_3,L232_2,L232_1,L232_0",0.0,2,18.905,10.675,2,0,NaN
08:36:18,L232,82.62,4,"L232_3,L232_2,L232_1,L232_0",0.0,3,19.695,11.3525,3,0,NaN
08:36:20,L232,82.62,4,"L232_3,L232_2,L232_1,L232_0",0.0,2,16.145,9.7875,2,0,NaN
08:36:22,L232,82.62,4,"L232_3,L232_2,L232_1,L232_0",0.0,2,9.98,9.785,2,0,NaN
08:36:24,L232,82.62,4,"L232_3,L232_2,L232_1,L232_0",0.0,2,12.812499999999998,8.9275,2,0,NaN
08:36:26,L232,82.62,4,"L232_3,L232_2,L232_1,L232_0",0.5775,2,9.552499999999998,7.6875,2,0,NaN
08:36:28,L232,82.62,4,"L232_3,L232_2,L232_1,L232_0",2.31,2,7.995000000000001,8.3875,2,0,NaN
08:36:30,L232,82.62,4,"L232_3,L232_2,L232_1,L232_0",4.3525,2,13.407499999999997,11.344999999999999,2,0,NaN
08:36:32,L232,82.62,4,"L232_3,L232_2,L232_1,L232_0",5.2325,2,11.620000000000001,13.98,2,0,NaN
08:36:34,L232,82.62,4,"L232_3,L232_2,L232_1,L232_0",6.1,3,10.290000000000001,14.7325,3,0,NaN
08:36:36,L232,82.62,4,"L232_3,L232_2,L232_1,L232_0",8.719999999999999,3,8.649999999999999,15.3775,3,0,NaN
08:36:38,L232,82.62,4,"L232_3,L232_2,L232_1,L232_0",9.585,3,7.164999999999999,16.502499999999998,3,0,NaN
08:36:40,L232,82.62,4,"L232_3,L232_2,L232_1,L232_0",12.4875,3,5.417499999999999,17.854999999999997,3,0,NaN
08:36:42,L232,82.62,4,"L232_3,L232_2,L232_1,L232_0",11.61,4,7.614999999999999,18.027500000000003,4,0,NaN
08:36:44,L232,82.62,4,"L232_3,L232_2,L232_1,L232_0",12.51,3,5.7825,18.175,3,0,NaN
08:36:46,L232,82.62,4,"L232_3,L232_2,L232_1,L232_0",15.1575,4,7.57,19.87,4,0,NaN
08:36:48,L232,82.62,4,"L232_3,L232_2,L232_1,L232_0",16.015,4,6.7275,20.4675,4,0,NaN
08:36:50,L232,82.62,4,"L232_3,L232_2,L232_1,L232_0",17.755000000000003,4,6.935,22.2625,4,0,NaN
08:36:52,L232,82.62,4,"L232_3,L232_2,L232_1,L232_0",18.615,4,6.35,23.442500000000003,4,0,NaN
08:36:54,L232,82.62,4,"L232_3,L232_2,L232_1,L232_0",20.3725,5,6.96,23.490000000000002,5,0,NaN
08:36:56,L232,82.62,4,"L232_3,L232_2,L232_1,L232_0",18.6,5,7.03,24.0875,5,0,NaN
08:36:58,L232,82.62,4,"L232_3,L232_2,L232_1,L232_0",19.475,4,5.5,25.1625,4,0,NaN
08:37:00,L232,82.62,4,"L232_3,L232_2,L232_1,L232_0",23.884999999999998,6,8.235000000000001,28.1575,6,0,NaN
08:37:02,L232,82.62,4,"L232_3,L232_2,L232_1,L232_0",25.6,6,9.4125,28.744999999999997,6,0,NaN
08:37:04,L232,82.62,4,"L232_3,L232_2,L232_1,L232_0",25.61,6,10.14,29.3575,6,0,NaN
08:37:06,L232,82.62,4,"L232_3,L232_2,L232_1,L232_0",27.3475,6,9.6375,30.755000000000003,6,0,NaN
08:37:08,L232,82.62,4,"L232_3,L232_2,L232_1,L232_0",28.2175,6,5.89,29.645000000000003,6,0,NaN
08:37:10,L232,82.62,4,"L232_3,L232_2,L232_1,L232_0",29.97,6,3.8524999999999996,30.0575,6,0,NaN
08:37:12,L232,82.62,4,"L232_3,L232_2,L232_1,L232_0",29.9675,6,4.26,30.2125,6,0,NaN
08:37:14,L232,82.62,4,"L232_3,L232_2,L232_1,L232_0",30.84,6,4.865,31.835,6,0,NaN
08:37:16,L232,82.62,4,"L232_3,L232_2,L232_1,L232_0",32.59,6,3.87,33.265,6,0,NaN
08:37:18,L232,82.62,4,"L232_3,L232_2,L232_1,L232_0",33.4675,6,3.4575,33.0675,6,0,NaN
08:37:20,L232,82.62,4,"L232_3,L232_2,L232_1,L232_0",34.3375,6,2.36,33.2325,6,0,NaN
08:37:22,L232,82.62,4,"L232_3,L232_2,L232_1,L232_0",35.22,6,2.7724999999999995,33.7175,6,0,NaN
08:37:24,L232,82.62,4,"L232_3,L232_2,L232_1,L232_0",36.084999999999994,6,2.9125,34.870000000000005,6,0,NaN
08:37:26,L232,82.62,4,"L232_3,L232_2,L232_1,L232_0",37.8825,7,3.1000000000000005,35.885000000000005,7,0,NaN
08:37:28,L232,82.62,4,"L232_3,L232_2,L232_1,L232_0",38.045,7,2.87,36.365,7,0,NaN
08:37:30,L232,82.62,4,"L232_3,L232_2,L232_1,L232_0",35.739999999999995,6,3.8225,34.45,6,0,NaN
08:37:32,L232,82.62,4,"L232_3,L232_2,L232_1,L232_0",29.49,7,6.01,34.722500000000004,7,0,NaN
08:37:34,L232,82.62,4,"L232_3,L232_2,L232_1,L232_0",25.1625,7,8.8425,30.807500000000005,7,0,NaN
08:37:36,L232,82.62,4,"L232_3,L232_2,L232_1,L232_0",19.27,6,9.815000000000001,29.7625,6,0,NaN
08:37:38,L232,82.62,4,"L232_3,L232_2,L232_1,L232_0",12.907499999999999,6,12.844999999999999,29.5225,6,0,NaN
08:37:40,L232,82.62,4,"L232_3,L232_2,L232_1,L232_0",5.694999999999999,6,14.642499999999998,29.205,6,0,NaN
08:37:42,L232,82.62,4,"L232_3,L232_2,L232_1,L232_0",1.1075,6,15.5875,28.845,6,0,NaN
08:37:44,L232,82.62,4,"L232_3,L232_2,L232_1,L232_0",0.0,6,14.3975,27.89,6,0,NaN
08:37:46,L232,82.62,4,"L232_3,L232_2,L232_1,L232_0",0.0,6,16.435,27.799999999999997,6,0,NaN
08:37:48,L232,82.62,4,"L232_3,L232_2,L232_1,L232_0",1.7325,6,18.385,28.0175,6,0,NaN
08:37:50,L232,82.62,4,"L232_3,L232_2,L232_1,L232_0",4.3475,5,15.799999999999999,24.8375,5,0,NaN
08:37:52,L232,82.62,4,"L232_3,L232_2,L232_1,L232_0",2.875,5,18.084999999999997,24.615,5,0,NaN
08:37:54,L232,82.62,4,"L232_3,L232_2,L232_1,L232_0",1.155,5,19.84,23.6675,5,0,NaN
08:37:56,L232,82.62,4,"L232_3,L232_2,L232_1,L232_0",2.1825,4,15.8925,23.64,4,0,NaN
08:37:58,L232,82.62,4,"L232_3,L232_2,L232_1,L232_0",1.155,4,14.3375,22.39,4,0,NaN
08:38:00,L232,82.62,4,"L232_3,L232_2,L232_1,L232_0",0.0,4,16.58,19.33,4,0,NaN
08:38:02,L232,82.62,4,"L232_3,L232_2,L232_1,L232_0",0.0,4,17.985,19.470000000000002,4,0,NaN
08:38:04,L232,82.62,4,"L232_3,L232_2,L232_1,L232_0",0.0,4,19.052500000000002,19.127499999999998,4,0,NaN
08:38:06,L232,82.62,4,"L232_3,L232_2,L232_1,L232_0",0.0,4,22.745,16.4075,4,0,NaN
08:38:08,L232,82.62,4,"L232_3,L232_2,L232_1,L232_0",0.0,3,17.2325,14.677500000000002,3,0,NaN
08:38:10,L232,82.62,4,"L232_3,L232_2,L232_1,L232_0",0.0,2,16.1575,9.5125,2,0,NaN
08:38:12,L232,82.62,4,"L232_3,L232_2,L232_1,L232_0",0.4175,2,9.885,7.0425,2,0,NaN
08:38:14,L232,82.62,4,"L232_3,L232_2,L232_1,L232_0",0.0,2,13.9575,6.34,2,0,NaN
08:38:16,L232,82.62,4,"L232_3,L232_2,L232_1,L232_0",0.0,2,14.57,7.3575,2,0,NaN
08:38:18,L232,82.62,4,"L232_3,L232_2,L232_1,L232_0",0.0,2,10.89,7.2625,2,0,NaN
08:38:20,L232,82.62,4,"L232_3,L232_2,L232_1,L232_0",0.0,2,16.005,7.61,2,0,NaN
08:38:22,L232,82.62,4,"L232_3,L232_2,L232_1,L232_0",0.0,2,15.872499999999999,6.5375,2,0,NaN
08:38:24,L232,82.62,4,"L232_3,L232_2,L232_1,L232_0",0.0,2,15.82,7.65,2,0,NaN
08:38:26,L232,82.62,4,"L232_3,L232_2,L232_1,L232_0",0.0,2,16.49,7.4525,2,0,NaN
08:38:28,L232,82.62,4,"L232_3,L232_2,L232_1,L232_0",0.0,2,22.665,9.4775,2,0,NaN
08:38:30,L232,82.62,4,"L232_3,L232_2,L232_1,L232_0",0.0,2,24.66,9.39,2,0,NaN
08:38:32,L232,82.62,4,"L232_3,L232_2,L232_1,L232_0",0.0,3,27.1025,9.307500000000001,3,0,NaN
08:38:34,L232,82.62,4,"L232_3,L232_2,L232_1,L232_0",0.0,2,19.8525,6.625,2,0,NaN
08:38:36,L232,82.62,4,"L232_3,L232_2,L232_1,L232_0",0.0,2,18.535,7.555000000000001,2,0,NaN
08:38:38,L232,82.62,4,"L232_3,L232_2,L232_1,L232_0",0.0,2,15.082500000000001,6.7825,2,0,NaN
08:38:40,L232,82.62,4,"L232_3,L232_2,L232_1,L232_0",0.0,1,11.1675,6.29,1,0,NaN
08:38:42,L232,82.62,4,"L232_3,L232_2,L232_1,L232_0",0.0,2,15.1325,6.4799999999999995,2,0,NaN
08:38:44,L232,82.62,4,"L232_3,L232_2,L232_1,L232_0",0.0,2,14.9525,8.08,2,0,NaN
08:38:46,L232,82.62,4,"L232_3,L232_2,L232_1,L232_0",0.0,2,19.242500000000003,10.392500000000002,2,0,NaN
08:38:48,L232,82.62,4,"L232_3,L232_2,L232_1,L232_0",0.0,2,19.21,9.462499999999999,2,0,NaN
08:38:50,L232,82.62,4,"L232_3,L232_2,L232_1,L232_0",0.4675,2,16.13,10.562499999999998,2,0,NaN
08:38:52,L232,82.62,4,"L232_3,L232_2,L232_1,L232_0",0.0,2,16.419999999999998,10.66,2,0,NaN
08:38:54,L232,82.62,4,"L232_3,L232_2,L232_1,L232_0",1.155,2,12.357499999999998,9.925,2,0,NaN
08:38:56,L232,82.62,4,"L232_3,L232_2,L232_1,L232_0",0.0,2,12.700000000000001,10.850000000000001,2,0,NaN
08:38:58,L232,82.62,4,"L232_3,L232_2,L232_1,L232_0",0.42,3,13.207500000000001,12.077499999999999,3,0,NaN
08:39:00,L232,82.62,4,"L232_3,L232_2,L232_1,L232_0",0.5775,3,13.2275,11.73,3,0,NaN
08:39:02,L232,82.62,4,"L232_3,L232_2,L232_1,L232_0",1.625,2,9.975,10.725000000000001,2,0,NaN
08:39:04,L232,82.62,4,"L232_3,L232_2,L232_1,L232_0",0.0,2,8.775,9.805,2,0,NaN
08:39:06,L232,82.62,4,"L232_3,L232_2,L232_1,L232_0",0.4625,2,13.405,10.5,2,0,NaN
08:39:08,L232,82.62,4,"L232_3,L232_2,L232_1,L232_0",0.0,2,11.205,8.165,2,0,NaN
08:39:10,L232,82.62,4,"L232_3,L232_2,L232_1,L232_0",0.0,2,13.4275,8.059999999999999,2,0,NaN
08:39:12,L232,82.62,4,"L232_3,L232_2,L232_1,L232_0",0.0,2,15.092500000000001,9.0875,2,0,NaN
08:39:14,L232,82.62,4,"L232_3,L232_2,L232_1,L232_0",0.0,3,24.115,9.9725,3,0,NaN
08:39:16,L232,82.62,4,"L232_3,L232_2,L232_1,L232_0",0.0,2,21.97,10.442499999999999,2,0,NaN
08:39:18,L232,82.62,4,"L232_3,L232_2,L232_1,L232_0",0.0,2,23.669999999999998,10.84,2,0,NaN
08:39:20,L232,82.62,4,"L232_3,L232_2,L232_1,L232_0",0.0,2,15.27,8.24,2,0,NaN
08:39:22,L232,82.62,4,"L232_3,L232_2,L232_1,L232_0",0.5775,2,14.9775,8.3875,2,0,NaN
08:39:24,L232,82.62,4,"L232_3,L232_2,L232_1,L232_0",0.0,2,14.02,7.7575,2,0,NaN
08:39:26,L232,82.62,4,"L232_3,L232_2,L232_1,L232_0",0.0,2,14.0825,7.1899999999999995,2,0,NaN
08:39:28,L232,82.62,4,"L232_3,L232_2,L232_1,L232_0",0.0,2,17.1025,6.7475,2,0,NaN
08:39:30,L232,82.62,4,"L232_3,L232_2,L232_1,L232_0",0.0,1,10.440000000000001,6.365,1,0,NaN
08:39:32,L232,82.62,4,"L232_3,L232_2,L232_1,L232_0",0.0,2,11.345,5.835,2,0,NaN
08:39:34,L232,82.62,4,"L232_3,L232_2,L232_1,L232_0",0.0,2,15.147499999999999,6.955,2,0,NaN
08:39:36,L232,82.62,4,"L232_3,L232_2,L232_1,L232_0",0.0,2,16.9675,8.3875,2,0,NaN
08:39:38,L232,82.62,4,"L232_3,L232_2,L232_1,L232_0",0.0,2,23.467499999999998,10.5775,2,0,NaN
08:39:40,L232,82.62,4,"L232_3,L232_2,L232_1,L232_0",0.0,2,16.3525,9.415,2,0,NaN
08:39:42,L232,82.62,4,"L232_3,L232_2,L232_1,L232_0",0.0,3,19.150000000000002,10.485,3,0,NaN
08:39:44,L232,82.62,4,"L232_3,L232_2,L232_1,L232_0",0.0,2,17.24,8.0475,2,0,NaN
08:39:46,L232,82.62,4,"L232_3,L232_2,L232_1,L232_0",0.0,2,10.225000000000001,8.6175,2,0,NaN
08:39:48,L232,82.62,4,"L232_3,L232_2,L232_1,L232_0",1.155,2,9.9525,9.2375,2,0,NaN
08:39:50,L232,82.62,4,"L232_3,L232_2,L232_1,L232_0",1.7325,2,11.235000000000001,11.462499999999999,2,0,NaN
08:39:52,L232,82.62,4,"L232_3,L232_2,L232_1,L232_0",2.8675,2,9.232500000000002,12.557500000000001,2,0,NaN
08:39:54,L232,82.62,4,"L232_3,L232_2,L232_1,L232_0",4.07,2,9.7825,12.5075,2,0,NaN
08:39:56,L232,82.62,4,"L232_3,L232_2,L232_1,L232_0",4.0575,3,10.1275,12.9875,3,0,NaN
08:39:58,L232,82.62,4,"L232_3,L232_2,L232_1,L232_0",4.84,2,10.1075,11.432500000000001,2,0,NaN
08:40:00,L232,82.62,4,"L232_3,L232_2,L232_1,L232_0",3.1325,2,10.1175,8.045,2,0,NaN
08:40:02,L232,82.62,4,"L232_3,L232_2,L232_1,L232_0",0.5775,2,11.425,9.5625,2,0,NaN
08:40:04,L232,82.62,4,"L232_3,L232_2,L232_1,L232_0",0.0,2,10.540000000000001,9.995000000000001,2,0,NaN
08:40:06,L232,82.62,4,"L232_3,L232_2,L232_1,L232_0",0.8325,3,16.3325,10.805,3,0,NaN
08:40:08,L232,82.62,4,"L232_3,L232_2,L232_1,L232_0",0.0,3,21.3475,10.5925,3,0,NaN
08:40:10,L232,82.62,4,"L232_3,L232_2,L232_1,L232_0",0.0,3,23.8775,9.805,3,0,NaN
08:40:12,L232,82.62,4,"L232_3,L232_2,L232_1,L232_0",0.0,2,14.002499999999998,9.447500000000002,2,0,NaN
08:40:14,L232,82.62,4,"L232_3,L232_2,L232_1,L232_0",0.5775,2,16.11,10.2775,2,0,NaN
08:40:16,L232,82.62,4,"L232_3,L232_2,L232_1,L232_0",0.5775,2,14.4,11.225000000000001,2,0,NaN
08:40:18,L232,82.62,4,"L232_3,L232_2,L232_1,L232_0",0.985,3,18.0475,11.520000000000001,3,0,NaN
08:40:20,L232,82.62,4,"L232_3,L232_2,L232_1,L232_0",0.5775,2,17.342499999999998,10.9725,2,0,NaN
08:40:22,L232,82.62,4,"L232_3,L232_2,L232_1,L232_0",0.5775,3,18.669999999999998,12.052500000000002,3,0,NaN
08:40:24,L232,82.62,4,"L232_3,L232_2,L232_1,L232_0",2.1625,2,14.5475,11.5075,2,0,NaN
08:40:26,L232,82.62,4,"L232_3,L232_2,L232_1,L232_0",1.7325,2,12.5775,11.517500000000002,2,0,NaN
08:40:28,L232,82.62,4,"L232_3,L232_2,L232_1,L232_0",1.07,2,12.302500000000002,9.620000000000001,2,0,NaN
08:40:30,L232,82.62,4,"L232_3,L232_2,L232_1,L232_0",0.0,2,17.145,9.4,2,0,NaN
08:40:32,L232,82.62,4,"L232_3,L232_2,L232_1,L232_0",0.5775,2,10.2925,7.5675,2,0,NaN
08:40:34,L232,82.62,4,"L232_3,L232_2,L232_1,L232_0",0.5775,2,13.69,7.79,2,0,NaN
08:40:36,L232,82.62,4,"L232_3,L232_2,L232_1,L232_0",0.0,2,14.284999999999998,8.0425,2,0,NaN
08:40:38,L232,82.62,4,"L232_3,L232_2,L232_1,L232_0",0.0,2,15.2475,8.565,2,0,NaN
08:40:40,L232,82.62,4,"L232_3,L232_2,L232_1,L232_0",0.0,2,16.1175,9.1425,2,0,NaN
08:40:42,L232,82.62,4,"L232_3,L232_2,L232_1,L232_0",0.5775,2,20.029999999999998,8.7475,2,0,NaN
08:40:44,L232,82.62,4,"L232_3,L232_2,L232_1,L232_0",0.5775,2,16.7575,9.35,2,0,NaN
08:40:46,L232,82.62,4,"L232_3,L232_2,L232_1,L232_0",0.0,2,19.1575,9.467500000000001,2,0,NaN
08:40:48,L232,82.62,4,"L232_3,L232_2,L232_1,L232_0",0.0,2,19.2425,9.955000000000002,2,0,NaN
08:40:50,L232,82.62,4,"L232_3,L232_2,L232_1,L232_0",0.8875,2,13.0125,10.34,2,0,NaN
08:40:52,L232,82.62,4,"L232_3,L232_2,L232_1,L232_0",0.0,2,10.307500000000001,8.74,2,0,NaN
08:40:54,L232,82.62,4,"L232_3,L232_2,L232_1,L232_0",1.065,2,7.507499999999999,9.2075,2,0,NaN
08:40:56,L232,82.62,4,"L232_3,L232_2,L232_1,L232_0",0.0,3,15.725,8.745000000000001,3,0,NaN
08:40:58,L232,82.62,4,"L232_3,L232_2,L232_1,L232_0",0.0,2,10.8275,8.08,2,0,NaN
08:41:00,L232,82.62,4,"L232_3,L232_2,L232_1,L232_0",0.0,2,15.785,9.785,2,0,NaN
08:41:02,L232,82.62,4,"L232_3,L232_2,L232_1,L232_0",0.495,2,16.5175,10.475000000000001,2,0,NaN
08:41:04,L232,82.62,4,"L232_3,L232_2,L232_1,L232_0",0.5775,2,15.7725,10.5275,2,0,NaN
08:41:06,L232,82.62,4,"L232_3,L232_2,L232_1,L232_0",0.0,2,15.504999999999999,10.3125,2,0,NaN
08:41:08,L232,82.62,4,"L232_3,L232_2,L232_1,L232_0",1.0825,3,23.5475,11.452499999999999,3,0,NaN
08:41:10,L232,82.62,4,"L232_3,L232_2,L232_1,L232_0",0.0,2,15.56,10.055,2,0,NaN
08:41:12,L232,82.62,4,"L232_3,L232_2,L232_1,L232_0",0.0,2,20.875000000000004,11.274999999999999,2,0,NaN
08:41:14,L232,82.62,4,"L232_3,L232_2,L232_1,L232_0",0.5775,2,19.85,11.045000000000002,2,0,NaN
08:41:16,L232,82.62,4,"L232_3,L232_2,L232_1,L232_0",0.835,2,18.0625,11.475000000000001,2,0,NaN
08:41:18,L232,82.62,4,"L232_3,L232_2,L232_1,L232_0",1.155,3,21.0825,12.6925,3,0,NaN
08:41:20,L232,82.62,4,"L232_3,L232_2,L232_1,L232_0",1.7325,3,18.732499999999998,14.6775,3,0,NaN
08:41:22,L232,82.62,4,"L232_3,L232_2,L232_1,L232_0",4.635,3,18.2375,16.215,3,0,NaN
08:41:24,L232,82.62,4,"L232_3,L232_2,L232_1,L232_0",6.965,4,18.33,18.6675,4,0,NaN
08:41:26,L232,82.62,4,"L232_3,L232_2,L232_1,L232_0",8.71,4,18.475,20.3825,4,0,NaN
08:41:28,L232,82.62,4,"L232_3,L232_2,L232_1,L232_0",10.165000000000001,4,16.425,21.06,4,0,NaN
08:41:30,L232,82.62,4,"L232_3,L232_2,L232_1,L232_0",12.4925,4,9.5075,18.875,4,0,NaN
08:41:32,L232,82.62,4,"L232_3,L232_2,L232_1,L232_0",13.365,4,7.1225000000000005,18.1725,4,0,NaN
08:41:34,L232,82.62,4,"L232_3,L232_2,L232_1,L232_0",13.360000000000001,4,6.255,18.994999999999997,4,0,NaN
08:41:36,L232,82.62,4,"L232_3,L232_2,L232_1,L232_0",15.1875,4,4.6525,19.7325,4,0,NaN
08:41:38,L232,82.62,4,"L232_3,L232_2,L232_1,L232_0",16.880000000000003,4,6.0,21.417499999999997,4,0,NaN
08:41:40,L232,82.62,4,"L232_3,L232_2,L232_1,L232_0",17.737499999999997,4,6.2475000000000005,22.427500000000002,4,0,NaN
08:41:42,L232,82.62,4,"L232_3,L232_2,L232_1,L232_0",18.6025,4,4.625,22.365000000000002,4,0,NaN
08:41:44,L232,82.62,4,"L232_3,L232_2,L232_1,L232_0",18.599999999999998,4,5.909999999999999,23.1675,4,0,NaN
08:41:46,L232,82.62,4,"L232_3,L232_2,L232_1,L232_0",18.599999999999998,4,4.7325,23.765,4,0,NaN
08:41:48,L232,82.62,4,"L232_3,L232_2,L232_1,L232_0",20.394999999999996,5,4.135,24.91,5,0,NaN
08:41:50,L232,82.62,4,"L232_3,L232_2,L232_1,L232_0",22.9925,5,5.2475000000000005,26.862500000000004,5,0,NaN
08:41:52,L232,82.62,4,"L232_3,L232_2,L232_1,L232_0",23.847499999999997,5,7.485000000000001,27.689999999999998,5,0,NaN
08:41:54,L232,82.62,4,"L232_3,L232_2,L232_1,L232_0",23.845,6,10.115,29.360000000000003,6,0,NaN
08:41:56,L232,82.62,4,"L232_3,L232_2,L232_1,L232_0",23.845,6,9.79,30.6075,6,0,NaN
08:41:58,L232,82.62,4,"L232_3,L232_2,L232_1,L232_0",24.7275,6,7.6049999999999995,30.4175,6,0,NaN
08:42:00,L232,82.62,4,"L232_3,L232_2,L232_1,L232_0",34.372499999999995,6,5.5125,31.655,6,0,NaN
08:42:02,L232,82.62,4,"L232_3,L232_2,L232_1,L232_0",36.115,6,7.5249999999999995,34.042500000000004,6,0,NaN
08:42:04,L232,82.62,4,"L232_3,L232_2,L232_1,L232_0",36.082499999999996,7,5.635,34.54,7,0,NaN
08:42:06,L232,82.62,4,"L232_3,L232_2,L232_1,L232_0",38.7125,6,3.185,34.93,6,0,NaN
08:42:08,L232,82.62,4,"L232_3,L232_2,L232_1,L232_0",41.335,7,3.385,36.00749999999999,7,0,NaN
08:42:10,L232,82.62,4,"L232_3,L232_2,L232_1,L232_0",42.2,7,3.165,36.599999999999994,7,0,NaN
08:42:12,L232,82.62,4,"L232_3,L232_2,L232_1,L232_0",43.075,7,2.615,37.745000000000005,7,0,NaN
08:42:14,L232,82.62,4,"L232_3,L232_2,L232_1,L232_0",44.825,8,4.4775,39.965,8,0,NaN
08:42:16,L232,82.62,4,"L232_3,L232_2,L232_1,L232_0",46.58,8,3.3975,39.1025,8,0,NaN
08:42:18,L232,82.62,4,"L232_3,L232_2,L232_1,L232_0",46.56999999999999,8,2.6950000000000003,40.037499999999994,8,0,NaN
08:42:20,L232,82.62,4,"L232_3,L232_2,L232_1,L232_0",46.365,8,3.4050000000000002,38.709999999999994,8,0,NaN
08:42:22,L232,82.62,4,"L232_3,L232_2,L232_1,L232_0",42.21,7,4.232500000000001,37.74249999999999,7,0,NaN
08:42:24,L232,82.62,4,"L232_3,L232_2,L232_1,L232_0",34.75,8,8.015,35.9125,8,0,NaN
08:42:26,L232,82.62,4,"L232_3,L232_2,L232_1,L232_0",23.095,7,9.0,33.4975,7,0,NaN
08:42:28,L232,82.62,4,"L232_3,L232_2,L232_1,L232_0",14.8625,6,9.5925,33.405,6,0,NaN
08:42:30,L232,82.62,4,"L232_3,L232_2,L232_1,L232_0",11.85,6,12.649999999999999,32.51,6,0,NaN
08:42:32,L232,82.62,4,"L232_3,L232_2,L232_1,L232_0",3.2950000000000004,7,14.412500000000001,31.915,7,0,NaN
08:42:34,L232,82.62,4,"L232_3,L232_2,L232_1,L232_0",2.625,6,14.030000000000001,29.142500000000002,6,0,NaN
08:42:36,L232,82.62,4,"L232_3,L232_2,L232_1,L232_0",0.0,6,16.52,28.1175,6,0,NaN
08:42:38,L232,82.62,4,"L232_3,L232_2,L232_1,L232_0",0.0,6,18.017500000000002,26.105,6,0,NaN
08:42:40,L232,82.62,4,"L232_3,L232_2,L232_1,L232_0",0.0,6,18.167499999999997,25.4725,6,0,NaN
08:42:42,L232,82.62,4,"L232_3,L232_2,L232_1,L232_0",3.8600000000000003,5,12.504999999999999,23.67,5,0,NaN
08:42:44,L232,82.62,4,"L232_3,L232_2,L232_1,L232_0",1.7325,4,12.3675,23.4475,4,0,NaN
08:42:46,L232,82.62,4,"L232_3,L232_2,L232_1,L232_0",3.2750000000000004,5,13.2925,23.777500000000003,5,0,NaN
08:42:48,L232,82.62,4,"L232_3,L232_2,L232_1,L232_0",1.5924999999999998,5,16.0175,23.7425,5,0,NaN
08:42:50,L232,82.62,4,"L232_3,L232_2,L232_1,L232_0",1.7325,4,15.4275,22.025,4,0,NaN
08:42:52,L232,82.62,4,"L232_3,L232_2,L232_1,L232_0",0.0,5,23.104999999999997,19.505000000000003,5,0,NaN
08:42:54,L232,82.62,4,"L232_3,L232_2,L232_1,L232_0",0.5775,4,24.459999999999997,19.689999999999998,4,0,NaN
08:42:56,L232,82.62,4,"L232_3,L232_2,L232_1,L232_0",0.0,4,22.557499999999997,18.405,4,0,NaN
08:42:58,L232,82.62,4,"L232_3,L232_2,L232_1,L232_0",0.5775,4,17.465,17.300000000000004,4,0,NaN
08:43:00,L232,82.62,4,"L232_3,L232_2,L232_1,L232_0",0.0,3,18.385,15.375000000000002,3,0,NaN
08:43:02,L232,82.62,4,"L232_3,L232_2,L232_1,L232_0",0.0,4,23.257500000000004,10.93,4,0,NaN
08:43:04,L232,82.62,4,"L232_3,L232_2,L232_1,L232_0",0.0,3,20.9725,8.9225,3,0,NaN
08:43:06,L232,82.62,4,"L232_3,L232_2,L232_1,L232_0",0.0,2,12.3625,9.095,2,0,NaN
08:43:08,L232,82.62,4,"L232_3,L232_2,L232_1,L232_0",0.4375,2,11.315,8.2775,2,0,NaN
08:43:10,L232,82.62,4,"L232_3,L232_2,L232_1,L232_0",0.0,2,13.23,8.4475,2,0,NaN
08:43:12,L232,82.62,4,"L232_3,L232_2,L232_1,L232_0",0.0,2,13.72,8.565000000000001,2,0,NaN
08:43:14,L232,82.62,4,"L232_3,L232_2,L232_1,L232_0",0.5775,2,9.295,6.640000000000001,2,0,NaN
08:43:16,L232,82.62,4,"L232_3,L232_2,L232_1,L232_0",0.5775,2,10.6075,7.1425,2,0,NaN
08:43:18,L232,82.62,4,"L232_3,L232_2,L232_1,L232_0",0.0,2,10.8675,6.2524999999999995,2,0,NaN
08:43:20,L232,82.62,4,"L232_3,L232_2,L232_1,L232_0",0.0,2,11.9,6.2325,2,0,NaN
08:43:22,L232,82.62,4,"L232_3,L232_2,L232_1,L232_0",0.0,2,11.6425,6.67,2,0,NaN
08:43:24,L232,82.62,4,"L232_3,L232_2,L232_1,L232_0",0.0,2,16.6875,6.6625000000000005,2,0,NaN
08:43:26,L232,82.62,4,"L232_3,L232_2,L232_1,L232_0",0.0,2,12.93,7.405,2,0,NaN
08:43:28,L232,82.62,4,"L232_3,L232_2,L232_1,L232_0",0.0,2,19.9125,6.8625,2,0,NaN
08:43:30,L232,82.62,4,"L232_3,L232_2,L232_1,L232_0",0.0,2,20.782500000000002,9.2275,2,0,NaN
08:43:32,L232,82.62,4,"L232_3,L232_2,L232_1,L232_0",0.0,2,19.63,7.15,2,0,NaN
08:43:34,L232,82.62,4,"L232_3,L232_2,L232_1,L232_0",0.0,3,28.7425,9.145,3,0,NaN
08:43:36,L232,82.62,4,"L232_3,L232_2,L232_1,L232_0",0.0,2,21.894999999999996,8.6625,2,0,NaN
08:43:38,L232,82.62,4,"L232_3,L232_2,L232_1,L232_0",0.0,2,22.287499999999998,8.26,2,0,NaN
08:43:40,L232,82.62,4,"L232_3,L232_2,L232_1,L232_0",0.0,2,16.715,6.005,2,0,NaN
08:43:42,L232,82.62,4,"L232_3,L232_2,L232_1,L232_0",0.0,1,9.9125,4.53,1,0,NaN
08:43:44,L232,82.62,4,"L232_3,L232_2,L232_1,L232_0",0.0,1,8.4,4.475,1,0,NaN
08:43:46,L232,82.62,4,"L232_3,L232_2,L232_1,L232_0",0.0,1,7.45,3.9175,1,0,NaN
08:43:48,L232,82.62,4,"L232_3,L232_2,L232_1,L232_0",0.0,1,5.7524999999999995,4.17,1,0,NaN
08:43:50,L232,82.62,4,"L232_3,L232_2,L232_1,L232_0",0.0,2,9.135,4.0775,2,0,NaN
08:43:52,L232,82.62,4,"L232_3,L232_2,L232_1,L232_0",0.0,1,8.37,4.3475,1,0,NaN
08:43:54,L232,82.62,4,"L232_3,L232_2,L232_1,L232_0",0.0,1,8.14,4.195,1,0,NaN
08:43:56,L232,82.62,4,"L232_3,L232_2,L232_1,L232_0",0.0,2,11.895,6.3225,2,0,NaN
08:43:58,L232,82.62,4,"L232_3,L232_2,L232_1,L232_0",0.0,2,18.67,7.46,2,0,NaN
08:44:00,L232,82.62,4,"L232_3,L232_2,L232_1,L232_0",0.0,2,16.947499999999998,7.69,2,0,NaN
08:44:02,L232,82.62,4,"L232_3,L232_2,L232_1,L232_0",0.0,2,18.945,7.96,2,0,NaN
08:44:04,L232,82.62,4,"L232_3,L232_2,L232_1,L232_0",0.0,2,15.685,6.0675,2,0,NaN
08:44:06,L232,82.62,4,"L232_3,L232_2,L232_1,L232_0",0.0,2,15.272499999999999,5.855,2,0,NaN
08:44:08,L232,82.62,4,"L232_3,L232_2,L232_1,L232_0",0.0,2,12.719999999999999,5.4975,2,0,NaN
08:44:10,L232,82.62,4,"L232_3,L232_2,L232_1,L232_0",0.0,2,12.120000000000001,5.5424999999999995,2,0,NaN
08:44:12,L232,82.62,4,"L232_3,L232_2,L232_1,L232_0",0.0,2,16.05,7.8325,2,0,NaN
08:44:14,L232,82.62,4,"L232_3,L232_2,L232_1,L232_0",0.0,2,18.84,8.0125,2,0,NaN
08:44:16,L232,82.62,4,"L232_3,L232_2,L232_1,L232_0",0.0,2,15.207500000000001,9.747500000000002,2,0,NaN
08:44:18,L232,82.62,4,"L232_3,L232_2,L232_1,L232_0",0.0,2,15.8525,11.1125,2,0,NaN
08:44:20,L232,82.62,4,"L232_3,L232_2,L232_1,L232_0",0.0,3,20.942500000000003,9.507500000000002,3,0,NaN
08:44:22,L232,82.62,4,"L232_3,L232_2,L232_1,L232_0",0.0,2,20.387500000000003,8.3975,2,0,NaN
08:44:24,L232,82.62,4,"L232_3,L232_2,L232_1,L232_0",0.0,2,14.39,6.859999999999999,2,0,NaN
08:44:26,L232,82.62,4,"L232_3,L232_2,L232_1,L232_0",0.0,2,10.47,6.8925,2,0,NaN
08:44:28,L232,82.62,4,"L232_3,L232_2,L232_1,L232_0",0.5775,2,10.962499999999999,7.4425,2,0,NaN
08:44:30,L232,82.62,4,"L232_3,L232_2,L232_1,L232_0",0.0,2,12.455,9.0875,2,0,NaN
08:44:32,L232,82.62,4,"L232_3,L232_2,L232_1,L232_0",2.31,2,12.842499999999998,11.094999999999999,2,0,NaN
08:44:34,L232,82.62,4,"L232_3,L232_2,L232_1,L232_0",3.1900000000000004,2,9.977500000000001,10.485,2,0,NaN
08:44:36,L232,82.62,4,"L232_3,L232_2,L232_1,L232_0",4.6475,2,9.9125,11.337500000000002,2,0,NaN
08:44:38,L232,82.62,4,"L232_3,L232_2,L232_1,L232_0",6.1025,3,9.6625,12.5825,3,0,NaN
08:44:40,L232,82.62,4,"L232_3,L232_2,L232_1,L232_0",7.857500000000001,3,9.354999999999999,13.98,3,0,NaN
08:44:42,L232,82.62,4,"L232_3,L232_2,L232_1,L232_0",9.5875,3,7.7,14.405,3,0,NaN
08:44:44,L232,82.62,4,"L232_3,L232_2,L232_1,L232_0",7.4175,3,9.892499999999998,14.1375,3,0,NaN
08:44:46,L232,82.62,4,"L232_3,L232_2,L232_1,L232_0",1.7325,3,12.805000000000001,13.530000000000001,3,0,NaN
08:44:48,L232,82.62,4,"L232_3,L232_2,L232_1,L232_0",1.155,3,11.66,13.2725,3,0,NaN
08:44:50,L232,82.62,4,"L232_3,L232_2,L232_1,L232_0",5.165,2,8.485,12.7675,2,0,NaN
08:44:52,L232,82.62,4,"L232_3,L232_2,L232_1,L232_0",7.2925,3,8.9725,12.98,3,0,NaN
08:44:54,L232,82.62,4,"L232_3,L232_2,L232_1,L232_0",5.4125,3,10.620000000000001,12.015,3,0,NaN
08:44:56,L232,82.62,4,"L232_3,L232_2,L232_1,L232_0",2.79,2,9.530000000000001,10.180000000000001,2,0,NaN
08:44:58,L232,82.62,4,"L232_3,L232_2,L232_1,L232_0",1.0775,2,13.8275,11.075,2,0,NaN
08:45:00,L232,82.62,4,"L232_3,L232_2,L232_1,L232_0",0.0,2,17.722500000000004,10.3425,2,0,NaN
08:45:02,L232,82.62,4,"L232_3,L232_2,L232_1,L232_0",0.0,2,15.0325,10.43,2,0,NaN
08:45:04,L232,82.62,4,"L232_3,L232_2,L232_1,L232_0",0.0,3,16.785,10.7775,3,0,NaN
08:45:06,L232,82.62,4,"L232_3,L232_2,L232_1,L232_0",0.0,2,17.085,10.662500000000001,2,0,NaN
08:45:08,L232,82.62,4,"L232_3,L232_2,L232_1,L232_0",0.5775,2,13.0575,10.802500000000002,2,0,NaN
08:45:10,L232,82.62,4,"L232_3,L232_2,L232_1,L232_0",1.585,2,9.1525,10.365,2,0,NaN
08:45:12,L232,82.62,4,"L232_3,L232_2,L232_1,L232_0",0.5775,2,9.02,8.3925,2,0,NaN
08:45:14,L232,82.62,4,"L232_3,L232_2,L232_1,L232_0",0.5775,2,7.952499999999999,8.1,2,0,NaN
08:45:16,L232,82.62,4,"L232_3,L232_2,L232_1,L232_0",1.155,2,9.079999999999998,8.1475,2,0,NaN
08:45:18,L232,82.62,4,"L232_3,L232_2,L232_1,L232_0",0.5775,2,11.802500000000002,9.6025,2,0,NaN
08:45:20,L232,82.62,4,"L232_3,L232_2,L232_1,L232_0",1.605,2,11.255,10.09,2,0,NaN
08:45:22,L232,82.62,4,"L232_3,L232_2,L232_1,L232_0",1.155,2,12.872499999999999,11.629999999999999,2,0,NaN
08:45:24,L232,82.62,4,"L232_3,L232_2,L232_1,L232_0",0.44,2,15.985,11.172500000000001,2,0,NaN
08:45:26,L232,82.62,4,"L232_3,L232_2,L232_1,L232_0",0.5775,2,16.294999999999998,11.265,2,0,NaN
08:45:28,L232,82.62,4,"L232_3,L232_2,L232_1,L232_0",0.0,2,16.349999999999998,11.2675,2,0,NaN
08:45:30,L232,82.62,4,"L232_3,L232_2,L232_1,L232_0",0.0,2,13.4725,9.485,2,0,NaN
08:45:32,L232,82.62,4,"L232_3,L232_2,L232_1,L232_0",0.0,2,9.854999999999999,7.319999999999999,2,0,NaN
08:45:34,L232,82.62,4,"L232_3,L232_2,L232_1,L232_0",0.0,2,13.6375,5.6725,2,0,NaN
08:45:36,L232,82.62,4,"L232_3,L232_2,L232_1,L232_0",0.0,1,9.1975,5.525,1,0,NaN
08:45:38,L232,82.62,4,"L232_3,L232_2,L232_1,L232_0",0.0,1,7.24,6.6125,1,0,NaN
08:45:40,L232,82.62,4,"L232_3,L232_2,L232_1,L232_0",0.0,2,12.025,5.8675,2,0,NaN
08:45:42,L232,82.62,4,"L232_3,L232_2,L232_1,L232_0",0.0,2,11.6075,7.08,2,0,NaN
08:45:44,L232,82.62,4,"L232_3,L232_2,L232_1,L232_0",0.0,2,16.825000000000003,6.77,2,0,NaN
08:45:46,L232,82.62,4,"L232_3,L232_2,L232_1,L232_0",0.0,2,12.2225,6.4375,2,0,NaN
08:45:48,L232,82.62,4,"L232_3,L232_2,L232_1,L232_0",0.0,2,17.995,6.405,2,0,NaN
08:45:50,L232,82.62,4,"L232_3,L232_2,L232_1,L232_0",0.0,1,12.0175,5.5925,1,0,NaN
08:45:52,L232,82.62,4,"L232_3,L232_2,L232_1,L232_0",0.0,2,13.775,6.1525,2,0,NaN
08:45:54,L232,82.62,4,"L232_3,L232_2,L232_1,L232_0",0.0,2,14.842500000000001,7.13,2,0,NaN
08:45:56,L232,82.62,4,"L232_3,L232_2,L232_1,L232_0",0.0,2,11.7575,6.955,2,0,NaN
08:45:58,L232,82.62,4,"L232_3,L232_2,L232_1,L232_0",0.0,2,12.979999999999999,8.17,2,0,NaN
08:46:00,L232,82.62,4,"L232_3,L232_2,L232_1,L232_0",0.0,2,18.3025,6.164999999999999,2,0,NaN
08:46:02,L232,82.62,4,"L232_3,L232_2,L232_1,L232_0",0.0,1,9.942499999999999,4.8950000000000005,1,0,NaN
08:46:04,L232,82.62,4,"L232_3,L232_2,L232_1,L232_0",0.0,2,14.715,6.4075,2,0,NaN
08:46:06,L232,82.62,4,"L232_3,L232_2,L232_1,L232_0",0.0,2,17.0525,6.99,2,0,NaN
08:46:08,L232,82.62,4,"L232_3,L232_2,L232_1,L232_0",0.0,2,21.764999999999997,8.14,2,0,NaN
08:46:10,L232,82.62,4,"L232_3,L232_2,L232_1,L232_0",0.0,2,18.855,8.32,2,0,NaN
08:46:12,L232,82.62,4,"L232_3,L232_2,L232_1,L232_0",0.0,2,18.95,9.135,2,0,NaN
08:46:14,L232,82.62,4,"L232_3,L232_2,L232_1,L232_0",0.0,2,20.517500000000002,8.9875,2,0,NaN
08:46:16,L232,82.62,4,"L232_3,L232_2,L232_1,L232_0",0.0,2,17.935000000000002,8.0075,2,0,NaN
08:46:18,L232,82.62,4,"L232_3,L232_2,L232_1,L232_0",0.0,1,12.6475,6.0575,1,0,NaN
08:46:20,L232,82.62,4,"L232_3,L232_2,L232_1,L232_0",0.0,1,12.0475,4.73,1,0,NaN
08:46:22,L232,82.62,4,"L232_3,L232_2,L232_1,L232_0",0.0,1,12.4,5.4275,1,0,NaN
08:46:24,L232,82.62,4,"L232_3,L232_2,L232_1,L232_0",0.0,1,9.84,4.195,1,0,NaN
08:46:26,L232,82.62,4,"L232_3,L232_2,L232_1,L232_0",0.0,2,15.3,6.29,2,0,NaN
08:46:28,L232,82.62,4,"L232_3,L232_2,L232_1,L232_0",0.0,2,15.557500000000001,7.655,2,0,NaN
08:46:30,L232,82.62,4,"L232_3,L232_2,L232_1,L232_0",0.0,2,21.025000000000002,9.182500000000001,2,0,NaN
08:46:32,L232,82.62,4,"L232_3,L232_2,L232_1,L232_0",0.0,2,23.979999999999997,9.7675,2,0,NaN
08:46:34,L232,82.62,4,"L232_3,L232_2,L232_1,L232_0",0.0,2,14.5,9.2025,2,0,NaN
08:46:36,L232,82.62,4,"L232_3,L232_2,L232_1,L232_0",0.545,2,13.7425,10.455,2,0,NaN
08:46:38,L232,82.62,4,"L232_3,L232_2,L232_1,L232_0",0.0,3,19.775,11.7425,3,0,NaN
08:46:40,L232,82.62,4,"L232_3,L232_2,L232_1,L232_0",0.0,2,16.54,9.7075,2,0,NaN
08:46:42,L232,82.62,4,"L232_3,L232_2,L232_1,L232_0",0.0,2,11.92,10.21,2,0,NaN
08:46:44,L232,82.62,4,"L232_3,L232_2,L232_1,L232_0",1.155,2,8.8725,10.485,2,0,NaN
08:46:46,L232,82.62,4,"L232_3,L232_2,L232_1,L232_0",2.7025,2,9.472500000000002,10.485,2,0,NaN
08:46:48,L232,82.62,4,"L232_3,L232_2,L232_1,L232_0",0.5775,2,9.584999999999999,7.515,2,0,NaN
08:46:50,L232,82.62,4,"L232_3,L232_2,L232_1,L232_0",0.0,2,14.5575,7.6025,2,0,NaN
08:46:52,L232,82.62,4,"L232_3,L232_2,L232_1,L232_0",0.0,2,14.865,7.3625,2,0,NaN
08:46:54,L232,82.62,4,"L232_3,L232_2,L232_1,L232_0",0.0,2,13.8625,6.7075,2,0,NaN
08:46:56,L232,82.62,4,"L232_3,L232_2,L232_1,L232_0",0.0,2,15.465,6.7575,2,0,NaN
08:46:58,L232,82.62,4,"L232_3,L232_2,L232_1,L232_0",0.0,1,10.467500000000001,5.59,1,0,NaN
08:47:00,L232,82.62,4,"L232_3,L232_2,L232_1,L232_0",0.0,2,14.2,5.97,2,0,NaN
08:47:02,L232,82.62,4,"L232_3,L232_2,L232_1,L232_0",0.0,1,9.375,5.760000000000001,1,0,NaN
08:47:04,L232,82.62,4,"L232_3,L232_2,L232_1,L232_0",0.0,2,10.337499999999999,5.095,2,0,NaN
08:47:06,L232,82.62,4,"L232_3,L232_2,L232_1,L232_0",0.0,1,7.9675,4.452500000000001,1,0,NaN
08:47:08,L232,82.62,4,"L232_3,L232_2,L232_1,L232_0",0.0,1,7.6075,4.71,1,0,NaN
08:47:10,L232,82.62,4,"L232_3,L232_2,L232_1,L232_0",0.0,1,7.44,4.9175,1,0,NaN
08:47:12,L232,82.62,4,"L232_3,L232_2,L232_1,L232_0",0.0,1,8.83,4.5725,1,0,NaN
08:47:14,L232,82.62,4,"L232_3,L232_2,L232_1,L232_0",0.0,2,9.995000000000001,5.4825,2,0,NaN
08:47:16,L232,82.62,4,"L232_3,L232_2,L232_1,L232_0",0.0,2,17.18,8.555,2,0,NaN
08:47:18,L232,82.62,4,"L232_3,L232_2,L232_1,L232_0",0.0,2,19.240000000000002,10.055,2,0,NaN
08:47:20,L232,82.62,4,"L232_3,L232_2,L232_1,L232_0",0.0,2,22.655,12.467500000000001,2,0,NaN
08:47:22,L232,82.62,4,"L232_3,L232_2,L232_1,L232_0",0.0,3,31.822499999999998,11.225,3,0,NaN
08:47:24,L232,82.62,4,"L232_3,L232_2,L232_1,L232_0",0.0,3,27.415,10.932500000000001,3,0,NaN
08:47:26,L232,82.62,4,"L232_3,L232_2,L232_1,L232_0",0.0,2,18.175,9.649999999999999,2,0,NaN
08:47:28,L232,82.62,4,"L232_3,L232_2,L232_1,L232_0",1.155,2,12.4425,9.042499999999999,2,0,NaN
08:47:30,L232,82.62,4,"L232_3,L232_2,L232_1,L232_0",0.4875,3,17.3525,10.2275,3,0,NaN
08:47:32,L232,82.62,4,"L232_3,L232_2,L232_1,L232_0",0.0,2,13.657499999999999,9.785,2,0,NaN
08:47:34,L232,82.62,4,"L232_3,L232_2,L232_1,L232_0",0.0,2,17.807500000000005,10.927500000000002,2,0,NaN
08:47:36,L232,82.62,4,"L232_3,L232_2,L232_1,L232_0",0.0,2,18.4325,10.085,2,0,NaN
08:47:38,L232,82.62,4,"L232_3,L232_2,L232_1,L232_0",1.0525,2,15.305,8.8875,2,0,NaN
08:47:40,L232,82.62,4,"L232_3,L232_2,L232_1,L232_0",0.0,2,16.189999999999998,7.8775,2,0,NaN
08:47:42,L232,82.62,4,"L232_3,L232_2,L232_1,L232_0",0.0,1,10.63,6.465,1,0,NaN
08:47:44,L232,82.62,4,"L232_3,L232_2,L232_1,L232_0",0.0,2,15.544999999999998,6.65,2,0,NaN
08:47:46,L232,82.62,4,"L232_3,L232_2,L232_1,L232_0",0.0,2,12.2125,7.6875,2,0,NaN
08:47:48,L232,82.62,4,"L232_3,L232_2,L232_1,L232_0",0.0,2,15.3475,5.7375,2,0,NaN
08:47:50,L232,82.62,4,"L232_3,L232_2,L232_1,L232_0",0.0,1,14.415,5.675,1,0,NaN
08:47:52,L232,82.62,4,"L232_3,L232_2,L232_1,L232_0",0.0,1,14.239999999999998,5.9,1,0,NaN
08:47:54,L232,82.62,4,"L232_3,L232_2,L232_1,L232_0",0.0,2,17.205000000000002,6.535,2,0,NaN
08:47:56,L232,82.62,4,"L232_3,L232_2,L232_1,L232_0",0.0,1,11.675,4.8725000000000005,1,0,NaN
08:47:58,L232,82.62,4,"L232_3,L232_2,L232_1,L232_0",0.0,2,17.585,4.5275,2,0,NaN
08:48:00,L232,82.62,4,"L232_3,L232_2,L232_1,L232_0",0.0,1,14.8225,3.8675,1,0,NaN
08:48:02,L232,82.62,4,"L232_3,L232_2,L232_1,L232_0",0.0,1,11.27,4.8925,1,0,NaN
08:48:04,L232,82.62,4,"L232_3,L232_2,L232_1,L232_0",0.0,1,14.54,5.5925,1,0,NaN
08:48:06,L232,82.62,4,"L232_3,L232_2,L232_1,L232_0",0.0,1,11.815000000000001,4.8925,1,0,NaN
08:48:08,L232,82.62,4,"L232_3,L232_2,L232_1,L232_0",0.0,1,11.49,4.8925,1,0,NaN
08:48:10,L232,82.62,4,"L232_3,L232_2,L232_1,L232_0",0.0,1,14.6575,4.4975000000000005,1,0,NaN
08:48:12,L232,82.62,4,"L232_3,L232_2,L232_1,L232_0",0.0,2,18.23,4.952500000000001,2,0,NaN
08:48:14,L232,82.62,4,"L232_3,L232_2,L232_1,L232_0",0.0,2,17.865,6.6375,2,0,NaN
08:48:16,L232,82.62,4,"L232_3,L232_2,L232_1,L232_0",0.0,2,20.490000000000002,7.885,2,0,NaN
08:48:18,L232,82.62,4,"L232_3,L232_2,L232_1,L232_0",0.0,2,25.65,8.662500000000001,2,0,NaN
08:48:20,L232,82.62,4,"L232_3,L232_2,L232_1,L232_0",0.0,3,34.504999999999995,10.947500000000002,3,0,NaN
08:48:22,L232,82.62,4,"L232_3,L232_2,L232_1,L232_0",0.0,2,18.822499999999998,8.9675,2,0,NaN
08:48:24,L232,82.62,4,"L232_3,L232_2,L232_1,L232_0",0.0,2,16.48,7.7425,2,0,NaN
08:48:26,L232,82.62,4,"L232_3,L232_2,L232_1,L232_0",0.0,2,16.087500000000002,6.067500000000001,2,0,NaN
08:48:28,L232,82.62,4,"L232_3,L232_2,L232_1,L232_0",0.0,2,15.1,6.0125,2,0,NaN
08:48:30,L232,82.62,4,"L232_3,L232_2,L232_1,L232_0",0.0,1,9.349999999999998,4.8925,1,0,NaN
08:48:32,L232,82.62,4,"L232_3,L232_2,L232_1,L232_0",0.0,1,11.462499999999999,5.302499999999999,1,0,NaN
08:48:34,L232,82.62,4,"L232_3,L232_2,L232_1,L232_0",0.0,1,12.5275,5.34,1,0,NaN
08:48:36,L232,82.62,4,"L232_3,L232_2,L232_1,L232_0",0.0,1,11.8825,5.8549999999999995,1,0,NaN
08:48:38,L232,82.62,4,"L232_3,L232_2,L232_1,L232_0",0.0,1,11.1025,5.0075,1,0,NaN
08:48:40,L232,82.62,4,"L232_3,L232_2,L232_1,L232_0",0.0,1,7.7,4.2525,1,0,NaN
08:48:42,L232,82.62,4,"L232_3,L232_2,L232_1,L232_0",0.0,1,6.86,4.28,1,0,NaN
08:48:44,L232,82.62,4,"L232_3,L232_2,L232_1,L232_0",0.0,1,9.2125,4.3625,1,0,NaN
08:48:46,L232,82.62,4,"L232_3,L232_2,L232_1,L232_0",0.0,1,8.05,4.7375,1,0,NaN
08:48:48,L232,82.62,4,"L232_3,L232_2,L232_1,L232_0",0.0,1,7.07,4.48,1,0,NaN
08:48:50,L232,82.62,4,"L232_3,L232_2,L232_1,L232_0",0.0,1,7.77,4.195,1,0,NaN
08:48:52,L232,82.62,4,"L232_3,L232_2,L232_1,L232_0",0.0,2,13.305,6.225,2,0,NaN
08:48:54,L232,82.62,4,"L232_3,L232_2,L232_1,L232_0",0.0,2,15.9775,6.11,2,0,NaN
08:48:56,L232,82.62,4,"L232_3,L232_2,L232_1,L232_0",0.0,1,11.905,5.5925,1,0,NaN
08:48:58,L232,82.62,4,"L232_3,L232_2,L232_1,L232_0",0.0,2,16.4,6.58,2,0,NaN
08:49:00,L232,82.62,4,"L232_3,L232_2,L232_1,L232_0",0.0,2,17.205,7.2725,2,0,NaN
08:49:02,L232,82.62,4,"L232_3,L232_2,L232_1,L232_0",0.0,2,14.745,7.6049999999999995,2,0,NaN
08:49:04,L232,82.62,4,"L232_3,L232_2,L232_1,L232_0",0.0,2,18.895000000000003,7.25,2,0,NaN
08:49:06,L232,82.62,4,"L232_3,L232_2,L232_1,L232_0",0.0,2,13.712499999999999,5.25,2,0,NaN
08:49:08,L232,82.62,4,"L232_3,L232_2,L232_1,L232_0",0.0,1,8.9,5.28,1,0,NaN
08:49:10,L232,82.62,4,"L232_3,L232_2,L232_1,L232_0",0.0,2,14.262500000000001,5.15,2,0,NaN
08:49:12,L232,82.62,4,"L232_3,L232_2,L232_1,L232_0",0.0,1,8.54,4.83,1,0,NaN
08:49:14,L232,82.62,4,"L232_3,L232_2,L232_1,L232_0",0.0,2,12.149999999999999,6.075,2,0,NaN
08:49:16,L232,82.62,4,"L232_3,L232_2,L232_1,L232_0",0.0,2,13.72,6.0275,2,0,NaN
08:49:18,L232,82.62,4,"L232_3,L232_2,L232_1,L232_0",0.0,2,14.0575,7.8225,2,0,NaN
08:49:20,L232,82.62,4,"L232_3,L232_2,L232_1,L232_0",0.5775,2,11.28,7.175,2,0,NaN
08:49:22,L232,82.62,4,"L232_3,L232_2,L232_1,L232_0",0.0,2,10.055,7.675,2,0,NaN
08:49:24,L232,82.62,4,"L232_3,L232_2,L232_1,L232_0",0.0,2,14.057500000000003,5.635,2,0,NaN
08:49:26,L232,82.62,4,"L232_3,L232_2,L232_1,L232_0",0.5775,1,4.865,5.3675,1,0,NaN
08:49:28,L232,82.62,4,"L232_3,L232_2,L232_1,L232_0",1.155,2,8.08,6.165,2,0,NaN
08:49:30,L232,82.62,4,"L232_3,L232_2,L232_1,L232_0",1.155,2,10.577499999999999,7.69,2,0,NaN
08:49:32,L232,82.62,4,"L232_3,L232_2,L232_1,L232_0",1.7325,2,12.354999999999999,11.1825,2,0,NaN
08:49:34,L232,82.62,4,"L232_3,L232_2,L232_1,L232_0",3.1849999999999996,3,20.2,14.9125,3,0,NaN
08:49:36,L232,82.62,4,"L232_3,L232_2,L232_1,L232_0",4.0575,4,23.8575,16.4225,4,0,NaN
08:49:38,L232,82.62,4,"L232_3,L232_2,L232_1,L232_0",4.9375,4,19.4275,16.732499999999998,4,0,NaN
08:49:40,L232,82.62,4,"L232_3,L232_2,L232_1,L232_0",7.86,4,15.117500000000001,17.165,4,0,NaN
08:49:42,L232,82.62,4,"L232_3,L232_2,L232_1,L232_0",9.6125,4,11.537500000000001,19.887500000000003,4,0,NaN
08:49:44,L232,82.62,4,"L232_3,L232_2,L232_1,L232_0",12.56,4,12.239999999999998,21.5725,4,0,NaN
08:49:46,L232,82.62,4,"L232_3,L232_2,L232_1,L232_0",13.362499999999999,4,10.785,22.3675,4,0,NaN
08:49:48,L232,82.62,4,"L232_3,L232_2,L232_1,L232_0",15.137500000000001,4,7.5874999999999995,22.54,4,0,NaN
08:49:50,L232,82.62,4,"L232_3,L232_2,L232_1,L232_0",16.9275,4,5.4399999999999995,23.3425,4,0,NaN
08:49:52,L232,82.62,4,"L232_3,L232_2,L232_1,L232_0",20.3775,5,6.585,24.2875,5,0,NaN
08:49:54,L232,82.62,4,"L232_3,L232_2,L232_1,L232_0",20.3475,4,4.9025,25.165,4,0,NaN
08:49:56,L232,82.62,4,"L232_3,L232_2,L232_1,L232_0",22.1125,6,6.5649999999999995,27.44,6,0,NaN
08:49:58,L232,82.62,4,"L232_3,L232_2,L232_1,L232_0",23.85,6,8.4625,28.695,6,0,NaN
08:50:00,L232,82.62,4,"L232_3,L232_2,L232_1,L232_0",24.72,6,9.575,29.487499999999997,6,0,NaN
08:50:02,L232,82.62,4,"L232_3,L232_2,L232_1,L232_0",24.722499999999997,6,8.56,29.885000000000005,6,0,NaN
08:50:04,L232,82.62,4,"L232_3,L232_2,L232_1,L232_0",25.5925,6,5.675,29.3575,6,0,NaN
08:50:06,L232,82.62,4,"L232_3,L232_2,L232_1,L232_0",26.47,6,4.4425,30.445,6,0,NaN
08:50:08,L232,82.62,4,"L232_3,L232_2,L232_1,L232_0",29.965,6,6.05,32.440000000000005,6,0,NaN
08:50:10,L232,82.62,4,"L232_3,L232_2,L232_1,L232_0",30.8375,6,3.7625,31.667499999999997,6,0,NaN
08:50:12,L232,82.62,4,"L232_3,L232_2,L232_1,L232_0",30.8375,6,4.0625,32.3325,6,0,NaN
08:50:14,L232,82.62,4,"L232_3,L232_2,L232_1,L232_0",31.77,6,3.115,33.33,6,0,NaN
08:50:16,L232,82.62,4,"L232_3,L232_2,L232_1,L232_0",33.1475,6,3.4275,33.1775,6,0,NaN
08:50:18,L232,82.62,4,"L232_3,L232_2,L232_1,L232_0",26.5625,6,5.8325,29.357499999999998,6,0,NaN
08:50:20,L232,82.62,4,"L232_3,L232_2,L232_1,L232_0",17.915,6,8.7625,27.349999999999998,6,0,NaN
08:50:22,L232,82.62,4,"L232_3,L232_2,L232_1,L232_0",12.6,6,17.549999999999997,30.345000000000002,6,0,NaN
08:50:24,L232,82.62,4,"L232_3,L232_2,L232_1,L232_0",5.2775,5,17.185,26.6975,5,0,NaN
08:50:26,L232,82.62,4,"L232_3,L232_2,L232_1,L232_0",1.7325,5,17.259999999999998,25.54,5,0,NaN
08:50:28,L232,82.62,4,"L232_3,L232_2,L232_1,L232_0",1.6575,5,16.7725,22.860000000000003,5,0,NaN
08:50:30,L232,82.62,4,"L232_3,L232_2,L232_1,L232_0",0.0,4,19.3925,20.7225,4,0,NaN
08:50:32,L232,82.62,4,"L232_3,L232_2,L232_1,L232_0",0.0,4,20.6325,18.1125,4,0,NaN
08:50:34,L232,82.62,4,"L232_3,L232_2,L232_1,L232_0",0.5775,4,16.575,17.8125,4,0,NaN
08:50:36,L232,82.62,4,"L232_3,L232_2,L232_1,L232_0",0.5075,4,17.407500000000002,16.8125,4,0,NaN
08:50:38,L232,82.62,4,"L232_3,L232_2,L232_1,L232_0",1.0325,4,11.6925,16.625,4,0,NaN
08:50:40,L232,82.62,4,"L232_3,L232_2,L232_1,L232_0",1.7325,3,10.2425,16.185000000000002,3,0,NaN
08:50:42,L232,82.62,4,"L232_3,L232_2,L232_1,L232_0",2.1925000000000003,4,11.66,14.8575,4,0,NaN
08:50:44,L232,82.62,4,"L232_3,L232_2,L232_1,L232_0",1.5775000000000001,3,12.525,12.629999999999999,3,0,NaN
08:50:46,L232,82.62,4,"L232_3,L232_2,L232_1,L232_0",0.5775,2,9.95,9.9075,2,0,NaN
08:50:48,L232,82.62,4,"L232_3,L232_2,L232_1,L232_0",0.0,3,14.0425,9.1125,3,0,NaN
08:50:50,L232,82.62,4,"L232_3,L232_2,L232_1,L232_0",0.5775,4,19.51,15.455,4,0,NaN
08:50:52,L232,82.62,4,"L232_3,L232_2,L232_1,L232_0",0.0,3,24.095,15.38,3,0,NaN
08:50:54,L232,82.62,4,"L232_3,L232_2,L232_1,L232_0",0.0,4,27.584999999999997,13.205000000000002,4,0,NaN
08:50:56,L232,82.62,4,"L232_3,L232_2,L232_1,L232_0",0.0,3,30.479999999999997,13.372500000000002,3,0,NaN
08:50:58,L232,82.62,4,"L232_3,L232_2,L232_1,L232_0",0.0,3,25.650000000000002,13.262500000000001,3,0,NaN
08:51:00,L232,82.62,4,"L232_3,L232_2,L232_1,L232_0",0.5775,3,20.0975,13.182500000000001,3,0,NaN
08:51:02,L232,82.62,4,"L232_3,L232_2,L232_1,L232_0",0.0,3,21.75,13.475000000000001,3,0,NaN
08:51:04,L232,82.62,4,"L232_3,L232_2,L232_1,L232_0",0.0,3,22.814999999999998,13.350000000000001,3,0,NaN
08:51:06,L232,82.62,4,"L232_3,L232_2,L232_1,L232_0",0.0,3,25.125,13.135000000000002,3,0,NaN
08:51:08,L232,82.62,4,"L232_3,L232_2,L232_1,L232_0",0.0,3,22.994999999999997,13.982500000000002,3,0,NaN
08:51:10,L232,82.62,4,"L232_3,L232_2,L232_1,L232_0",0.0,3,21.759999999999998,14.392499999999998,3,0,NaN
08:51:12,L232,82.62,4,"L232_3,L232_2,L232_1,L232_0",1.7325,3,16.787499999999998,12.357500000000002,3,0,NaN
08:51:14,L232,82.62,4,"L232_3,L232_2,L232_1,L232_0",0.0,3,16.1025,11.4875,3,0,NaN
08:51:16,L232,82.62,4,"L232_3,L232_2,L232_1,L232_0",0.0,3,19.5975,12.0325,3,0,NaN
08:51:18,L232,82.62,4,"L232_3,L232_2,L232_1,L232_0",0.0,3,21.6,13.585,3,0,NaN
08:51:20,L232,82.62,4,"L232_3,L232_2,L232_1,L232_0",0.0,3,28.385,16.307499999999997,3,0,NaN
08:51:22,L232,82.62,4,"L232_3,L232_2,L232_1,L232_0",0.0,4,32.805,14.4025,4,0,NaN
08:51:24,L232,82.62,4,"L232_3,L232_2,L232_1,L232_0",0.0,3,20.915,13.057500000000001,3,0,NaN
08:51:26,L232,82.62,4,"L232_3,L232_2,L232_1,L232_0",0.0,3,18.005000000000003,11.212499999999999,3,0,NaN
08:51:28,L232,82.62,4,"L232_3,L232_2,L232_1,L232_0",0.0,3,25.980000000000004,11.397499999999999,3,0,NaN
08:51:30,L232,82.62,4,"L232_3,L232_2,L232_1,L232_0",0.0,2,17.5175,11.3925,2,0,NaN
08:51:32,L232,82.62,4,"L232_3,L232_2,L232_1,L232_0",0.0,3,21.667500000000004,11.985000000000001,3,0,NaN
08:51:34,L232,82.62,4,"L232_3,L232_2,L232_1,L232_0",0.0,2,16.785,11.879999999999999,2,0,NaN
08:51:36,L232,82.62,4,"L232_3,L232_2,L232_1,L232_0",0.0,3,17.515,11.27,3,0,NaN
08:51:38,L232,82.62,4,"L232_3,L232_2,L232_1,L232_0",0.0,2,16.995,9.4925,2,0,NaN
08:51:40,L232,82.62,4,"L232_3,L232_2,L232_1,L232_0",0.0,3,21.569999999999997,11.2575,3,0,NaN
08:51:42,L232,82.62,4,"L232_3,L232_2,L232_1,L232_0",0.0,3,21.377499999999998,12.884999999999998,3,0,NaN
08:51:44,L232,82.62,4,"L232_3,L232_2,L232_1,L232_0",0.0,3,19.4975,12.415,3,0,NaN
08:51:46,L232,82.62,4,"L232_3,L232_2,L232_1,L232_0",0.4275,3,18.395,12.004999999999999,3,0,NaN
08:51:48,L232,82.62,4,"L232_3,L232_2,L232_1,L232_0",0.0,2,13.7,8.120000000000001,2,0,NaN
08:51:50,L232,82.62,4,"L232_3,L232_2,L232_1,L232_0",0.5775,2,9.927499999999998,8.155,2,0,NaN
08:51:52,L232,82.62,4,"L232_3,L232_2,L232_1,L232_0",0.0,2,17.6775,8.25,2,0,NaN
08:51:54,L232,82.62,4,"L232_3,L232_2,L232_1,L232_0",0.0,2,14.315,9.9225,2,0,NaN
08:51:56,L232,82.62,4,"L232_3,L232_2,L232_1,L232_0",1.155,3,17.34,11.657499999999999,3,0,NaN
08:51:58,L232,82.62,4,"L232_3,L232_2,L232_1,L232_0",2.0325,2,12.485,11.935,2,0,NaN
08:52:00,L232,82.62,4,"L232_3,L232_2,L232_1,L232_0",4.0575,3,12.645,13.4925,3,0,NaN
08:52:02,L232,82.62,4,"L232_3,L232_2,L232_1,L232_0",6.3975,2,7.8075,13.98,2,0,NaN
08:52:04,L232,82.62,4,"L232_3,L232_2,L232_1,L232_0",3.9575000000000005,4,18.7775,13.629999999999999,4,0,NaN
08:52:06,L232,82.62,4,"L232_3,L232_2,L232_1,L232_0",2.165,3,19.067500000000003,14.41,3,0,NaN
08:52:08,L232,82.62,4,"L232_3,L232_2,L232_1,L232_0",0.5775,3,17.109999999999996,14.762500000000001,3,0,NaN
08:52:10,L232,82.62,4,"L232_3,L232_2,L232_1,L232_0",0.0,2,15.560000000000002,11.182500000000001,2,0,NaN
08:52:12,L232,82.62,4,"L232_3,L232_2,L232_1,L232_0",0.0,3,16.6725,11.190000000000001,3,0,NaN
08:52:14,L232,82.62,4,"L232_3,L232_2,L232_1,L232_0",0.5775,2,15.735000000000001,10.21,2,0,NaN
08:52:16,L232,82.62,4,"L232_3,L232_2,L232_1,L232_0",0.0,2,14.3325,9.375,2,0,NaN
08:52:18,L232,82.62,4,"L232_3,L232_2,L232_1,L232_0",0.0,2,9.6475,8.625,2,0,NaN
08:52:20,L232,82.62,4,"L232_3,L232_2,L232_1,L232_0",0.0,2,11.815000000000001,7.165,2,0,NaN
08:52:22,L232,82.62,4,"L232_3,L232_2,L232_1,L232_0",0.0,2,11.7975,6.452500000000001,2,0,NaN
08:52:24,L232,82.62,4,"L232_3,L232_2,L232_1,L232_0",0.0,2,9.245000000000001,6.132499999999999,2,0,NaN
08:52:26,L232,82.62,4,"L232_3,L232_2,L232_1,L232_0",0.475,1,7.41,6.7625,1,0,NaN
08:52:28,L232,82.62,4,"L232_3,L232_2,L232_1,L232_0",0.0,2,12.4025,6.9675,2,0,NaN
08:52:30,L232,82.62,4,"L232_3,L232_2,L232_1,L232_0",0.0,2,10.34,7.795,2,0,NaN
08:52:32,L232,82.62,4,"L232_3,L232_2,L232_1,L232_0",0.0,2,13.719999999999999,6.29,2,0,NaN
08:52:34,L232,82.62,4,"L232_3,L232_2,L232_1,L232_0",0.0,2,13.1275,7.2875000000000005,2,0,NaN
08:52:36,L232,82.62,4,"L232_3,L232_2,L232_1,L232_0",0.0,2,15.31,7.6125,2,0,NaN
08:52:38,L232,82.62,4,"L232_3,L232_2,L232_1,L232_0",0.0,1,9.68,5.59,1,0,NaN
08:52:40,L232,82.62,4,"L232_3,L232_2,L232_1,L232_0",0.0,1,11.4075,4.225,1,0,NaN
08:52:42,L232,82.62,4,"L232_3,L232_2,L232_1,L232_0",0.0,1,9.385,4.04,1,0,NaN
08:52:44,L232,82.62,4,"L232_3,L232_2,L232_1,L232_0",0.0,1,12.7325,5.1899999999999995,1,0,NaN
08:52:46,L232,82.62,4,"L232_3,L232_2,L232_1,L232_0",0.0,2,15.7825,6.5025,2,0,NaN
08:52:48,L232,82.62,4,"L232_3,L232_2,L232_1,L232_0",0.0,2,18.725,6.51,2,0,NaN
08:52:50,L232,82.62,4,"L232_3,L232_2,L232_1,L232_0",0.0,2,21.057499999999997,6.6575,2,0,NaN
08:52:52,L232,82.62,4,"L232_3,L232_2,L232_1,L232_0",0.0,2,17.705000000000002,6.03,2,0,NaN
08:52:54,L232,82.62,4,"L232_3,L232_2,L232_1,L232_0",0.0,2,15.79,5.62,2,0,NaN
08:52:56,L232,82.62,4,"L232_3,L232_2,L232_1,L232_0",0.0,1,14.035,6.03,1,0,NaN
08:52:58,L232,82.62,4,"L232_3,L232_2,L232_1,L232_0",0.0,1,14.5175,4.8925,1,0,NaN
08:53:00,L232,82.62,4,"L232_3,L232_2,L232_1,L232_0",0.0,1,14.715,5.327500000000001,1,0,NaN
08:53:02,L232,82.62,4,"L232_3,L232_2,L232_1,L232_0",0.0,1,14.585,4.4375,1,0,NaN
08:53:04,L232,82.62,4,"L232_3,L232_2,L232_1,L232_0",0.0,1,11.75,4.8925,1,0,NaN
08:53:06,L232,82.62,4,"L232_3,L232_2,L232_1,L232_0",0.0,1,14.4625,4.8925,1,0,NaN
08:53:08,L232,82.62,4,"L232_3,L232_2,L232_1,L232_0",0.0,1,14.75,4.8925,1,0,NaN
08:53:10,L232,82.62,4,"L232_3,L232_2,L232_1,L232_0",0.0,1,14.4375,4.8925,1,0,NaN
08:53:12,L232,82.62,4,"L232_3,L232_2,L232_1,L232_0",0.0,1,11.33,4.195,1,0,NaN
08:53:14,L232,82.62,4,"L232_3,L232_2,L232_1,L232_0",0.0,2,17.5175,4.8950000000000005,2,0,NaN
08:53:16,L232,82.62,4,"L232_3,L232_2,L232_1,L232_0",0.0,1,11.4175,4.39,1,0,NaN
08:53:18,L232,82.62,4,"L232_3,L232_2,L232_1,L232_0",0.0,1,11.862499999999999,3.8675,1,0,NaN
08:53:20,L232,82.62,4,"L232_3,L232_2,L232_1,L232_0",0.0,1,11.782499999999999,3.495,1,0,NaN
08:53:22,L232,82.62,4,"L232_3,L232_2,L232_1,L232_0",0.0,1,8.8725,3.465,1,0,NaN
08:53:24,L232,82.62,4,"L232_3,L232_2,L232_1,L232_0",0.0,1,12.01,4.275,1,0,NaN
08:53:26,L232,82.62,4,"L232_3,L232_2,L232_1,L232_0",0.0,1,11.65,4.195,1,0,NaN
08:53:28,L232,82.62,4,"L232_3,L232_2,L232_1,L232_0",0.0,1,11.67,4.195,1,0,NaN
08:53:30,L232,82.62,4,"L232_3,L232_2,L232_1,L232_0",0.0,1,11.997499999999999,4.3100000000000005,1,0,NaN
08:53:32,L232,82.62,4,"L232_3,L232_2,L232_1,L232_0",0.0,1,11.7775,4.785,1,0,NaN
08:53:34,L232,82.62,4,"L232_3,L232_2,L232_1,L232_0",0.0,1,11.6225,4.8925,1,0,NaN
08:53:36,L232,82.62,4,"L232_3,L232_2,L232_1,L232_0",0.0,1,8.780000000000001,3.3674999999999997,1,0,NaN
08:53:38,L232,82.62,4,"L232_3,L232_2,L232_1,L232_0",0.0,1,11.91,3.56,1,0,NaN
08:53:40,L232,82.62,4,"L232_3,L232_2,L232_1,L232_0",0.0,1,8.7075,3.495,1,0,NaN
08:53:42,L232,82.62,4,"L232_3,L232_2,L232_1,L232_0",0.0,1,8.370000000000001,3.495,1,0,NaN
08:53:44,L232,82.62,4,"L232_3,L232_2,L232_1,L232_0",0.0,1,8.790000000000001,3.495,1,0,NaN
08:53:46,L232,82.62,4,"L232_3,L232_2,L232_1,L232_0",0.0,1,8.73,3.495,1,0,NaN
08:53:48,L232,82.62,4,"L232_3,L232_2,L232_1,L232_0",0.0,1,8.8875,3.875,1,0,NaN
08:53:50,L232,82.62,4,"L232_3,L232_2,L232_1,L232_0",0.0,1,11.66,3.39,1,0,NaN
08:53:52,L232,82.62,4,"L232_3,L232_2,L232_1,L232_0",0.0,1,8.97,3.495,1,0,NaN
08:53:54,L232,82.62,4,"L232_3,L232_2,L232_1,L232_0",0.0,1,8.8575,3.01,1,0,NaN
08:53:56,L232,82.62,4,"L232_3,L232_2,L232_1,L232_0",0.0,1,11.4,4.06,1,0,NaN
08:53:58,L232,82.62,4,"L232_3,L232_2,L232_1,L232_0",0.0,1,11.67,3.9025,1,0,NaN
08:54:00,L232,82.62,4,"L232_3,L232_2,L232_1,L232_0",0.0,1,8.995000000000001,4.1925,1,0,NaN
08:54:02,L232,82.62,4,"L232_3,L232_2,L232_1,L232_0",0.0,1,8.685,2.745,1,0,NaN
08:54:04,L232,82.62,4,"L232_3,L232_2,L232_1,L232_0",0.0,1,8.435,1.21,1,0,NaN
08:54:06,L232,82.62,4,"L232_3,L232_2,L232_1,L232_0",0.0,0,5.635,1.3975,0,0,NaN
08:54:08,L232,82.62,4,"L232_3,L232_2,L232_1,L232_0",0.0,0,2.885,1.3975,0,0,NaN
08:54:10,L232,82.62,4,"L232_3,L232_2,L232_1,L232_0",0.0,0,2.87,1.3975,0,0,NaN
08:54:12,L232,82.62,4,"L232_3,L232_2,L232_1,L232_0",0.0,0,2.8375,0.7,0,0,NaN
08:54:14,L232,82.62,4,"L232_3,L232_2,L232_1,L232_0",0.0,0,-0.0,0.0,0,0,NaN
08:54:16,L232,82.62,4,"L232_3,L232_2,L232_1,L232_0",0.0,0,-0.0,0.0,0,0,NaN
08:54:18,L232,82.62,4,"L232_3,L232_2,L232_1,L232_0",0.0,0,-0.0,0.0,0,0,NaN
08:54:20,L232,82.62,4,"L232_3,L232_2,L232_1,L232_0",0.0,0,-0.0,0.0,0,0,NaN
08:54:22,L232,82.62,4,"L232_3,L232_2,L232_1,L232_0",0.0,0,-0.0,0.0,0,0,NaN
08:54:24,L232,82.62,4,"L232_3,L232_2,L232_1,L232_0",0.0,0,-0.0,0.0,0,0,NaN
08:54:26,L232,82.62,4,"L232_3,L232_2,L232_1,L232_0",0.0,0,-0.0,0.0,0,0,NaN
08:54:28,L232,82.62,4,"L232_3,L232_2,L232_1,L232_0",0.0,0,-0.0,0.0,0,0,NaN
08:54:30,L232,82.62,4,"L232_3,L232_2,L232_1,L232_0",0.0,0,-0.0,0.0,0,0,NaN
08:54:32,L232,82.62,4,"L232_3,L232_2,L232_1,L232_0",0.0,0,-0.0,0.0,0,0,NaN
08:54:34,L232,82.62,4,"L232_3,L232_2,L232_1,L232_0",0.0,0,-0.0,0.0,0,0,NaN
08:54:36,L232,82.62,4,"L232_3,L232_2,L232_1,L232_0",0.0,0,-0.0,0.0,0,0,NaN
08:54:38,L232,82.62,4,"L232_3,L232_2,L232_1,L232_0",0.0,0,-0.0,0.0,0,0,NaN
08:54:40,L232,82.62,4,"L232_3,L232_2,L232_1,L232_0",0.0,0,-0.0,0.0,0,0,NaN
08:54:42,L232,82.62,4,"L232_3,L232_2,L232_1,L232_0",0.0,0,-0.0,0.0,0,0,NaN
08:54:44,L232,82.62,4,"L232_3,L232_2,L232_1,L232_0",0.0,0,-0.0,0.0,0,0,NaN
08:54:46,L232,82.62,4,"L232_3,L232_2,L232_1,L232_0",0.0,0,-0.0,0.0,0,0,NaN
08:54:48,L232,82.62,4,"L232_3,L232_2,L232_1,L232_0",0.0,0,-0.0,0.0,0,0,NaN
08:54:50,L232,82.62,4,"L232_3,L232_2,L232_1,L232_0",0.0,0,-0.0,0.0,0,0,NaN
08:54:52,L232,82.62,4,"L232_3,L232_2,L232_1,L232_0",0.0,0,-0.0,0.0,0,0,NaN
08:54:54,L232,82.62,4,"L232_3,L232_2,L232_1,L232_0",0.0,0,-0.0,0.0,0,0,NaN
08:54:56,L232,82.62,4,"L232_3,L232_2,L232_1,L232_0",0.0,0,-0.0,0.0,0,0,NaN
08:54:58,L232,82.62,4,"L232_3,L232_2,L232_1,L232_0",0.0,0,-0.0,0.0,0,0,NaN
08:55:00,L232,82.62,4,"L232_3,L232_2,L232_1,L232_0",0.0,0,-0.0,0.0,0,0,NaN
08:55:02,L232,82.62,4,"L232_3,L232_2,L232_1,L232_0",0.0,0,-0.0,0.0,0,0,NaN
08:55:04,L232,82.62,4,"L232_3,L232_2,L232_1,L232_0",0.0,0,-0.0,0.0,0,0,NaN
08:55:06,L232,82.62,4,"L232_3,L232_2,L232_1,L232_0",0.0,0,-0.0,0.0,0,0,NaN
08:55:08,L232,82.62,4,"L232_3,L232_2,L232_1,L232_0",0.0,0,-0.0,0.0,0,0,NaN
08:55:10,L232,82.62,4,"L232_3,L232_2,L232_1,L232_0",0.0,0,-0.0,0.0,0,0,NaN
08:55:12,L232,82.62,4,"L232_3,L232_2,L232_1,L232_0",0.0,0,-0.0,0.0,0,0,NaN
08:55:14,L232,82.62,4,"L232_3,L232_2,L232_1,L232_0",0.0,0,-0.0,0.0,0,0,NaN
08:55:16,L232,82.62,4,"L232_3,L232_2,L232_1,L232_0",0.0,0,-0.0,0.0,0,0,NaN
08:55:18,L232,82.62,4,"L232_3,L232_2,L232_1,L232_0",0.0,0,-0.0,0.0,0,0,NaN
08:55:20,L232,82.62,4,"L232_3,L232_2,L232_1,L232_0",0.0,0,-0.0,0.0,0,0,NaN
08:55:22,L232,82.62,4,"L232_3,L232_2,L232_1,L232_0",0.0,0,-0.0,0.0,0,0,NaN
08:55:24,L232,82.62,4,"L232_3,L232_2,L232_1,L232_0",0.0,0,-0.0,0.0,0,0,NaN
08:55:26,L232,82.62,4,"L232_3,L232_2,L232_1,L232_0",0.0,0,-0.0,0.0,0,0,NaN
08:55:28,L232,82.62,4,"L232_3,L232_2,L232_1,L232_0",0.0,0,-0.0,0.0,0,0,NaN
08:55:30,L232,82.62,4,"L232_3,L232_2,L232_1,L232_0",0.0,0,-0.0,0.0,0,0,NaN
08:55:32,L232,82.62,4,"L232_3,L232_2,L232_1,L232_0",0.0,0,-0.0,0.0,0,0,NaN
08:55:34,L232,82.62,4,"L232_3,L232_2,L232_1,L232_0",0.0,0,-0.0,0.0,0,0,NaN
08:55:36,L232,82.62,4,"L232_3,L232_2,L232_1,L232_0",0.0,0,-0.0,0.0,0,0,NaN
08:55:38,L232,82.62,4,"L232_3,L232_2,L232_1,L232_0",0.0,0,-0.0,0.0,0,0,NaN
08:55:40,L232,82.62,4,"L232_3,L232_2,L232_1,L232_0",0.0,0,-0.0,0.0,0,0,NaN
08:55:42,L232,82.62,4,"L232_3,L232_2,L232_1,L232_0",0.0,0,-0.0,0.0,0,0,NaN
08:55:44,L232,82.62,4,"L232_3,L232_2,L232_1,L232_0",0.0,0,-0.0,0.0,0,0,NaN
08:55:46,L232,82.62,4,"L232_3,L232_2,L232_1,L232_0",0.0,0,-0.0,0.0,0,0,NaN
08:55:48,L232,82.62,4,"L232_3,L232_2,L232_1,L232_0",0.0,0,-0.0,0.0,0,0,NaN
08:55:50,L232,82.62,4,"L232_3,L232_2,L232_1,L232_0",0.0,0,-0.0,0.0,0,0,NaN
08:55:52,L232,82.62,4,"L232_3,L232_2,L232_1,L232_0",0.0,0,-0.0,0.0,0,0,NaN
08:55:54,L232,82.62,4,"L232_3,L232_2,L232_1,L232_0",0.0,0,-0.0,0.0,0,0,NaN
08:55:56,L232,82.62,4,"L232_3,L232_2,L232_1,L232_0",0.0,0,-0.0,0.0,0,0,NaN
08:55:58,L232,82.62,4,"L232_3,L232_2,L232_1,L232_0",0.0,0,-0.0,0.0,0,0,NaN
08:56:00,L232,82.62,4,"L232_3,L232_2,L232_1,L232_0",0.0,0,-0.0,0.0,0,0,NaN
08:56:02,L232,82.62,4,"L232_3,L232_2,L232_1,L232_0",0.0,0,-0.0,0.0,0,0,NaN
08:56:04,L232,82.62,4,"L232_3,L232_2,L232_1,L232_0",0.0,0,-0.0,0.0,0,0,NaN
08:56:06,L232,82.62,4,"L232_3,L232_2,L232_1,L232_0",0.0,0,-0.0,0.0,0,0,NaN
08:56:08,L232,82.62,4,"L232_3,L232_2,L232_1,L232_0",0.0,0,-0.0,0.0,0,0,NaN
08:56:10,L232,82.62,4,"L232_3,L232_2,L232_1,L232_0",0.0,0,-0.0,0.0,0,0,NaN
08:56:12,L232,82.62,4,"L232_3,L232_2,L232_1,L232_0",0.0,0,-0.0,0.0,0,0,NaN
08:56:14,L232,82.62,4,"L232_3,L232_2,L232_1,L232_0",0.0,0,-0.0,0.0,0,0,NaN
08:56:16,L232,82.62,4,"L232_3,L232_2,L232_1,L232_0",0.0,0,-0.0,0.0,0,0,NaN
08:56:18,L232,82.62,4,"L232_3,L232_2,L232_1,L232_0",0.0,0,-0.0,0.0,0,0,NaN
08:56:20,L232,82.62,4,"L232_3,L232_2,L232_1,L232_0",0.0,0,-0.0,0.0,0,0,NaN
08:56:22,L232,82.62,4,"L232_3,L232_2,L232_1,L232_0",0.0,0,-0.0,0.0,0,0,NaN
08:56:24,L232,82.62,4,"L232_3,L232_2,L232_1,L232_0",0.0,0,-0.0,0.0,0,0,NaN
08:56:26,L232,82.62,4,"L232_3,L232_2,L232_1,L232_0",0.0,0,-0.0,0.0,0,0,NaN
08:56:28,L232,82.62,4,"L232_3,L232_2,L232_1,L232_0",0.0,0,-0.0,0.0,0,0,NaN
08:56:30,L232,82.62,4,"L232_3,L232_2,L232_1,L232_0",0.0,0,-0.0,0.0,0,0,NaN
08:56:32,L232,82.62,4,"L232_3,L232_2,L232_1,L232_0",0.0,0,-0.0,0.0,0,0,NaN
08:56:34,L232,82.62,4,"L232_3,L232_2,L232_1,L232_0",0.0,0,-0.0,0.0,0,0,NaN
08:56:36,L232,82.62,4,"L232_3,L232_2,L232_1,L232_0",0.0,0,-0.0,0.0,0,0,NaN
08:56:38,L232,82.62,4,"L232_3,L232_2,L232_1,L232_0",0.0,0,-0.0,0.0,0,0,NaN
08:56:40,L232,82.62,4,"L232_3,L232_2,L232_1,L232_0",0.0,0,-0.0,0.0,0,0,NaN
08:56:42,L232,82.62,4,"L232_3,L232_2,L232_1,L232_0",0.0,0,-0.0,0.0,0,0,NaN
08:56:44,L232,82.62,4,"L232_3,L232_2,L232_1,L232_0",0.0,0,-0.0,0.0,0,0,NaN
08:56:46,L232,82.62,4,"L232_3,L232_2,L232_1,L232_0",0.0,0,-0.0,0.0,0,0,NaN
08:56:48,L232,82.62,4,"L232_3,L232_2,L232_1,L232_0",0.0,0,-0.0,0.0,0,0,NaN
08:56:50,L232,82.62,4,"L232_3,L232_2,L232_1,L232_0",0.0,0,-0.0,0.0,0,0,NaN
08:56:52,L232,82.62,4,"L232_3,L232_2,L232_1,L232_0",0.0,0,-0.0,0.0,0,0,NaN
08:56:54,L232,82.62,4,"L232_3,L232_2,L232_1,L232_0",0.0,0,-0.0,0.0,0,0,NaN
08:56:56,L232,82.62,4,"L232_3,L232_2,L232_1,L232_0",0.0,0,-0.0,0.0,0,0,NaN
08:56:58,L232,82.62,4,"L232_3,L232_2,L232_1,L232_0",0.0,0,-0.0,0.0,0,0,NaN
08:57:00,L232,82.62,4,"L232_3,L232_2,L232_1,L232_0",0.0,0,-0.0,0.0,0,0,NaN
08:57:02,L232,82.62,4,"L232_3,L232_2,L232_1,L232_0",0.0,0,-0.0,0.0,0,0,NaN
08:57:04,L232,82.62,4,"L232_3,L232_2,L232_1,L232_0",0.0,0,-0.0,0.0,0,0,NaN
08:57:06,L232,82.62,4,"L232_3,L232_2,L232_1,L232_0",0.0,0,-0.0,0.0,0,0,NaN
08:57:08,L232,82.62,4,"L232_3,L232_2,L232_1,L232_0",0.0,0,-0.0,0.0,0,0,NaN
08:57:10,L232,82.62,4,"L232_3,L232_2,L232_1,L232_0",0.0,0,-0.0,0.0,0,0,NaN
08:57:12,L232,82.62,4,"L232_3,L232_2,L232_1,L232_0",0.0,0,-0.0,0.0,0,0,NaN
08:57:14,L232,82.62,4,"L232_3,L232_2,L232_1,L232_0",0.0,0,-0.0,0.0,0,0,NaN
08:57:16,L232,82.62,4,"L232_3,L232_2,L232_1,L232_0",0.0,0,-0.0,0.0,0,0,NaN
08:57:18,L232,82.62,4,"L232_3,L232_2,L232_1,L232_0",0.0,0,-0.0,0.0,0,0,NaN
08:57:20,L232,82.62,4,"L232_3,L232_2,L232_1,L232_0",0.0,0,-0.0,0.0,0,0,NaN
08:57:22,L232,82.62,4,"L232_3,L232_2,L232_1,L232_0",0.0,0,-0.0,0.0,0,0,NaN
08:57:24,L232,82.62,4,"L232_3,L232_2,L232_1,L232_0",0.0,0,-0.0,0.0,0,0,NaN
08:57:26,L232,82.62,4,"L232_3,L232_2,L232_1,L232_0",0.0,0,-0.0,0.0,0,0,NaN
08:57:28,L232,82.62,4,"L232_3,L232_2,L232_1,L232_0",0.0,0,-0.0,0.0,0,0,NaN
08:57:30,L232,82.62,4,"L232_3,L232_2,L232_1,L232_0",0.0,0,-0.0,0.0,0,0,NaN
08:57:32,L232,82.62,4,"L232_3,L232_2,L232_1,L232_0",0.0,0,-0.0,0.0,0,0,NaN
08:57:34,L232,82.62,4,"L232_3,L232_2,L232_1,L232_0",0.0,0,-0.0,0.0,0,0,NaN
08:57:36,L232,82.62,4,"L232_3,L232_2,L232_1,L232_0",0.0,0,-0.0,0.0,0,0,NaN
08:57:38,L232,82.62,4,"L232_3,L232_2,L232_1,L232_0",0.0,0,-0.0,0.0,0,0,NaN
08:57:40,L232,82.62,4,"L232_3,L232_2,L232_1,L232_0",0.0,0,-0.0,0.0,0,0,NaN
08:57:42,L232,82.62,4,"L232_3,L232_2,L232_1,L232_0",0.0,0,-0.0,0.0,0,0,NaN
08:57:44,L232,82.62,4,"L232_3,L232_2,L232_1,L232_0",0.0,0,-0.0,0.0,0,0,NaN
08:57:46,L232,82.62,4,"L232_3,L232_2,L232_1,L232_0",0.0,0,-0.0,0.0,0,0,NaN
08:57:48,L232,82.62,4,"L232_3,L232_2,L232_1,L232_0",0.0,0,-0.0,0.0,0,0,NaN
08:57:50,L232,82.62,4,"L232_3,L232_2,L232_1,L232_0",0.0,0,-0.0,0.0,0,0,NaN
08:57:52,L232,82.62,4,"L232_3,L232_2,L232_1,L232_0",0.0,0,-0.0,0.0,0,0,NaN
08:57:54,L232,82.62,4,"L232_3,L232_2,L232_1,L232_0",0.0,0,-0.0,0.0,0,0,NaN
08:57:56,L232,82.62,4,"L232_3,L232_2,L232_1,L232_0",0.0,0,-0.0,0.0,0,0,NaN
08:57:58,L232,82.62,4,"L232_3,L232_2,L232_1,L232_0",0.0,0,-0.0,0.0,0,0,NaN
08:58:00,L232,82.62,4,"L232_3,L232_2,L232_1,L232_0",0.0,0,-0.0,0.0,0,0,NaN
08:58:02,L232,82.62,4,"L232_3,L232_2,L232_1,L232_0",0.0,0,-0.0,0.0,0,0,NaN
08:58:04,L232,82.62,4,"L232_3,L232_2,L232_1,L232_0",0.0,0,-0.0,0.0,0,0,NaN
08:58:06,L232,82.62,4,"L232_3,L232_2,L232_1,L232_0",0.0,0,-0.0,0.0,0,0,NaN
08:58:08,L232,82.62,4,"L232_3,L232_2,L232_1,L232_0",0.0,0,-0.0,0.0,0,0,NaN
08:58:10,L232,82.62,4,"L232_3,L232_2,L232_1,L232_0",0.0,0,-0.0,0.0,0,0,NaN
08:58:12,L232,82.62,4,"L232_3,L232_2,L232_1,L232_0",0.0,0,-0.0,0.0,0,0,NaN
08:58:14,L232,82.62,4,"L232_3,L232_2,L232_1,L232_0",0.0,0,-0.0,0.0,0,0,NaN
08:58:16,L232,82.62,4,"L232_3,L232_2,L232_1,L232_0",0.0,0,-0.0,0.0,0,0,NaN
08:58:18,L232,82.62,4,"L232_3,L232_2,L232_1,L232_0",0.0,0,-0.0,0.0,0,0,NaN
08:58:20,L232,82.62,4,"L232_3,L232_2,L232_1,L232_0",0.0,0,-0.0,0.0,0,0,NaN
08:58:22,L232,82.62,4,"L232_3,L232_2,L232_1,L232_0",0.0,0,-0.0,0.0,0,0,NaN
08:58:24,L232,82.62,4,"L232_3,L232_2,L232_1,L232_0",0.0,0,-0.0,0.0,0,0,NaN
08:58:26,L232,82.62,4,"L232_3,L232_2,L232_1,L232_0",0.0,0,-0.0,0.0,0,0,NaN
08:58:28,L232,82.62,4,"L232_3,L232_2,L232_1,L232_0",0.0,0,-0.0,0.0,0,0,NaN
08:58:30,L232,82.62,4,"L232_3,L232_2,L232_1,L232_0",0.0,0,-0.0,0.0,0,0,NaN
08:58:32,L232,82.62,4,"L232_3,L232_2,L232_1,L232_0",0.0,0,-0.0,0.0,0,0,NaN
08:58:34,L232,82.62,4,"L232_3,L232_2,L232_1,L232_0",0.0,0,-0.0,0.0,0,0,NaN
08:58:36,L232,82.62,4,"L232_3,L232_2,L232_1,L232_0",0.0,0,-0.0,0.0,0,0,NaN
08:58:38,L232,82.62,4,"L232_3,L232_2,L232_1,L232_0",0.0,0,-0.0,0.0,0,0,NaN
08:58:40,L232,82.62,4,"L232_3,L232_2,L232_1,L232_0",0.0,0,-0.0,0.0,0,0,NaN
08:58:42,L232,82.62,4,"L232_3,L232_2,L232_1,L232_0",0.0,0,-0.0,0.0,0,0,NaN
08:58:44,L232,82.62,4,"L232_3,L232_2,L232_1,L232_0",0.0,0,-0.0,0.0,0,0,NaN
08:58:46,L232,82.62,4,"L232_3,L232_2,L232_1,L232_0",0.0,0,-0.0,0.0,0,0,NaN
08:58:48,L232,82.62,4,"L232_3,L232_2,L232_1,L232_0",0.0,0,-0.0,0.0,0,0,NaN
08:58:50,L232,82.62,4,"L232_3,L232_2,L232_1,L232_0",0.0,0,-0.0,0.0,0,0,NaN
08:58:52,L232,82.62,4,"L232_3,L232_2,L232_1,L232_0",0.0,0,-0.0,0.0,0,0,NaN
08:58:54,L232,82.62,4,"L232_3,L232_2,L232_1,L232_0",0.0,0,-0.0,0.0,0,0,NaN
08:58:56,L232,82.62,4,"L232_3,L232_2,L232_1,L232_0",0.0,0,-0.0,0.0,0,0,NaN
08:58:58,L232,82.62,4,"L232_3,L232_2,L232_1,L232_0",0.0,0,-0.0,0.0,0,0,NaN
08:59:00,L232,82.62,4,"L232_3,L232_2,L232_1,L232_0",0.0,0,-0.0,0.0,0,0,NaN
08:59:02,L232,82.62,4,"L232_3,L232_2,L232_1,L232_0",0.0,0,-0.0,0.0,0,0,NaN
08:59:04,L232,82.62,4,"L232_3,L232_2,L232_1,L232_0",0.0,0,-0.0,0.0,0,0,NaN
08:59:06,L232,82.62,4,"L232_3,L232_2,L232_1,L232_0",0.0,0,-0.0,0.0,0,0,NaN
08:59:08,L232,82.62,4,"L232_3,L232_2,L232_1,L232_0",0.0,0,-0.0,0.0,0,0,NaN
08:59:10,L232,82.62,4,"L232_3,L232_2,L232_1,L232_0",0.0,0,-0.0,0.0,0,0,NaN
08:59:12,L232,82.62,4,"L232_3,L232_2,L232_1,L232_0",0.0,0,-0.0,0.0,0,0,NaN
08:59:14,L232,82.62,4,"L232_3,L232_2,L232_1,L232_0",0.0,0,-0.0,0.0,0,0,NaN
08:59:16,L232,82.62,4,"L232_3,L232_2,L232_1,L232_0",0.0,0,-0.0,0.0,0,0,NaN
08:59:18,L232,82.62,4,"L232_3,L232_2,L232_1,L232_0",0.0,0,-0.0,0.0,0,0,NaN
08:59:20,L232,82.62,4,"L232_3,L232_2,L232_1,L232_0",0.0,0,-0.0,0.0,0,0,NaN
08:59:22,L232,82.62,4,"L232_3,L232_2,L232_1,L232_0",0.0,0,-0.0,0.0,0,0,NaN
08:59:24,L232,82.62,4,"L232_3,L232_2,L232_1,L232_0",0.0,0,-0.0,0.0,0,0,NaN
08:59:26,L232,82.62,4,"L232_3,L232_2,L232_1,L232_0",0.0,0,-0.0,0.0,0,0,NaN
08:59:28,L232,82.62,4,"L232_3,L232_2,L232_1,L232_0",0.0,0,-0.0,0.0,0,0,NaN
08:59:30,L232,82.62,4,"L232_3,L232_2,L232_1,L232_0",0.0,0,-0.0,0.0,0,0,NaN
08:59:32,L232,82.62,4,"L232_3,L232_2,L232_1,L232_0",0.0,0,-0.0,0.0,0,0,NaN
08:59:34,L232,82.62,4,"L232_3,L232_2,L232_1,L232_0",0.0,0,-0.0,0.0,0,0,NaN
08:59:36,L232,82.62,4,"L232_3,L232_2,L232_1,L232_0",0.0,0,-0.0,0.0,0,0,NaN
08:59:38,L232,82.62,4,"L232_3,L232_2,L232_1,L232_0",0.0,0,-0.0,0.0,0,0,NaN
08:59:40,L232,82.62,4,"L232_3,L232_2,L232_1,L232_0",0.0,0,-0.0,0.0,0,0,NaN
08:59:42,L232,82.62,4,"L232_3,L232_2,L232_1,L232_0",0.0,0,-0.0,0.0,0,0,NaN
08:59:44,L232,82.62,4,"L232_3,L232_2,L232_1,L232_0",0.0,0,-0.0,0.0,0,0,NaN
08:59:46,L232,82.62,4,"L232_3,L232_2,L232_1,L232_0",0.0,0,-0.0,0.0,0,0,NaN
08:59:48,L232,82.62,4,"L232_3,L232_2,L232_1,L232_0",0.0,0,-0.0,0.0,0,0,NaN
08:59:50,L232,82.62,4,"L232_3,L232_2,L232_1,L232_0",0.0,0,-0.0,0.0,0,0,NaN
08:59:52,L232,82.62,4,"L232_3,L232_2,L232_1,L232_0",0.0,0,-0.0,0.0,0,0,NaN
08:59:54,L232,82.62,4,"L232_3,L232_2,L232_1,L232_0",0.0,0,-0.0,0.0,0,0,NaN
08:59:56,L232,82.62,4,"L232_3,L232_2,L232_1,L232_0",0.0,0,-0.0,0.0,0,0,NaN
08:59:58,L232,82.62,4,"L232_3,L232_2,L232_1,L232_0",0.0,0,-0.0,0.0,0,0,NaN
09:00:00,L232,82.62,4,"L232_3,L232_2,L232_1,L232_0",0.0,0,-0.0,0.0,0,0,NaN
09:00:01,L232,82.62,4,"L232_3,L232_2,L232_1,L232_0",0.0,0,-0.0,0.0,0,0,NaN
